COD_ARMADOR,COD_LOCAL_ORIGENS,COD_LOCAL_DESTINOS,MIN_INTAKE,MAX_INTAKE,FRETE_POR_TON,TEMPO_IDA,TEMPO_IDA_VOLTA
COLOMBO,Portocel,Rlyeh;Dornfall,58000,58000,"48,3862246",2,3
COLOMBO,Portocel,Rlyeh;Dornfall;Promethea;Nassauia,58000,58000,"50,93514235",2,3
COLOMBO,Portocel,Rlyeh;Dornfall;Promethea;Yjigar,58000,58000,"50,93514235",2,3
COLOMBO,Portocel,Rlyeh;Dornfall;Promethea;Zuldazar,58000,58000,"50,93514235",2,3
COLOMBO,Portocel,Rlyeh;Dornfall;Ichoris;Nassauia,58000,58000,"50,50224192",2,3
COLOMBO,Portocel,Rlyeh;Dornfall;Ichoris;Yjigar,58000,58000,"50,50224192",2,3
COLOMBO,Portocel,Rlyeh;Dornfall;Ichoris;Zuldazar,58000,58000,"50,50224192",2,3
COLOMBO,Portocel,Rlyeh;Dornfall;Askr;Nassauia,58000,58000,"50,44812936",2,3
COLOMBO,Portocel,Rlyeh;Dornfall;Askr;Yjigar,58000,58000,"50,44812936",2,3
COLOMBO,Portocel,Rlyeh;Dornfall;Askr;Zuldazar,58000,58000,"50,44812936",2,3
COLOMBO,Portocel,Rlyeh;Dornfall;Seireitei,58000,58000,"50,03990425",2,3
COLOMBO,Portocel,Rlyeh;Dornfall;Seireitei;Nassauia,58000,58000,"51,29921161",2,3
COLOMBO,Portocel,Rlyeh;Dornfall;Seireitei;Yjigar,58000,58000,"51,29921161",2,3
COLOMBO,Portocel,Rlyeh;Dornfall;Seireitei;Zuldazar,58000,58000,"51,29921161",2,3
COLOMBO,Portocel,Rlyeh;Dornfall;Nassauia,58000,58000,"49,63297785",2,3
COLOMBO,Portocel,Rlyeh;Dornfall;Nassauia;Namek,58000,58000,"50,97843239",2,3
COLOMBO,Portocel,Rlyeh;Dornfall;Nassauia;Konoha,58000,58000,"50,44033716",2,3
COLOMBO,Portocel,Rlyeh;Dornfall;Nassauia;Ulthar,58000,58000,"51,29921161",2,3
COLOMBO,Portocel,Rlyeh;Dornfall;Nassauia;Lothlorien,58000,58000,"50,44033716",2,3
COLOMBO,Portocel,Rlyeh;Dornfall;Ngorim;Nassauia,58000,58000,"50,37540209",2,3
COLOMBO,Portocel,Rlyeh;Dornfall;Ngorim;Yjigar,58000,58000,"50,37540209",2,3
COLOMBO,Portocel,Rlyeh;Dornfall;Ngorim;Zuldazar,58000,58000,"50,37540209",2,3
COLOMBO,Portocel,Rlyeh;Dornfall;Namek;Yjigar,58000,58000,"50,97843239",2,3
COLOMBO,Portocel,Rlyeh;Dornfall;Namek;Zuldazar,58000,58000,"50,97843239",2,3
COLOMBO,Portocel,Rlyeh;Dornfall;Konoha;Yjigar,58000,58000,"50,44033716",2,3
COLOMBO,Portocel,Rlyeh;Dornfall;Konoha;Zuldazar,58000,58000,"50,44033716",2,3
COLOMBO,Portocel,Rlyeh;Dornfall;Ulthar,58000,58000,"50,03990425",2,3
COLOMBO,Portocel,Rlyeh;Dornfall;Ulthar;Yjigar,58000,58000,"51,29921161",2,3
COLOMBO,Portocel,Rlyeh;Dornfall;Ulthar;Zuldazar,58000,58000,"51,29921161",2,3
COLOMBO,Portocel,Rlyeh;Dornfall;Lothlorien;Yjigar,58000,58000,"50,44033716",2,3
COLOMBO,Portocel,Rlyeh;Dornfall;Lothlorien;Zuldazar,58000,58000,"50,44033716",2,3
COLOMBO,Portocel,Rlyeh;Dornfall;Yjigar,58000,58000,"49,63297785",2,3
COLOMBO,Portocel,Rlyeh;Dornfall;Zuldazar,58000,58000,"49,63297785",2,3
COLOMBO,Portocel,Rlyeh;Deliora,58000,58000,"49,1870904",2,3
COLOMBO,Portocel,Rlyeh;Deliora;Promethea;Nassauia,58000,58000,"51,73600815",2,3
COLOMBO,Portocel,Rlyeh;Deliora;Promethea;Yjigar,58000,58000,"51,73600815",2,3
COLOMBO,Portocel,Rlyeh;Deliora;Promethea;Zuldazar,58000,58000,"51,73600815",2,3
COLOMBO,Portocel,Rlyeh;Deliora;Ichoris;Nassauia,58000,58000,"51,30310772",2,3
COLOMBO,Portocel,Rlyeh;Deliora;Ichoris;Yjigar,58000,58000,"51,30310772",2,3
COLOMBO,Portocel,Rlyeh;Deliora;Ichoris;Zuldazar,58000,58000,"51,30310772",2,3
COLOMBO,Portocel,Rlyeh;Deliora;Askr;Nassauia,58000,58000,"51,24899516",2,3
COLOMBO,Portocel,Rlyeh;Deliora;Askr;Yjigar,58000,58000,"51,24899516",2,3
COLOMBO,Portocel,Rlyeh;Deliora;Askr;Zuldazar,58000,58000,"51,24899516",2,3
COLOMBO,Portocel,Rlyeh;Deliora;Seireitei,58000,58000,"50,84077006",2,3
COLOMBO,Portocel,Rlyeh;Deliora;Seireitei;Nassauia,58000,58000,"52,10007742",2,3
COLOMBO,Portocel,Rlyeh;Deliora;Seireitei;Yjigar,58000,58000,"52,10007742",2,3
COLOMBO,Portocel,Rlyeh;Deliora;Seireitei;Zuldazar,58000,58000,"52,10007742",2,3
COLOMBO,Portocel,Rlyeh;Deliora;Nassauia,58000,58000,"50,43384365",2,3
COLOMBO,Portocel,Rlyeh;Deliora;Nassauia;Namek,58000,58000,"51,77929819",2,3
COLOMBO,Portocel,Rlyeh;Deliora;Nassauia;Konoha,58000,58000,"51,24120296",2,3
COLOMBO,Portocel,Rlyeh;Deliora;Nassauia;Ulthar,58000,58000,"52,10007742",2,3
COLOMBO,Portocel,Rlyeh;Deliora;Nassauia;Lothlorien,58000,58000,"51,24120296",2,3
COLOMBO,Portocel,Rlyeh;Deliora;Ngorim;Nassauia,58000,58000,"51,17626789",2,3
COLOMBO,Portocel,Rlyeh;Deliora;Ngorim;Yjigar,58000,58000,"51,17626789",2,3
COLOMBO,Portocel,Rlyeh;Deliora;Ngorim;Zuldazar,58000,58000,"51,17626789",2,3
COLOMBO,Portocel,Rlyeh;Deliora;Namek;Yjigar,58000,58000,"51,77929819",2,3
COLOMBO,Portocel,Rlyeh;Deliora;Namek;Zuldazar,58000,58000,"51,77929819",2,3
COLOMBO,Portocel,Rlyeh;Deliora;Konoha;Yjigar,58000,58000,"51,24120296",2,3
COLOMBO,Portocel,Rlyeh;Deliora;Konoha;Zuldazar,58000,58000,"51,24120296",2,3
COLOMBO,Portocel,Rlyeh;Deliora;Ulthar,58000,58000,"50,84077006",2,3
COLOMBO,Portocel,Rlyeh;Deliora;Ulthar;Yjigar,58000,58000,"52,10007742",2,3
COLOMBO,Portocel,Rlyeh;Deliora;Ulthar;Zuldazar,58000,58000,"52,10007742",2,3
COLOMBO,Portocel,Rlyeh;Deliora;Lothlorien;Yjigar,58000,58000,"51,24120296",2,3
COLOMBO,Portocel,Rlyeh;Deliora;Lothlorien;Zuldazar,58000,58000,"51,24120296",2,3
COLOMBO,Portocel,Rlyeh;Deliora;Yjigar,58000,58000,"50,43384365",2,3
COLOMBO,Portocel,Rlyeh;Deliora;Zuldazar,58000,58000,"50,43384365",2,3
COLOMBO,Portocel,Rlyeh;Promethea;Lyngard;Nassauia,58000,58000,"51,71436313",2,3
COLOMBO,Portocel,Rlyeh;Promethea;Lyngard;Yjigar,58000,58000,"51,71436313",2,3
COLOMBO,Portocel,Rlyeh;Promethea;Lyngard;Zuldazar,58000,58000,"51,71436313",2,3
COLOMBO,Portocel,Rlyeh;Promethea;Nassauia;Tahlenwald,58000,58000,"51,71436313",2,3
COLOMBO,Portocel,Rlyeh;Promethea;Nassauia;Dirtmouth,58000,58000,"51,80094322",2,3
COLOMBO,Portocel,Rlyeh;Promethea;Nassauia;Marineford,58000,58000,"51,71436313",2,3
COLOMBO,Portocel,Rlyeh;Promethea;Tahlenwald;Yjigar,58000,58000,"51,71436313",2,3
COLOMBO,Portocel,Rlyeh;Promethea;Tahlenwald;Zuldazar,58000,58000,"51,71436313",2,3
COLOMBO,Portocel,Rlyeh;Promethea;Dirtmouth;Yjigar,58000,58000,"51,80094322",2,3
COLOMBO,Portocel,Rlyeh;Promethea;Dirtmouth;Zuldazar,58000,58000,"51,80094322",2,3
COLOMBO,Portocel,Rlyeh;Promethea;Marineford;Yjigar,58000,58000,"51,71436313",2,3
COLOMBO,Portocel,Rlyeh;Promethea;Marineford;Zuldazar,58000,58000,"51,71436313",2,3
COLOMBO,Portocel,Rlyeh;Ichoris;Lyngard;Nassauia,58000,58000,"51,2814627",2,3
COLOMBO,Portocel,Rlyeh;Ichoris;Lyngard;Yjigar,58000,58000,"51,2814627",2,3
COLOMBO,Portocel,Rlyeh;Ichoris;Lyngard;Zuldazar,58000,58000,"51,2814627",2,3
COLOMBO,Portocel,Rlyeh;Ichoris;Nassauia;Tahlenwald,58000,58000,"51,2814627",2,3
COLOMBO,Portocel,Rlyeh;Ichoris;Nassauia;Dirtmouth,58000,58000,"51,36804278",2,3
COLOMBO,Portocel,Rlyeh;Ichoris;Nassauia;Marineford,58000,58000,"51,2814627",2,3
COLOMBO,Portocel,Rlyeh;Ichoris;Tahlenwald;Yjigar,58000,58000,"51,2814627",2,3
COLOMBO,Portocel,Rlyeh;Ichoris;Tahlenwald;Zuldazar,58000,58000,"51,2814627",2,3
COLOMBO,Portocel,Rlyeh;Ichoris;Dirtmouth;Yjigar,58000,58000,"51,36804278",2,3
COLOMBO,Portocel,Rlyeh;Ichoris;Dirtmouth;Zuldazar,58000,58000,"51,36804278",2,3
COLOMBO,Portocel,Rlyeh;Ichoris;Marineford;Yjigar,58000,58000,"51,2814627",2,3
COLOMBO,Portocel,Rlyeh;Ichoris;Marineford;Zuldazar,58000,58000,"51,2814627",2,3
COLOMBO,Portocel,Rlyeh;Askr,58000,58000,"48,14380036",2,3
COLOMBO,Portocel,Rlyeh;Askr;Lyngard;Nassauia,58000,58000,"51,22735014",2,3
COLOMBO,Portocel,Rlyeh;Askr;Lyngard;Yjigar,58000,58000,"51,22735014",2,3
COLOMBO,Portocel,Rlyeh;Askr;Lyngard;Zuldazar,58000,58000,"51,22735014",2,3
COLOMBO,Portocel,Rlyeh;Askr;Nassauia,58000,58000,"49,1896878",2,3
COLOMBO,Portocel,Rlyeh;Askr;Nassauia;Tahlenwald,58000,58000,"51,22735014",2,3
COLOMBO,Portocel,Rlyeh;Askr;Nassauia;Dirtmouth,58000,58000,"51,31393023",2,3
COLOMBO,Portocel,Rlyeh;Askr;Nassauia;Marineford,58000,58000,"51,22735014",2,3
COLOMBO,Portocel,Rlyeh;Askr;Tahlenwald;Yjigar,58000,58000,"51,22735014",2,3
COLOMBO,Portocel,Rlyeh;Askr;Tahlenwald;Zuldazar,58000,58000,"51,22735014",2,3
COLOMBO,Portocel,Rlyeh;Askr;Dirtmouth;Yjigar,58000,58000,"51,31393023",2,3
COLOMBO,Portocel,Rlyeh;Askr;Dirtmouth;Zuldazar,58000,58000,"51,31393023",2,3
COLOMBO,Portocel,Rlyeh;Askr;Marineford;Yjigar,58000,58000,"51,22735014",2,3
COLOMBO,Portocel,Rlyeh;Askr;Marineford;Zuldazar,58000,58000,"51,22735014",2,3
COLOMBO,Portocel,Rlyeh;Askr;Yjigar,58000,58000,"49,1896878",2,3
COLOMBO,Portocel,Rlyeh;Askr;Zuldazar,58000,58000,"49,1896878",2,3
COLOMBO,Portocel,Rlyeh;Lyngard,58000,58000,"49,16544538",2,3
COLOMBO,Portocel,Rlyeh;Lyngard;Seireitei,58000,58000,"50,81912503",2,3
COLOMBO,Portocel,Rlyeh;Lyngard;Seireitei;Nassauia,58000,58000,"52,07843239",2,3
COLOMBO,Portocel,Rlyeh;Lyngard;Seireitei;Yjigar,58000,58000,"52,07843239",2,3
COLOMBO,Portocel,Rlyeh;Lyngard;Seireitei;Zuldazar,58000,58000,"52,07843239",2,3
COLOMBO,Portocel,Rlyeh;Lyngard;Nassauia,58000,58000,"50,41219863",2,3
COLOMBO,Portocel,Rlyeh;Lyngard;Nassauia;Namek,58000,58000,"51,75765317",2,3
COLOMBO,Portocel,Rlyeh;Lyngard;Nassauia;Konoha,58000,58000,"51,21955793",2,3
COLOMBO,Portocel,Rlyeh;Lyngard;Nassauia;Ulthar,58000,58000,"52,07843239",2,3
COLOMBO,Portocel,Rlyeh;Lyngard;Nassauia;Lothlorien,58000,58000,"51,21955793",2,3
COLOMBO,Portocel,Rlyeh;Lyngard;Ngorim;Nassauia,58000,58000,"51,15462287",2,3
COLOMBO,Portocel,Rlyeh;Lyngard;Ngorim;Yjigar,58000,58000,"51,15462287",2,3
COLOMBO,Portocel,Rlyeh;Lyngard;Ngorim;Zuldazar,58000,58000,"51,15462287",2,3
COLOMBO,Portocel,Rlyeh;Lyngard;Namek;Yjigar,58000,58000,"51,75765317",2,3
COLOMBO,Portocel,Rlyeh;Lyngard;Namek;Zuldazar,58000,58000,"51,75765317",2,3
COLOMBO,Portocel,Rlyeh;Lyngard;Konoha;Yjigar,58000,58000,"51,21955793",2,3
COLOMBO,Portocel,Rlyeh;Lyngard;Konoha;Zuldazar,58000,58000,"51,21955793",2,3
COLOMBO,Portocel,Rlyeh;Lyngard;Ulthar,58000,58000,"50,81912503",2,3
COLOMBO,Portocel,Rlyeh;Lyngard;Ulthar;Yjigar,58000,58000,"52,07843239",2,3
COLOMBO,Portocel,Rlyeh;Lyngard;Ulthar;Zuldazar,58000,58000,"52,07843239",2,3
COLOMBO,Portocel,Rlyeh;Lyngard;Lothlorien;Yjigar,58000,58000,"51,21955793",2,3
COLOMBO,Portocel,Rlyeh;Lyngard;Lothlorien;Zuldazar,58000,58000,"51,21955793",2,3
COLOMBO,Portocel,Rlyeh;Lyngard;Yjigar,58000,58000,"50,41219863",2,3
COLOMBO,Portocel,Rlyeh;Lyngard;Zuldazar,58000,58000,"50,41219863",2,3
COLOMBO,Portocel,Rlyeh;Seireitei,58000,58000,"48,99488261",2,3
COLOMBO,Portocel,Rlyeh;Seireitei;Nassauia;Tahlenwald,58000,58000,"52,07843239",2,3
COLOMBO,Portocel,Rlyeh;Seireitei;Nassauia;Dirtmouth,58000,58000,"52,16501248",2,3
COLOMBO,Portocel,Rlyeh;Seireitei;Nassauia;Marineford,58000,58000,"52,07843239",2,3
COLOMBO,Portocel,Rlyeh;Seireitei;Tahlenwald,58000,58000,"50,81912503",2,3
COLOMBO,Portocel,Rlyeh;Seireitei;Tahlenwald;Yjigar,58000,58000,"52,07843239",2,3
COLOMBO,Portocel,Rlyeh;Seireitei;Tahlenwald;Zuldazar,58000,58000,"52,07843239",2,3
COLOMBO,Portocel,Rlyeh;Seireitei;Dirtmouth,58000,58000,"50,90570512",2,3
COLOMBO,Portocel,Rlyeh;Seireitei;Dirtmouth;Yjigar,58000,58000,"52,16501248",2,3
COLOMBO,Portocel,Rlyeh;Seireitei;Dirtmouth;Zuldazar,58000,58000,"52,16501248",2,3
COLOMBO,Portocel,Rlyeh;Seireitei;Marineford,58000,58000,"50,81912503",2,3
COLOMBO,Portocel,Rlyeh;Seireitei;Marineford;Yjigar,58000,58000,"52,07843239",2,3
COLOMBO,Portocel,Rlyeh;Seireitei;Marineford;Zuldazar,58000,58000,"52,07843239",2,3
COLOMBO,Portocel,Rlyeh;Nassauia,58000,58000,"48,3870904",2,3
COLOMBO,Portocel,Rlyeh;Nassauia;Namek;Tahlenwald,58000,58000,"51,75765317",2,3
COLOMBO,Portocel,Rlyeh;Nassauia;Namek;Dirtmouth,58000,58000,"51,84423326",2,3
COLOMBO,Portocel,Rlyeh;Nassauia;Namek;Marineford,58000,58000,"51,75765317",2,3
COLOMBO,Portocel,Rlyeh;Nassauia;Tahlenwald,58000,58000,"50,41219863",2,3
COLOMBO,Portocel,Rlyeh;Nassauia;Tahlenwald;Konoha,58000,58000,"51,21955793",2,3
COLOMBO,Portocel,Rlyeh;Nassauia;Tahlenwald;Ulthar,58000,58000,"52,07843239",2,3
COLOMBO,Portocel,Rlyeh;Nassauia;Tahlenwald;Lothlorien,58000,58000,"51,21955793",2,3
COLOMBO,Portocel,Rlyeh;Nassauia;Dirtmouth,58000,58000,"50,49877871",2,3
COLOMBO,Portocel,Rlyeh;Nassauia;Dirtmouth;Konoha,58000,58000,"51,30613802",2,3
COLOMBO,Portocel,Rlyeh;Nassauia;Dirtmouth;Ulthar,58000,58000,"52,16501248",2,3
COLOMBO,Portocel,Rlyeh;Nassauia;Dirtmouth;Lothlorien,58000,58000,"51,30613802",2,3
COLOMBO,Portocel,Rlyeh;Nassauia;Konoha,58000,58000,"49,45808607",2,3
COLOMBO,Portocel,Rlyeh;Nassauia;Konoha;Marineford,58000,58000,"51,21955793",2,3
COLOMBO,Portocel,Rlyeh;Nassauia;Marineford,58000,58000,"50,41219863",2,3
COLOMBO,Portocel,Rlyeh;Nassauia;Marineford;Ulthar,58000,58000,"52,07843239",2,3
COLOMBO,Portocel,Rlyeh;Nassauia;Marineford;Lothlorien,58000,58000,"51,21955793",2,3
COLOMBO,Portocel,Rlyeh;Nassauia;Lothlorien,58000,58000,"49,45808607",2,3
COLOMBO,Portocel,Rlyeh;Ngorim;Nassauia,58000,58000,"49,39315101",2,3
COLOMBO,Portocel,Rlyeh;Ngorim;Nassauia;Tahlenwald,58000,58000,"51,15462287",2,3
COLOMBO,Portocel,Rlyeh;Ngorim;Nassauia;Dirtmouth,58000,58000,"51,24120296",2,3
COLOMBO,Portocel,Rlyeh;Ngorim;Nassauia;Marineford,58000,58000,"51,15462287",2,3
COLOMBO,Portocel,Rlyeh;Ngorim;Tahlenwald;Yjigar,58000,58000,"51,15462287",2,3
COLOMBO,Portocel,Rlyeh;Ngorim;Tahlenwald;Zuldazar,58000,58000,"51,15462287",2,3
COLOMBO,Portocel,Rlyeh;Ngorim;Dirtmouth;Yjigar,58000,58000,"51,24120296",2,3
COLOMBO,Portocel,Rlyeh;Ngorim;Dirtmouth;Zuldazar,58000,58000,"51,24120296",2,3
COLOMBO,Portocel,Rlyeh;Ngorim;Marineford;Yjigar,58000,58000,"51,15462287",2,3
COLOMBO,Portocel,Rlyeh;Ngorim;Marineford;Zuldazar,58000,58000,"51,15462287",2,3
COLOMBO,Portocel,Rlyeh;Ngorim;Yjigar,58000,58000,"49,39315101",2,3
COLOMBO,Portocel,Rlyeh;Ngorim;Zuldazar,58000,58000,"49,39315101",2,3
COLOMBO,Portocel,Rlyeh;Namek;Tahlenwald;Yjigar,58000,58000,"51,75765317",2,3
COLOMBO,Portocel,Rlyeh;Namek;Tahlenwald;Zuldazar,58000,58000,"51,75765317",2,3
COLOMBO,Portocel,Rlyeh;Namek;Dirtmouth;Yjigar,58000,58000,"51,84423326",2,3
COLOMBO,Portocel,Rlyeh;Namek;Dirtmouth;Zuldazar,58000,58000,"51,84423326",2,3
COLOMBO,Portocel,Rlyeh;Namek;Marineford;Yjigar,58000,58000,"51,75765317",2,3
COLOMBO,Portocel,Rlyeh;Namek;Marineford;Zuldazar,58000,58000,"51,75765317",2,3
COLOMBO,Portocel,Rlyeh;Tahlenwald,58000,58000,"49,16544538",2,3
COLOMBO,Portocel,Rlyeh;Tahlenwald;Konoha;Yjigar,58000,58000,"51,21955793",2,3
COLOMBO,Portocel,Rlyeh;Tahlenwald;Konoha;Zuldazar,58000,58000,"51,21955793",2,3
COLOMBO,Portocel,Rlyeh;Tahlenwald;Ulthar,58000,58000,"50,81912503",2,3
COLOMBO,Portocel,Rlyeh;Tahlenwald;Ulthar;Yjigar,58000,58000,"52,07843239",2,3
COLOMBO,Portocel,Rlyeh;Tahlenwald;Ulthar;Zuldazar,58000,58000,"52,07843239",2,3
COLOMBO,Portocel,Rlyeh;Tahlenwald;Lothlorien;Yjigar,58000,58000,"51,21955793",2,3
COLOMBO,Portocel,Rlyeh;Tahlenwald;Lothlorien;Zuldazar,58000,58000,"51,21955793",2,3
COLOMBO,Portocel,Rlyeh;Tahlenwald;Yjigar,58000,58000,"50,41219863",2,3
COLOMBO,Portocel,Rlyeh;Tahlenwald;Zuldazar,58000,58000,"50,41219863",2,3
COLOMBO,Portocel,Rlyeh;Dirtmouth,58000,58000,"49,25202547",2,3
COLOMBO,Portocel,Rlyeh;Dirtmouth;Konoha;Yjigar,58000,58000,"51,30613802",2,3
COLOMBO,Portocel,Rlyeh;Dirtmouth;Konoha;Zuldazar,58000,58000,"51,30613802",2,3
COLOMBO,Portocel,Rlyeh;Dirtmouth;Ulthar,58000,58000,"50,90570512",2,3
COLOMBO,Portocel,Rlyeh;Dirtmouth;Ulthar;Yjigar,58000,58000,"52,16501248",2,3
COLOMBO,Portocel,Rlyeh;Dirtmouth;Ulthar;Zuldazar,58000,58000,"52,16501248",2,3
COLOMBO,Portocel,Rlyeh;Dirtmouth;Lothlorien;Yjigar,58000,58000,"51,30613802",2,3
COLOMBO,Portocel,Rlyeh;Dirtmouth;Lothlorien;Zuldazar,58000,58000,"51,30613802",2,3
COLOMBO,Portocel,Rlyeh;Dirtmouth;Yjigar,58000,58000,"50,49877871",2,3
COLOMBO,Portocel,Rlyeh;Dirtmouth;Zuldazar,58000,58000,"50,49877871",2,3
COLOMBO,Portocel,Rlyeh;Konoha;Marineford;Yjigar,58000,58000,"51,21955793",2,3
COLOMBO,Portocel,Rlyeh;Konoha;Marineford;Zuldazar,58000,58000,"51,21955793",2,3
COLOMBO,Portocel,Rlyeh;Konoha;Yjigar,58000,58000,"49,45808607",2,3
COLOMBO,Portocel,Rlyeh;Konoha;Zuldazar,58000,58000,"49,45808607",2,3
COLOMBO,Portocel,Rlyeh;Marineford,58000,58000,"49,16544538",2,3
COLOMBO,Portocel,Rlyeh;Marineford;Ulthar,58000,58000,"50,81912503",2,3
COLOMBO,Portocel,Rlyeh;Marineford;Ulthar;Yjigar,58000,58000,"52,07843239",2,3
COLOMBO,Portocel,Rlyeh;Marineford;Ulthar;Zuldazar,58000,58000,"52,07843239",2,3
COLOMBO,Portocel,Rlyeh;Marineford;Lothlorien;Yjigar,58000,58000,"51,21955793",2,3
COLOMBO,Portocel,Rlyeh;Marineford;Lothlorien;Zuldazar,58000,58000,"51,21955793",2,3
COLOMBO,Portocel,Rlyeh;Marineford;Yjigar,58000,58000,"50,41219863",2,3
COLOMBO,Portocel,Rlyeh;Marineford;Zuldazar,58000,58000,"50,41219863",2,3
COLOMBO,Portocel,Rlyeh;Ulthar,58000,58000,"48,99488261",2,3
COLOMBO,Portocel,Rlyeh;Lothlorien;Yjigar,58000,58000,"49,45808607",2,3
COLOMBO,Portocel,Rlyeh;Lothlorien;Zuldazar,58000,58000,"49,45808607",2,3
COLOMBO,Portocel,Rlyeh;Yjigar,58000,58000,"48,3870904",2,3
COLOMBO,Portocel,Rlyeh;Zuldazar,58000,58000,"48,3870904",2,3
COLOMBO,Portocel,Dornfall;Promethea,58000,58000,"37,94764787",2,3
COLOMBO,Portocel,Dornfall;Promethea;Nassauia;Konoha,58000,58000,"40,31385477",2,3
COLOMBO,Portocel,Dornfall;Promethea;Nassauia;Lothlorien,58000,58000,"40,31385477",2,3
COLOMBO,Portocel,Dornfall;Promethea;Ngorim;Nassauia,58000,58000,"40,26213063",2,3
COLOMBO,Portocel,Dornfall;Promethea;Ngorim;Yjigar,58000,58000,"40,26213063",2,3
COLOMBO,Portocel,Dornfall;Promethea;Ngorim;Zuldazar,58000,58000,"40,26213063",2,3
COLOMBO,Portocel,Dornfall;Promethea;Konoha;Yjigar,58000,58000,"40,31385477",2,3
COLOMBO,Portocel,Dornfall;Promethea;Konoha;Zuldazar,58000,58000,"40,31385477",2,3
COLOMBO,Portocel,Dornfall;Promethea;Lothlorien;Yjigar,58000,58000,"40,31385477",2,3
COLOMBO,Portocel,Dornfall;Promethea;Lothlorien;Zuldazar,58000,58000,"40,31385477",2,3
COLOMBO,Portocel,Dornfall;Ichoris,58000,58000,"37,60282029",2,3
COLOMBO,Portocel,Dornfall;Ichoris;Nassauia;Konoha,58000,58000,"39,96902718",2,3
COLOMBO,Portocel,Dornfall;Ichoris;Nassauia;Lothlorien,58000,58000,"39,96902718",2,3
COLOMBO,Portocel,Dornfall;Ichoris;Ngorim;Nassauia,58000,58000,"39,91730304",2,3
COLOMBO,Portocel,Dornfall;Ichoris;Ngorim;Yjigar,58000,58000,"39,91730304",2,3
COLOMBO,Portocel,Dornfall;Ichoris;Ngorim;Zuldazar,58000,58000,"39,91730304",2,3
COLOMBO,Portocel,Dornfall;Ichoris;Konoha;Yjigar,58000,58000,"39,96902718",2,3
COLOMBO,Portocel,Dornfall;Ichoris;Konoha;Zuldazar,58000,58000,"39,96902718",2,3
COLOMBO,Portocel,Dornfall;Ichoris;Lothlorien;Yjigar,58000,58000,"39,96902718",2,3
COLOMBO,Portocel,Dornfall;Ichoris;Lothlorien;Zuldazar,58000,58000,"39,96902718",2,3
COLOMBO,Portocel,Dornfall;Askr;Nassauia;Konoha,58000,58000,"39,92592373",2,3
COLOMBO,Portocel,Dornfall;Askr;Nassauia;Lothlorien,58000,58000,"39,92592373",2,3
COLOMBO,Portocel,Dornfall;Askr;Ngorim;Nassauia,58000,58000,"39,8741996",2,3
COLOMBO,Portocel,Dornfall;Askr;Ngorim;Yjigar,58000,58000,"39,8741996",2,3
COLOMBO,Portocel,Dornfall;Askr;Ngorim;Zuldazar,58000,58000,"39,8741996",2,3
COLOMBO,Portocel,Dornfall;Askr;Konoha;Yjigar,58000,58000,"39,92592373",2,3
COLOMBO,Portocel,Dornfall;Askr;Konoha;Zuldazar,58000,58000,"39,92592373",2,3
COLOMBO,Portocel,Dornfall;Askr;Lothlorien;Yjigar,58000,58000,"39,92592373",2,3
COLOMBO,Portocel,Dornfall;Askr;Lothlorien;Zuldazar,58000,58000,"39,92592373",2,3
COLOMBO,Portocel,Dornfall;Seireitei,58000,58000,"38,23764787",2,3
COLOMBO,Portocel,Dornfall;Seireitei;Nassauia;Konoha,58000,58000,"40,60385477",2,3
COLOMBO,Portocel,Dornfall;Seireitei;Nassauia;Lothlorien,58000,58000,"40,60385477",2,3
COLOMBO,Portocel,Dornfall;Seireitei;Ngorim,58000,58000,"39,54902718",2,3
COLOMBO,Portocel,Dornfall;Seireitei;Ngorim;Nassauia,58000,58000,"40,55213063",2,3
COLOMBO,Portocel,Dornfall;Seireitei;Ngorim;Yjigar,58000,58000,"40,55213063",2,3
COLOMBO,Portocel,Dornfall;Seireitei;Ngorim;Zuldazar,58000,58000,"40,55213063",2,3
COLOMBO,Portocel,Dornfall;Seireitei;Konoha,58000,58000,"39,60075132",2,3
COLOMBO,Portocel,Dornfall;Seireitei;Konoha;Yjigar,58000,58000,"40,60385477",2,3
COLOMBO,Portocel,Dornfall;Seireitei;Konoha;Zuldazar,58000,58000,"40,60385477",2,3
COLOMBO,Portocel,Dornfall;Seireitei;Lothlorien,58000,58000,"39,60075132",2,3
COLOMBO,Portocel,Dornfall;Seireitei;Lothlorien;Yjigar,58000,58000,"40,60385477",2,3
COLOMBO,Portocel,Dornfall;Seireitei;Lothlorien;Zuldazar,58000,58000,"40,60385477",2,3
COLOMBO,Portocel,Dornfall;Nassauia;Namek;Konoha,58000,58000,"40,34833753",2,3
COLOMBO,Portocel,Dornfall;Nassauia;Namek;Lothlorien,58000,58000,"40,34833753",2,3
COLOMBO,Portocel,Dornfall;Nassauia;Konoha,58000,58000,"39,27661339",2,3
COLOMBO,Portocel,Dornfall;Nassauia;Konoha;Ulthar,58000,58000,"40,60385477",2,3
COLOMBO,Portocel,Dornfall;Nassauia;Konoha;Lothlorien,58000,58000,"39,91971684",2,3
COLOMBO,Portocel,Dornfall;Nassauia;Ulthar;Lothlorien,58000,58000,"40,60385477",2,3
COLOMBO,Portocel,Dornfall;Nassauia;Lothlorien,58000,58000,"39,27661339",2,3
COLOMBO,Portocel,Dornfall;Ngorim,58000,58000,"38,2317858",2,3
COLOMBO,Portocel,Dornfall;Ngorim;Nassauia,58000,58000,"39,22488925",2,3
COLOMBO,Portocel,Dornfall;Ngorim;Nassauia;Namek,58000,58000,"40,29661339",2,3
COLOMBO,Portocel,Dornfall;Ngorim;Nassauia;Konoha,58000,58000,"39,8679927",2,3
COLOMBO,Portocel,Dornfall;Ngorim;Nassauia;Ulthar,58000,58000,"40,55213063",2,3
COLOMBO,Portocel,Dornfall;Ngorim;Nassauia;Lothlorien,58000,58000,"39,8679927",2,3
COLOMBO,Portocel,Dornfall;Ngorim;Namek;Yjigar,58000,58000,"40,29661339",2,3
COLOMBO,Portocel,Dornfall;Ngorim;Namek;Zuldazar,58000,58000,"40,29661339",2,3
COLOMBO,Portocel,Dornfall;Ngorim;Konoha;Yjigar,58000,58000,"39,8679927",2,3
COLOMBO,Portocel,Dornfall;Ngorim;Konoha;Zuldazar,58000,58000,"39,8679927",2,3
COLOMBO,Portocel,Dornfall;Ngorim;Ulthar,58000,58000,"39,54902718",2,3
COLOMBO,Portocel,Dornfall;Ngorim;Ulthar;Yjigar,58000,58000,"40,55213063",2,3
COLOMBO,Portocel,Dornfall;Ngorim;Ulthar;Zuldazar,58000,58000,"40,55213063",2,3
COLOMBO,Portocel,Dornfall;Ngorim;Lothlorien;Yjigar,58000,58000,"39,8679927",2,3
COLOMBO,Portocel,Dornfall;Ngorim;Lothlorien;Zuldazar,58000,58000,"39,8679927",2,3
COLOMBO,Portocel,Dornfall;Ngorim;Yjigar,58000,58000,"39,22488925",2,3
COLOMBO,Portocel,Dornfall;Ngorim;Zuldazar,58000,58000,"39,22488925",2,3
COLOMBO,Portocel,Dornfall;Namek,58000,58000,"37,98213063",2,3
COLOMBO,Portocel,Dornfall;Namek;Konoha;Yjigar,58000,58000,"40,34833753",2,3
COLOMBO,Portocel,Dornfall;Namek;Konoha;Zuldazar,58000,58000,"40,34833753",2,3
COLOMBO,Portocel,Dornfall;Namek;Lothlorien;Yjigar,58000,58000,"40,34833753",2,3
COLOMBO,Portocel,Dornfall;Namek;Lothlorien;Zuldazar,58000,58000,"40,34833753",2,3
COLOMBO,Portocel,Dornfall;Konoha,58000,58000,"38,28350994",2,3
COLOMBO,Portocel,Dornfall;Konoha;Ulthar,58000,58000,"39,60075132",2,3
COLOMBO,Portocel,Dornfall;Konoha;Ulthar;Yjigar,58000,58000,"40,60385477",2,3
COLOMBO,Portocel,Dornfall;Konoha;Ulthar;Zuldazar,58000,58000,"40,60385477",2,3
COLOMBO,Portocel,Dornfall;Konoha;Lothlorien;Yjigar,58000,58000,"39,91971684",2,3
COLOMBO,Portocel,Dornfall;Konoha;Lothlorien;Zuldazar,58000,58000,"39,91971684",2,3
COLOMBO,Portocel,Dornfall;Konoha;Yjigar,58000,58000,"39,27661339",2,3
COLOMBO,Portocel,Dornfall;Konoha;Zuldazar,58000,58000,"39,27661339",2,3
COLOMBO,Portocel,Dornfall;Ulthar,58000,58000,"38,23764787",2,3
COLOMBO,Portocel,Dornfall;Ulthar;Lothlorien,58000,58000,"39,60075132",2,3
COLOMBO,Portocel,Dornfall;Ulthar;Lothlorien;Yjigar,58000,58000,"40,60385477",2,3
COLOMBO,Portocel,Dornfall;Ulthar;Lothlorien;Zuldazar,58000,58000,"40,60385477",2,3
COLOMBO,Portocel,Dornfall;Lothlorien,58000,58000,"38,28350994",2,3
COLOMBO,Portocel,Dornfall;Lothlorien;Yjigar,58000,58000,"39,27661339",2,3
COLOMBO,Portocel,Dornfall;Lothlorien;Zuldazar,58000,58000,"39,27661339",2,3
COLOMBO,Portocel,Deliora;Promethea,58000,58000,"38,58557891",2,3
COLOMBO,Portocel,Deliora;Promethea;Nassauia;Konoha,58000,58000,"40,9517858",2,3
COLOMBO,Portocel,Deliora;Promethea;Nassauia;Lothlorien,58000,58000,"40,9517858",2,3
COLOMBO,Portocel,Deliora;Promethea;Ngorim;Nassauia,58000,58000,"40,90006167",2,3
COLOMBO,Portocel,Deliora;Promethea;Ngorim;Yjigar,58000,58000,"40,90006167",2,3
COLOMBO,Portocel,Deliora;Promethea;Ngorim;Zuldazar,58000,58000,"40,90006167",2,3
COLOMBO,Portocel,Deliora;Promethea;Konoha;Yjigar,58000,58000,"40,9517858",2,3
COLOMBO,Portocel,Deliora;Promethea;Konoha;Zuldazar,58000,58000,"40,9517858",2,3
COLOMBO,Portocel,Deliora;Promethea;Lothlorien;Yjigar,58000,58000,"40,9517858",2,3
COLOMBO,Portocel,Deliora;Promethea;Lothlorien;Zuldazar,58000,58000,"40,9517858",2,3
COLOMBO,Portocel,Deliora;Ichoris,58000,58000,"38,24075132",2,3
COLOMBO,Portocel,Deliora;Ichoris;Nassauia;Konoha,58000,58000,"40,60695822",2,3
COLOMBO,Portocel,Deliora;Ichoris;Nassauia;Lothlorien,58000,58000,"40,60695822",2,3
COLOMBO,Portocel,Deliora;Ichoris;Ngorim;Nassauia,58000,58000,"40,55523408",2,3
COLOMBO,Portocel,Deliora;Ichoris;Ngorim;Yjigar,58000,58000,"40,55523408",2,3
COLOMBO,Portocel,Deliora;Ichoris;Ngorim;Zuldazar,58000,58000,"40,55523408",2,3
COLOMBO,Portocel,Deliora;Ichoris;Konoha;Yjigar,58000,58000,"40,60695822",2,3
COLOMBO,Portocel,Deliora;Ichoris;Konoha;Zuldazar,58000,58000,"40,60695822",2,3
COLOMBO,Portocel,Deliora;Ichoris;Lothlorien;Yjigar,58000,58000,"40,60695822",2,3
COLOMBO,Portocel,Deliora;Ichoris;Lothlorien;Zuldazar,58000,58000,"40,60695822",2,3
COLOMBO,Portocel,Deliora;Askr;Nassauia;Konoha,58000,58000,"40,56385477",2,3
COLOMBO,Portocel,Deliora;Askr;Nassauia;Lothlorien,58000,58000,"40,56385477",2,3
COLOMBO,Portocel,Deliora;Askr;Ngorim;Nassauia,58000,58000,"40,51213063",2,3
COLOMBO,Portocel,Deliora;Askr;Ngorim;Yjigar,58000,58000,"40,51213063",2,3
COLOMBO,Portocel,Deliora;Askr;Ngorim;Zuldazar,58000,58000,"40,51213063",2,3
COLOMBO,Portocel,Deliora;Askr;Konoha;Yjigar,58000,58000,"40,56385477",2,3
COLOMBO,Portocel,Deliora;Askr;Konoha;Zuldazar,58000,58000,"40,56385477",2,3
COLOMBO,Portocel,Deliora;Askr;Lothlorien;Yjigar,58000,58000,"40,56385477",2,3
COLOMBO,Portocel,Deliora;Askr;Lothlorien;Zuldazar,58000,58000,"40,56385477",2,3
COLOMBO,Portocel,Deliora;Seireitei,58000,58000,"38,87557891",2,3
COLOMBO,Portocel,Deliora;Seireitei;Nassauia;Konoha,58000,58000,"41,2417858",2,3
COLOMBO,Portocel,Deliora;Seireitei;Nassauia;Lothlorien,58000,58000,"41,2417858",2,3
COLOMBO,Portocel,Deliora;Seireitei;Ngorim,58000,58000,"40,18695822",2,3
COLOMBO,Portocel,Deliora;Seireitei;Ngorim;Nassauia,58000,58000,"41,19006167",2,3
COLOMBO,Portocel,Deliora;Seireitei;Ngorim;Yjigar,58000,58000,"41,19006167",2,3
COLOMBO,Portocel,Deliora;Seireitei;Ngorim;Zuldazar,58000,58000,"41,19006167",2,3
COLOMBO,Portocel,Deliora;Seireitei;Konoha,58000,58000,"40,23868235",2,3
COLOMBO,Portocel,Deliora;Seireitei;Konoha;Yjigar,58000,58000,"41,2417858",2,3
COLOMBO,Portocel,Deliora;Seireitei;Konoha;Zuldazar,58000,58000,"41,2417858",2,3
COLOMBO,Portocel,Deliora;Seireitei;Lothlorien,58000,58000,"40,23868235",2,3
COLOMBO,Portocel,Deliora;Seireitei;Lothlorien;Yjigar,58000,58000,"41,2417858",2,3
COLOMBO,Portocel,Deliora;Seireitei;Lothlorien;Zuldazar,58000,58000,"41,2417858",2,3
COLOMBO,Portocel,Deliora;Nassauia;Namek;Konoha,58000,58000,"40,98626856",2,3
COLOMBO,Portocel,Deliora;Nassauia;Namek;Lothlorien,58000,58000,"40,98626856",2,3
COLOMBO,Portocel,Deliora;Nassauia;Konoha,58000,58000,"39,91454442",2,3
COLOMBO,Portocel,Deliora;Nassauia;Konoha;Ulthar,58000,58000,"41,2417858",2,3
COLOMBO,Portocel,Deliora;Nassauia;Konoha;Lothlorien,58000,58000,"40,55764787",2,3
COLOMBO,Portocel,Deliora;Nassauia;Ulthar;Lothlorien,58000,58000,"41,2417858",2,3
COLOMBO,Portocel,Deliora;Nassauia;Lothlorien,58000,58000,"39,91454442",2,3
COLOMBO,Portocel,Deliora;Ngorim,58000,58000,"38,86971684",2,3
COLOMBO,Portocel,Deliora;Ngorim;Nassauia,58000,58000,"39,86282029",2,3
COLOMBO,Portocel,Deliora;Ngorim;Nassauia;Namek,58000,58000,"40,93454442",2,3
COLOMBO,Portocel,Deliora;Ngorim;Nassauia;Konoha,58000,58000,"40,50592373",2,3
COLOMBO,Portocel,Deliora;Ngorim;Nassauia;Ulthar,58000,58000,"41,19006167",2,3
COLOMBO,Portocel,Deliora;Ngorim;Nassauia;Lothlorien,58000,58000,"40,50592373",2,3
COLOMBO,Portocel,Deliora;Ngorim;Namek;Yjigar,58000,58000,"40,93454442",2,3
COLOMBO,Portocel,Deliora;Ngorim;Namek;Zuldazar,58000,58000,"40,93454442",2,3
COLOMBO,Portocel,Deliora;Ngorim;Konoha;Yjigar,58000,58000,"40,50592373",2,3
COLOMBO,Portocel,Deliora;Ngorim;Konoha;Zuldazar,58000,58000,"40,50592373",2,3
COLOMBO,Portocel,Deliora;Ngorim;Ulthar,58000,58000,"40,18695822",2,3
COLOMBO,Portocel,Deliora;Ngorim;Ulthar;Yjigar,58000,58000,"41,19006167",2,3
COLOMBO,Portocel,Deliora;Ngorim;Ulthar;Zuldazar,58000,58000,"41,19006167",2,3
COLOMBO,Portocel,Deliora;Ngorim;Lothlorien;Yjigar,58000,58000,"40,50592373",2,3
COLOMBO,Portocel,Deliora;Ngorim;Lothlorien;Zuldazar,58000,58000,"40,50592373",2,3
COLOMBO,Portocel,Deliora;Ngorim;Yjigar,58000,58000,"39,86282029",2,3
COLOMBO,Portocel,Deliora;Ngorim;Zuldazar,58000,58000,"39,86282029",2,3
COLOMBO,Portocel,Deliora;Namek,58000,58000,"38,62006167",2,3
COLOMBO,Portocel,Deliora;Namek;Konoha;Yjigar,58000,58000,"40,98626856",2,3
COLOMBO,Portocel,Deliora;Namek;Konoha;Zuldazar,58000,58000,"40,98626856",2,3
COLOMBO,Portocel,Deliora;Namek;Lothlorien;Yjigar,58000,58000,"40,98626856",2,3
COLOMBO,Portocel,Deliora;Namek;Lothlorien;Zuldazar,58000,58000,"40,98626856",2,3
COLOMBO,Portocel,Deliora;Konoha,58000,58000,"38,92144098",2,3
COLOMBO,Portocel,Deliora;Konoha;Ulthar,58000,58000,"40,23868235",2,3
COLOMBO,Portocel,Deliora;Konoha;Ulthar;Yjigar,58000,58000,"41,2417858",2,3
COLOMBO,Portocel,Deliora;Konoha;Ulthar;Zuldazar,58000,58000,"41,2417858",2,3
COLOMBO,Portocel,Deliora;Konoha;Lothlorien;Yjigar,58000,58000,"40,55764787",2,3
COLOMBO,Portocel,Deliora;Konoha;Lothlorien;Zuldazar,58000,58000,"40,55764787",2,3
COLOMBO,Portocel,Deliora;Konoha;Yjigar,58000,58000,"39,91454442",2,3
COLOMBO,Portocel,Deliora;Konoha;Zuldazar,58000,58000,"39,91454442",2,3
COLOMBO,Portocel,Deliora;Ulthar,58000,58000,"38,87557891",2,3
COLOMBO,Portocel,Deliora;Ulthar;Lothlorien,58000,58000,"40,23868235",2,3
COLOMBO,Portocel,Deliora;Ulthar;Lothlorien;Yjigar,58000,58000,"41,2417858",2,3
COLOMBO,Portocel,Deliora;Ulthar;Lothlorien;Zuldazar,58000,58000,"41,2417858",2,3
COLOMBO,Portocel,Deliora;Lothlorien,58000,58000,"38,92144098",2,3
COLOMBO,Portocel,Deliora;Lothlorien;Yjigar,58000,58000,"39,91454442",2,3
COLOMBO,Portocel,Deliora;Lothlorien;Zuldazar,58000,58000,"39,91454442",2,3
COLOMBO,Portocel,Promethea;Lyngard,58000,58000,"38,56833753",2,3
COLOMBO,Portocel,Promethea;Lyngard;Nassauia;Konoha,58000,58000,"40,93454442",2,3
COLOMBO,Portocel,Promethea;Lyngard;Nassauia;Lothlorien,58000,58000,"40,93454442",2,3
COLOMBO,Portocel,Promethea;Lyngard;Ngorim;Nassauia,58000,58000,"40,88282029",2,3
COLOMBO,Portocel,Promethea;Lyngard;Ngorim;Yjigar,58000,58000,"40,88282029",2,3
COLOMBO,Portocel,Promethea;Lyngard;Ngorim;Zuldazar,58000,58000,"40,88282029",2,3
COLOMBO,Portocel,Promethea;Lyngard;Konoha;Yjigar,58000,58000,"40,93454442",2,3
COLOMBO,Portocel,Promethea;Lyngard;Konoha;Zuldazar,58000,58000,"40,93454442",2,3
COLOMBO,Portocel,Promethea;Lyngard;Lothlorien;Yjigar,58000,58000,"40,93454442",2,3
COLOMBO,Portocel,Promethea;Lyngard;Lothlorien;Zuldazar,58000,58000,"40,93454442",2,3
COLOMBO,Portocel,Promethea;Nassauia;Tahlenwald;Konoha,58000,58000,"40,93454442",2,3
COLOMBO,Portocel,Promethea;Nassauia;Tahlenwald;Lothlorien,58000,58000,"40,93454442",2,3
COLOMBO,Portocel,Promethea;Nassauia;Dirtmouth;Konoha,58000,58000,"41,00350994",2,3
COLOMBO,Portocel,Promethea;Nassauia;Dirtmouth;Lothlorien,58000,58000,"41,00350994",2,3
COLOMBO,Portocel,Promethea;Nassauia;Konoha;Marineford,58000,58000,"40,93454442",2,3
COLOMBO,Portocel,Promethea;Nassauia;Marineford;Lothlorien,58000,58000,"40,93454442",2,3
COLOMBO,Portocel,Promethea;Ngorim;Nassauia;Tahlenwald,58000,58000,"40,88282029",2,3
COLOMBO,Portocel,Promethea;Ngorim;Nassauia;Dirtmouth,58000,58000,"40,9517858",2,3
COLOMBO,Portocel,Promethea;Ngorim;Nassauia;Marineford,58000,58000,"40,88282029",2,3
COLOMBO,Portocel,Promethea;Ngorim;Tahlenwald;Yjigar,58000,58000,"40,88282029",2,3
COLOMBO,Portocel,Promethea;Ngorim;Tahlenwald;Zuldazar,58000,58000,"40,88282029",2,3
COLOMBO,Portocel,Promethea;Ngorim;Dirtmouth;Yjigar,58000,58000,"40,9517858",2,3
COLOMBO,Portocel,Promethea;Ngorim;Dirtmouth;Zuldazar,58000,58000,"40,9517858",2,3
COLOMBO,Portocel,Promethea;Ngorim;Marineford;Yjigar,58000,58000,"40,88282029",2,3
COLOMBO,Portocel,Promethea;Ngorim;Marineford;Zuldazar,58000,58000,"40,88282029",2,3
COLOMBO,Portocel,Promethea;Tahlenwald,58000,58000,"38,56833753",2,3
COLOMBO,Portocel,Promethea;Tahlenwald;Konoha;Yjigar,58000,58000,"40,93454442",2,3
COLOMBO,Portocel,Promethea;Tahlenwald;Konoha;Zuldazar,58000,58000,"40,93454442",2,3
COLOMBO,Portocel,Promethea;Tahlenwald;Lothlorien;Yjigar,58000,58000,"40,93454442",2,3
COLOMBO,Portocel,Promethea;Tahlenwald;Lothlorien;Zuldazar,58000,58000,"40,93454442",2,3
COLOMBO,Portocel,Promethea;Dirtmouth,58000,58000,"38,63730304",2,3
COLOMBO,Portocel,Promethea;Dirtmouth;Konoha;Yjigar,58000,58000,"41,00350994",2,3
COLOMBO,Portocel,Promethea;Dirtmouth;Konoha;Zuldazar,58000,58000,"41,00350994",2,3
COLOMBO,Portocel,Promethea;Dirtmouth;Lothlorien;Yjigar,58000,58000,"41,00350994",2,3
COLOMBO,Portocel,Promethea;Dirtmouth;Lothlorien;Zuldazar,58000,58000,"41,00350994",2,3
COLOMBO,Portocel,Promethea;Konoha;Marineford;Yjigar,58000,58000,"40,93454442",2,3
COLOMBO,Portocel,Promethea;Konoha;Marineford;Zuldazar,58000,58000,"40,93454442",2,3
COLOMBO,Portocel,Promethea;Marineford,58000,58000,"38,56833753",2,3
COLOMBO,Portocel,Promethea;Marineford;Lothlorien;Yjigar,58000,58000,"40,93454442",2,3
COLOMBO,Portocel,Promethea;Marineford;Lothlorien;Zuldazar,58000,58000,"40,93454442",2,3
COLOMBO,Portocel,Ichoris;Lyngard,58000,58000,"38,22350994",2,3
COLOMBO,Portocel,Ichoris;Lyngard;Nassauia;Konoha,58000,58000,"40,58971684",2,3
COLOMBO,Portocel,Ichoris;Lyngard;Nassauia;Lothlorien,58000,58000,"40,58971684",2,3
COLOMBO,Portocel,Ichoris;Lyngard;Ngorim;Nassauia,58000,58000,"40,5379927",2,3
COLOMBO,Portocel,Ichoris;Lyngard;Ngorim;Yjigar,58000,58000,"40,5379927",2,3
COLOMBO,Portocel,Ichoris;Lyngard;Ngorim;Zuldazar,58000,58000,"40,5379927",2,3
COLOMBO,Portocel,Ichoris;Lyngard;Konoha;Yjigar,58000,58000,"40,58971684",2,3
COLOMBO,Portocel,Ichoris;Lyngard;Konoha;Zuldazar,58000,58000,"40,58971684",2,3
COLOMBO,Portocel,Ichoris;Lyngard;Lothlorien;Yjigar,58000,58000,"40,58971684",2,3
COLOMBO,Portocel,Ichoris;Lyngard;Lothlorien;Zuldazar,58000,58000,"40,58971684",2,3
COLOMBO,Portocel,Ichoris;Nassauia;Tahlenwald;Konoha,58000,58000,"40,58971684",2,3
COLOMBO,Portocel,Ichoris;Nassauia;Tahlenwald;Lothlorien,58000,58000,"40,58971684",2,3
COLOMBO,Portocel,Ichoris;Nassauia;Dirtmouth;Konoha,58000,58000,"40,65868235",2,3
COLOMBO,Portocel,Ichoris;Nassauia;Dirtmouth;Lothlorien,58000,58000,"40,65868235",2,3
COLOMBO,Portocel,Ichoris;Nassauia;Konoha;Marineford,58000,58000,"40,58971684",2,3
COLOMBO,Portocel,Ichoris;Nassauia;Marineford;Lothlorien,58000,58000,"40,58971684",2,3
COLOMBO,Portocel,Ichoris;Ngorim;Nassauia;Tahlenwald,58000,58000,"40,5379927",2,3
COLOMBO,Portocel,Ichoris;Ngorim;Nassauia;Dirtmouth,58000,58000,"40,60695822",2,3
COLOMBO,Portocel,Ichoris;Ngorim;Nassauia;Marineford,58000,58000,"40,5379927",2,3
COLOMBO,Portocel,Ichoris;Ngorim;Tahlenwald;Yjigar,58000,58000,"40,5379927",2,3
COLOMBO,Portocel,Ichoris;Ngorim;Tahlenwald;Zuldazar,58000,58000,"40,5379927",2,3
COLOMBO,Portocel,Ichoris;Ngorim;Dirtmouth;Yjigar,58000,58000,"40,60695822",2,3
COLOMBO,Portocel,Ichoris;Ngorim;Dirtmouth;Zuldazar,58000,58000,"40,60695822",2,3
COLOMBO,Portocel,Ichoris;Ngorim;Marineford;Yjigar,58000,58000,"40,5379927",2,3
COLOMBO,Portocel,Ichoris;Ngorim;Marineford;Zuldazar,58000,58000,"40,5379927",2,3
COLOMBO,Portocel,Ichoris;Tahlenwald,58000,58000,"38,22350994",2,3
COLOMBO,Portocel,Ichoris;Tahlenwald;Konoha;Yjigar,58000,58000,"40,58971684",2,3
COLOMBO,Portocel,Ichoris;Tahlenwald;Konoha;Zuldazar,58000,58000,"40,58971684",2,3
COLOMBO,Portocel,Ichoris;Tahlenwald;Lothlorien;Yjigar,58000,58000,"40,58971684",2,3
COLOMBO,Portocel,Ichoris;Tahlenwald;Lothlorien;Zuldazar,58000,58000,"40,58971684",2,3
COLOMBO,Portocel,Ichoris;Dirtmouth,58000,58000,"38,29247546",2,3
COLOMBO,Portocel,Ichoris;Dirtmouth;Konoha;Yjigar,58000,58000,"40,65868235",2,3
COLOMBO,Portocel,Ichoris;Dirtmouth;Konoha;Zuldazar,58000,58000,"40,65868235",2,3
COLOMBO,Portocel,Ichoris;Dirtmouth;Lothlorien;Yjigar,58000,58000,"40,65868235",2,3
COLOMBO,Portocel,Ichoris;Dirtmouth;Lothlorien;Zuldazar,58000,58000,"40,65868235",2,3
COLOMBO,Portocel,Ichoris;Konoha;Marineford;Yjigar,58000,58000,"40,58971684",2,3
COLOMBO,Portocel,Ichoris;Konoha;Marineford;Zuldazar,58000,58000,"40,58971684",2,3
COLOMBO,Portocel,Ichoris;Marineford,58000,58000,"38,22350994",2,3
COLOMBO,Portocel,Ichoris;Marineford;Lothlorien;Yjigar,58000,58000,"40,58971684",2,3
COLOMBO,Portocel,Ichoris;Marineford;Lothlorien;Zuldazar,58000,58000,"40,58971684",2,3
COLOMBO,Portocel,Askr;Lyngard;Nassauia;Konoha,58000,58000,"40,54661339",2,3
COLOMBO,Portocel,Askr;Lyngard;Nassauia;Lothlorien,58000,58000,"40,54661339",2,3
COLOMBO,Portocel,Askr;Lyngard;Ngorim;Nassauia,58000,58000,"40,49488925",2,3
COLOMBO,Portocel,Askr;Lyngard;Ngorim;Yjigar,58000,58000,"40,49488925",2,3
COLOMBO,Portocel,Askr;Lyngard;Ngorim;Zuldazar,58000,58000,"40,49488925",2,3
COLOMBO,Portocel,Askr;Lyngard;Konoha;Yjigar,58000,58000,"40,54661339",2,3
COLOMBO,Portocel,Askr;Lyngard;Konoha;Zuldazar,58000,58000,"40,54661339",2,3
COLOMBO,Portocel,Askr;Lyngard;Lothlorien;Yjigar,58000,58000,"40,54661339",2,3
COLOMBO,Portocel,Askr;Lyngard;Lothlorien;Zuldazar,58000,58000,"40,54661339",2,3
COLOMBO,Portocel,Askr;Nassauia,58000,58000,"36,91040649",2,3
COLOMBO,Portocel,Askr;Nassauia;Tahlenwald;Konoha,58000,58000,"40,54661339",2,3
COLOMBO,Portocel,Askr;Nassauia;Tahlenwald;Lothlorien,58000,58000,"40,54661339",2,3
COLOMBO,Portocel,Askr;Nassauia;Dirtmouth;Konoha,58000,58000,"40,61557891",2,3
COLOMBO,Portocel,Askr;Nassauia;Dirtmouth;Lothlorien,58000,58000,"40,61557891",2,3
COLOMBO,Portocel,Askr;Nassauia;Konoha,58000,58000,"39,14350994",2,3
COLOMBO,Portocel,Askr;Nassauia;Konoha;Marineford,58000,58000,"40,54661339",2,3
COLOMBO,Portocel,Askr;Nassauia;Marineford;Lothlorien,58000,58000,"40,54661339",2,3
COLOMBO,Portocel,Askr;Nassauia;Lothlorien,58000,58000,"38,92350994",2,3
COLOMBO,Portocel,Askr;Ngorim,58000,58000,"38,03868235",2,3
COLOMBO,Portocel,Askr;Ngorim;Nassauia,58000,58000,"38,8717858",2,3
COLOMBO,Portocel,Askr;Ngorim;Nassauia;Tahlenwald,58000,58000,"40,49488925",2,3
COLOMBO,Portocel,Askr;Ngorim;Nassauia;Dirtmouth,58000,58000,"40,56385477",2,3
COLOMBO,Portocel,Askr;Ngorim;Nassauia;Marineford,58000,58000,"40,49488925",2,3
COLOMBO,Portocel,Askr;Ngorim;Tahlenwald;Yjigar,58000,58000,"40,49488925",2,3
COLOMBO,Portocel,Askr;Ngorim;Tahlenwald;Zuldazar,58000,58000,"40,49488925",2,3
COLOMBO,Portocel,Askr;Ngorim;Dirtmouth;Yjigar,58000,58000,"40,56385477",2,3
COLOMBO,Portocel,Askr;Ngorim;Dirtmouth;Zuldazar,58000,58000,"40,56385477",2,3
COLOMBO,Portocel,Askr;Ngorim;Marineford;Yjigar,58000,58000,"40,49488925",2,3
COLOMBO,Portocel,Askr;Ngorim;Marineford;Zuldazar,58000,58000,"40,49488925",2,3
COLOMBO,Portocel,Askr;Ngorim;Yjigar,58000,58000,"38,8717858",2,3
COLOMBO,Portocel,Askr;Ngorim;Zuldazar,58000,58000,"38,8717858",2,3
COLOMBO,Portocel,Askr;Tahlenwald;Promethea;Seireitei;Ulthar,58000,58000,"40,40213063",2,3
COLOMBO,Portocel,Askr;Tahlenwald;Seireitei;Ulthar;Promethea,58000,58000,"40,86213063",2,3
COLOMBO,Portocel,Askr;Tahlenwald;Konoha;Yjigar,58000,58000,"40,54661339",2,3
COLOMBO,Portocel,Askr;Tahlenwald;Konoha;Zuldazar,58000,58000,"40,54661339",2,3
COLOMBO,Portocel,Askr;Tahlenwald;Ulthar;Seireitei;Promethea,58000,58000,"40,79213063",2,3
COLOMBO,Portocel,Askr;Tahlenwald;Lothlorien;Yjigar,58000,58000,"40,54661339",2,3
COLOMBO,Portocel,Askr;Tahlenwald;Lothlorien;Zuldazar,58000,58000,"40,54661339",2,3
COLOMBO,Portocel,Askr;Dirtmouth;Konoha;Yjigar,58000,58000,"40,61557891",2,3
COLOMBO,Portocel,Askr;Dirtmouth;Konoha;Zuldazar,58000,58000,"40,61557891",2,3
COLOMBO,Portocel,Askr;Dirtmouth;Lothlorien;Yjigar,58000,58000,"40,61557891",2,3
COLOMBO,Portocel,Askr;Dirtmouth;Lothlorien;Zuldazar,58000,58000,"40,61557891",2,3
COLOMBO,Portocel,Askr;Konoha,58000,58000,"38,09040649",2,3
COLOMBO,Portocel,Askr;Konoha;Seireitei;Promethea,58000,58000,"39,65488925",2,3
COLOMBO,Portocel,Askr;Konoha;Marineford;Yjigar,58000,58000,"40,54661339",2,3
COLOMBO,Portocel,Askr;Konoha;Marineford;Zuldazar,58000,58000,"40,54661339",2,3
COLOMBO,Portocel,Askr;Konoha;Yjigar,58000,58000,"38,92350994",2,3
COLOMBO,Portocel,Askr;Konoha;Zuldazar,58000,58000,"38,92350994",2,3
COLOMBO,Portocel,Askr;Marineford;Lothlorien;Yjigar,58000,58000,"40,54661339",2,3
COLOMBO,Portocel,Askr;Marineford;Lothlorien;Zuldazar,58000,58000,"40,54661339",2,3
COLOMBO,Portocel,Askr;Lothlorien,58000,58000,"38,09040649",2,3
COLOMBO,Portocel,Askr;Lothlorien;Yjigar,58000,58000,"38,92350994",2,3
COLOMBO,Portocel,Askr;Lothlorien;Zuldazar,58000,58000,"38,92350994",2,3
COLOMBO,Portocel,Askr;Yjigar,58000,58000,"36,91040649",2,3
COLOMBO,Portocel,Askr;Zuldazar,58000,58000,"36,91040649",2,3
COLOMBO,Portocel,Lyngard;Seireitei,58000,58000,"38,85833753",2,3
COLOMBO,Portocel,Lyngard;Seireitei;Nassauia;Konoha,58000,58000,"41,22454442",2,3
COLOMBO,Portocel,Lyngard;Seireitei;Nassauia;Lothlorien,58000,58000,"41,22454442",2,3
COLOMBO,Portocel,Lyngard;Seireitei;Ngorim,58000,58000,"40,16971684",2,3
COLOMBO,Portocel,Lyngard;Seireitei;Ngorim;Nassauia,58000,58000,"41,17282029",2,3
COLOMBO,Portocel,Lyngard;Seireitei;Ngorim;Yjigar,58000,58000,"41,17282029",2,3
COLOMBO,Portocel,Lyngard;Seireitei;Ngorim;Zuldazar,58000,58000,"41,17282029",2,3
COLOMBO,Portocel,Lyngard;Seireitei;Konoha,58000,58000,"40,22144098",2,3
COLOMBO,Portocel,Lyngard;Seireitei;Konoha;Yjigar,58000,58000,"41,22454442",2,3
COLOMBO,Portocel,Lyngard;Seireitei;Konoha;Zuldazar,58000,58000,"41,22454442",2,3
COLOMBO,Portocel,Lyngard;Seireitei;Lothlorien,58000,58000,"40,22144098",2,3
COLOMBO,Portocel,Lyngard;Seireitei;Lothlorien;Yjigar,58000,58000,"41,22454442",2,3
COLOMBO,Portocel,Lyngard;Seireitei;Lothlorien;Zuldazar,58000,58000,"41,22454442",2,3
COLOMBO,Portocel,Lyngard;Nassauia;Namek;Konoha,58000,58000,"40,96902718",2,3
COLOMBO,Portocel,Lyngard;Nassauia;Namek;Lothlorien,58000,58000,"40,96902718",2,3
COLOMBO,Portocel,Lyngard;Nassauia;Konoha,58000,58000,"39,89730304",2,3
COLOMBO,Portocel,Lyngard;Nassauia;Konoha;Ulthar,58000,58000,"41,22454442",2,3
COLOMBO,Portocel,Lyngard;Nassauia;Konoha;Lothlorien,58000,58000,"40,54040649",2,3
COLOMBO,Portocel,Lyngard;Nassauia;Ulthar;Lothlorien,58000,58000,"41,22454442",2,3
COLOMBO,Portocel,Lyngard;Nassauia;Lothlorien,58000,58000,"39,89730304",2,3
COLOMBO,Portocel,Lyngard;Ngorim,58000,58000,"38,85247546",2,3
COLOMBO,Portocel,Lyngard;Ngorim;Nassauia,58000,58000,"39,84557891",2,3
COLOMBO,Portocel,Lyngard;Ngorim;Nassauia;Namek,58000,58000,"40,91730304",2,3
COLOMBO,Portocel,Lyngard;Ngorim;Nassauia;Konoha,58000,58000,"40,48868235",2,3
COLOMBO,Portocel,Lyngard;Ngorim;Nassauia;Ulthar,58000,58000,"41,17282029",2,3
COLOMBO,Portocel,Lyngard;Ngorim;Nassauia;Lothlorien,58000,58000,"40,48868235",2,3
COLOMBO,Portocel,Lyngard;Ngorim;Namek;Yjigar,58000,58000,"40,91730304",2,3
COLOMBO,Portocel,Lyngard;Ngorim;Namek;Zuldazar,58000,58000,"40,91730304",2,3
COLOMBO,Portocel,Lyngard;Ngorim;Konoha;Yjigar,58000,58000,"40,48868235",2,3
COLOMBO,Portocel,Lyngard;Ngorim;Konoha;Zuldazar,58000,58000,"40,48868235",2,3
COLOMBO,Portocel,Lyngard;Ngorim;Ulthar,58000,58000,"40,16971684",2,3
COLOMBO,Portocel,Lyngard;Ngorim;Ulthar;Yjigar,58000,58000,"41,17282029",2,3
COLOMBO,Portocel,Lyngard;Ngorim;Ulthar;Zuldazar,58000,58000,"41,17282029",2,3
COLOMBO,Portocel,Lyngard;Ngorim;Lothlorien;Yjigar,58000,58000,"40,48868235",2,3
COLOMBO,Portocel,Lyngard;Ngorim;Lothlorien;Zuldazar,58000,58000,"40,48868235",2,3
COLOMBO,Portocel,Lyngard;Ngorim;Yjigar,58000,58000,"39,84557891",2,3
COLOMBO,Portocel,Lyngard;Ngorim;Zuldazar,58000,58000,"39,84557891",2,3
COLOMBO,Portocel,Lyngard;Namek,58000,58000,"38,60282029",2,3
COLOMBO,Portocel,Lyngard;Namek;Konoha;Yjigar,58000,58000,"40,96902718",2,3
COLOMBO,Portocel,Lyngard;Namek;Konoha;Zuldazar,58000,58000,"40,96902718",2,3
COLOMBO,Portocel,Lyngard;Namek;Lothlorien;Yjigar,58000,58000,"40,96902718",2,3
COLOMBO,Portocel,Lyngard;Namek;Lothlorien;Zuldazar,58000,58000,"40,96902718",2,3
COLOMBO,Portocel,Lyngard;Konoha,58000,58000,"38,9041996",2,3
COLOMBO,Portocel,Lyngard;Konoha;Ulthar,58000,58000,"40,22144098",2,3
COLOMBO,Portocel,Lyngard;Konoha;Ulthar;Yjigar,58000,58000,"41,22454442",2,3
COLOMBO,Portocel,Lyngard;Konoha;Ulthar;Zuldazar,58000,58000,"41,22454442",2,3
COLOMBO,Portocel,Lyngard;Konoha;Lothlorien;Yjigar,58000,58000,"40,54040649",2,3
COLOMBO,Portocel,Lyngard;Konoha;Lothlorien;Zuldazar,58000,58000,"40,54040649",2,3
COLOMBO,Portocel,Lyngard;Konoha;Yjigar,58000,58000,"39,89730304",2,3
COLOMBO,Portocel,Lyngard;Konoha;Zuldazar,58000,58000,"39,89730304",2,3
COLOMBO,Portocel,Lyngard;Ulthar,58000,58000,"38,85833753",2,3
COLOMBO,Portocel,Lyngard;Ulthar;Lothlorien,58000,58000,"40,22144098",2,3
COLOMBO,Portocel,Lyngard;Ulthar;Lothlorien;Yjigar,58000,58000,"41,22454442",2,3
COLOMBO,Portocel,Lyngard;Ulthar;Lothlorien;Zuldazar,58000,58000,"41,22454442",2,3
COLOMBO,Portocel,Lyngard;Lothlorien,58000,58000,"38,9041996",2,3
COLOMBO,Portocel,Lyngard;Lothlorien;Yjigar,58000,58000,"39,89730304",2,3
COLOMBO,Portocel,Lyngard;Lothlorien;Zuldazar,58000,58000,"39,89730304",2,3
COLOMBO,Portocel,Seireitei;Nassauia;Tahlenwald;Konoha,58000,58000,"68,31495933",2,3
COLOMBO,Portocel,Seireitei;Nassauia;Tahlenwald;Lothlorien,58000,58000,"68,31495933",2,3
COLOMBO,Portocel,Seireitei;Nassauia;Dirtmouth;Konoha,58000,58000,"68,42924504",2,3
COLOMBO,Portocel,Seireitei;Nassauia;Dirtmouth;Lothlorien,58000,58000,"68,42924504",2,3
COLOMBO,Portocel,Seireitei;Nassauia;Konoha;Marineford,58000,58000,"68,31495933",2,3
COLOMBO,Portocel,Seireitei;Nassauia;Marineford;Lothlorien,58000,58000,"68,31495933",2,3
COLOMBO,Portocel,Seireitei;Ngorim,58000,58000,"64,15895933",2,3
COLOMBO,Portocel,Seireitei;Ngorim;Nassauia;Tahlenwald,58000,58000,"68,22924504",2,3
COLOMBO,Portocel,Seireitei;Ngorim;Nassauia;Dirtmouth,58000,58000,"68,34353076",2,3
COLOMBO,Portocel,Seireitei;Ngorim;Nassauia;Marineford,58000,58000,"68,22924504",2,3
COLOMBO,Portocel,Seireitei;Ngorim;Tahlenwald,58000,58000,"66,56695933",2,3
COLOMBO,Portocel,Seireitei;Ngorim;Tahlenwald;Yjigar,58000,58000,"68,22924504",2,3
COLOMBO,Portocel,Seireitei;Ngorim;Tahlenwald;Zuldazar,58000,58000,"68,22924504",2,3
COLOMBO,Portocel,Seireitei;Ngorim;Dirtmouth,58000,58000,"66,68124504",2,3
COLOMBO,Portocel,Seireitei;Ngorim;Dirtmouth;Yjigar,58000,58000,"68,34353076",2,3
COLOMBO,Portocel,Seireitei;Ngorim;Dirtmouth;Zuldazar,58000,58000,"68,34353076",2,3
COLOMBO,Portocel,Seireitei;Ngorim;Marineford,58000,58000,"66,56695933",2,3
COLOMBO,Portocel,Seireitei;Ngorim;Marineford;Yjigar,58000,58000,"68,22924504",2,3
COLOMBO,Portocel,Seireitei;Ngorim;Marineford;Zuldazar,58000,58000,"68,22924504",2,3
COLOMBO,Portocel,Seireitei;Tahlenwald,58000,58000,"64,39381647",2,3
COLOMBO,Portocel,Seireitei;Tahlenwald;Konoha,58000,58000,"66,65267362",2,3
COLOMBO,Portocel,Seireitei;Tahlenwald;Konoha;Yjigar,58000,58000,"68,31495933",2,3
COLOMBO,Portocel,Seireitei;Tahlenwald;Konoha;Zuldazar,58000,58000,"68,31495933",2,3
COLOMBO,Portocel,Seireitei;Tahlenwald;Lothlorien,58000,58000,"66,65267362",2,3
COLOMBO,Portocel,Seireitei;Tahlenwald;Lothlorien;Yjigar,58000,58000,"68,31495933",2,3
COLOMBO,Portocel,Seireitei;Tahlenwald;Lothlorien;Zuldazar,58000,58000,"68,31495933",2,3
COLOMBO,Portocel,Seireitei;Dirtmouth,58000,58000,"64,50810219",2,3
COLOMBO,Portocel,Seireitei;Dirtmouth;Konoha,58000,58000,"66,76695933",2,3
COLOMBO,Portocel,Seireitei;Dirtmouth;Konoha;Yjigar,58000,58000,"68,42924504",2,3
COLOMBO,Portocel,Seireitei;Dirtmouth;Konoha;Zuldazar,58000,58000,"68,42924504",2,3
COLOMBO,Portocel,Seireitei;Dirtmouth;Lothlorien,58000,58000,"66,76695933",2,3
COLOMBO,Portocel,Seireitei;Dirtmouth;Lothlorien;Yjigar,58000,58000,"68,42924504",2,3
COLOMBO,Portocel,Seireitei;Dirtmouth;Lothlorien;Zuldazar,58000,58000,"68,42924504",2,3
COLOMBO,Portocel,Seireitei;Konoha,58000,58000,"64,24467362",2,3
COLOMBO,Portocel,Seireitei;Konoha;Marineford,58000,58000,"66,65267362",2,3
COLOMBO,Portocel,Seireitei;Konoha;Marineford;Yjigar,58000,58000,"68,31495933",2,3
COLOMBO,Portocel,Seireitei;Konoha;Marineford;Zuldazar,58000,58000,"68,31495933",2,3
COLOMBO,Portocel,Seireitei;Marineford,58000,58000,"64,39381647",2,3
COLOMBO,Portocel,Seireitei;Marineford;Lothlorien,58000,58000,"66,65267362",2,3
COLOMBO,Portocel,Seireitei;Marineford;Lothlorien;Yjigar,58000,58000,"68,31495933",2,3
COLOMBO,Portocel,Seireitei;Marineford;Lothlorien;Zuldazar,58000,58000,"68,31495933",2,3
COLOMBO,Portocel,Seireitei;Lothlorien,58000,58000,"64,24467362",2,3
COLOMBO,Portocel,Nassauia;Askr;Tahlenwald,58000,58000,"38,85350994",2,3
COLOMBO,Portocel,Nassauia;Askr;Dirtmouth;Tahlenwald,58000,58000,"39,78557891",2,3
COLOMBO,Portocel,Nassauia;Askr;Konoha,58000,58000,"38,43350994",2,3
COLOMBO,Portocel,Nassauia;Namek;Tahlenwald;Konoha,58000,58000,"40,96902718",2,3
COLOMBO,Portocel,Nassauia;Namek;Tahlenwald;Lothlorien,58000,58000,"40,96902718",2,3
COLOMBO,Portocel,Nassauia;Namek;Dirtmouth;Konoha,58000,58000,"41,0379927",2,3
COLOMBO,Portocel,Nassauia;Namek;Dirtmouth;Lothlorien,58000,58000,"41,0379927",2,3
COLOMBO,Portocel,Nassauia;Namek;Konoha;Marineford,58000,58000,"40,96902718",2,3
COLOMBO,Portocel,Nassauia;Namek;Marineford;Lothlorien,58000,58000,"40,96902718",2,3
COLOMBO,Portocel,Nassauia;Tahlenwald;Konoha,58000,58000,"39,89730304",2,3
COLOMBO,Portocel,Nassauia;Tahlenwald;Konoha;Ulthar,58000,58000,"41,22454442",2,3
COLOMBO,Portocel,Nassauia;Tahlenwald;Konoha;Lothlorien,58000,58000,"40,54040649",2,3
COLOMBO,Portocel,Nassauia;Tahlenwald;Marineford,72000,72000,"39,40751203",2,3
COLOMBO,Portocel,Nassauia;Tahlenwald;Ulthar;Lothlorien,58000,58000,"41,22454442",2,3
COLOMBO,Portocel,Nassauia;Tahlenwald;Lothlorien,58000,58000,"39,89730304",2,3
COLOMBO,Portocel,Nassauia;Dirtmouth;Konoha,58000,58000,"39,96626856",2,3
COLOMBO,Portocel,Nassauia;Dirtmouth;Konoha;Ulthar,58000,58000,"41,29350994",2,3
COLOMBO,Portocel,Nassauia;Dirtmouth;Konoha;Lothlorien,58000,58000,"40,60937201",2,3
COLOMBO,Portocel,Nassauia;Dirtmouth;Ulthar;Lothlorien,58000,58000,"41,29350994",2,3
COLOMBO,Portocel,Nassauia;Dirtmouth;Lothlorien,58000,58000,"39,96626856",2,3
COLOMBO,Portocel,Nassauia;Konoha,58000,58000,"37,8141996",2,3
COLOMBO,Portocel,Nassauia;Konoha;Marineford,58000,58000,"39,89730304",2,3
COLOMBO,Portocel,Nassauia;Konoha;Marineford;Ulthar,58000,58000,"41,22454442",2,3
COLOMBO,Portocel,Nassauia;Konoha;Marineford;Lothlorien,58000,58000,"40,54040649",2,3
COLOMBO,Portocel,Nassauia;Konoha;Lothlorien,58000,58000,"39,13730304",2,3
COLOMBO,Portocel,Nassauia;Marineford;Ulthar;Lothlorien,58000,58000,"41,22454442",2,3
COLOMBO,Portocel,Nassauia;Marineford;Lothlorien,58000,58000,"39,89730304",2,3
COLOMBO,Portocel,Nassauia;Lothlorien,58000,58000,"38,2841996",2,3
COLOMBO,Portocel,Nassauia;Yjigar,58000,58000,"36,6741996",2,3
COLOMBO,Portocel,Nassauia;Zuldazar,58000,58000,"36,6741996",2,3
COLOMBO,Portocel,Ngorim;Nassauia,58000,58000,"38,23247546",2,3
COLOMBO,Portocel,Ngorim;Nassauia;Namek;Tahlenwald,58000,58000,"40,91730304",2,3
COLOMBO,Portocel,Ngorim;Nassauia;Namek;Dirtmouth,58000,58000,"40,98626856",2,3
COLOMBO,Portocel,Ngorim;Nassauia;Namek;Marineford,58000,58000,"40,91730304",2,3
COLOMBO,Portocel,Ngorim;Nassauia;Tahlenwald,58000,58000,"39,84557891",2,3
COLOMBO,Portocel,Ngorim;Nassauia;Tahlenwald;Konoha,58000,58000,"40,48868235",2,3
COLOMBO,Portocel,Ngorim;Nassauia;Tahlenwald;Ulthar,58000,58000,"41,17282029",2,3
COLOMBO,Portocel,Ngorim;Nassauia;Tahlenwald;Lothlorien,58000,58000,"40,48868235",2,3
COLOMBO,Portocel,Ngorim;Nassauia;Dirtmouth,58000,58000,"39,91454442",2,3
COLOMBO,Portocel,Ngorim;Nassauia;Dirtmouth;Konoha,58000,58000,"40,55764787",2,3
COLOMBO,Portocel,Ngorim;Nassauia;Dirtmouth;Ulthar,58000,58000,"41,2417858",2,3
COLOMBO,Portocel,Ngorim;Nassauia;Dirtmouth;Lothlorien,58000,58000,"40,55764787",2,3
COLOMBO,Portocel,Ngorim;Nassauia;Konoha,58000,58000,"39,08557891",2,3
COLOMBO,Portocel,Ngorim;Nassauia;Konoha;Marineford,58000,58000,"40,48868235",2,3
COLOMBO,Portocel,Ngorim;Nassauia;Marineford,58000,58000,"39,84557891",2,3
COLOMBO,Portocel,Ngorim;Nassauia;Marineford;Ulthar,58000,58000,"41,17282029",2,3
COLOMBO,Portocel,Ngorim;Nassauia;Marineford;Lothlorien,58000,58000,"40,48868235",2,3
COLOMBO,Portocel,Ngorim;Nassauia;Lothlorien,58000,58000,"39,08557891",2,3
COLOMBO,Portocel,Ngorim;Namek;Tahlenwald;Yjigar,58000,58000,"40,91730304",2,3
COLOMBO,Portocel,Ngorim;Namek;Tahlenwald;Zuldazar,58000,58000,"40,91730304",2,3
COLOMBO,Portocel,Ngorim;Namek;Dirtmouth;Yjigar,58000,58000,"40,98626856",2,3
COLOMBO,Portocel,Ngorim;Namek;Dirtmouth;Zuldazar,58000,58000,"40,98626856",2,3
COLOMBO,Portocel,Ngorim;Namek;Marineford;Yjigar,58000,58000,"40,91730304",2,3
COLOMBO,Portocel,Ngorim;Namek;Marineford;Zuldazar,58000,58000,"40,91730304",2,3
COLOMBO,Portocel,Ngorim;Tahlenwald,58000,58000,"38,85247546",2,3
COLOMBO,Portocel,Ngorim;Tahlenwald;Konoha;Yjigar,58000,58000,"40,48868235",2,3
COLOMBO,Portocel,Ngorim;Tahlenwald;Konoha;Zuldazar,58000,58000,"40,48868235",2,3
COLOMBO,Portocel,Ngorim;Tahlenwald;Ulthar,58000,58000,"40,16971684",2,3
COLOMBO,Portocel,Ngorim;Tahlenwald;Ulthar;Yjigar,58000,58000,"41,17282029",2,3
COLOMBO,Portocel,Ngorim;Tahlenwald;Ulthar;Zuldazar,58000,58000,"41,17282029",2,3
COLOMBO,Portocel,Ngorim;Tahlenwald;Lothlorien;Yjigar,58000,58000,"40,48868235",2,3
COLOMBO,Portocel,Ngorim;Tahlenwald;Lothlorien;Zuldazar,58000,58000,"40,48868235",2,3
COLOMBO,Portocel,Ngorim;Tahlenwald;Yjigar,58000,58000,"39,84557891",2,3
COLOMBO,Portocel,Ngorim;Tahlenwald;Zuldazar,58000,58000,"39,84557891",2,3
COLOMBO,Portocel,Ngorim;Dirtmouth,58000,58000,"38,92144098",2,3
COLOMBO,Portocel,Ngorim;Dirtmouth;Konoha;Yjigar,58000,58000,"40,55764787",2,3
COLOMBO,Portocel,Ngorim;Dirtmouth;Konoha;Zuldazar,58000,58000,"40,55764787",2,3
COLOMBO,Portocel,Ngorim;Dirtmouth;Ulthar,58000,58000,"40,23868235",2,3
COLOMBO,Portocel,Ngorim;Dirtmouth;Ulthar;Yjigar,58000,58000,"41,2417858",2,3
COLOMBO,Portocel,Ngorim;Dirtmouth;Ulthar;Zuldazar,58000,58000,"41,2417858",2,3
COLOMBO,Portocel,Ngorim;Dirtmouth;Lothlorien;Yjigar,58000,58000,"40,55764787",2,3
COLOMBO,Portocel,Ngorim;Dirtmouth;Lothlorien;Zuldazar,58000,58000,"40,55764787",2,3
COLOMBO,Portocel,Ngorim;Dirtmouth;Yjigar,58000,58000,"39,91454442",2,3
COLOMBO,Portocel,Ngorim;Dirtmouth;Zuldazar,58000,58000,"39,91454442",2,3
COLOMBO,Portocel,Ngorim;Konoha;Marineford;Yjigar,58000,58000,"40,48868235",2,3
COLOMBO,Portocel,Ngorim;Konoha;Marineford;Zuldazar,58000,58000,"40,48868235",2,3
COLOMBO,Portocel,Ngorim;Konoha;Yjigar,58000,58000,"39,08557891",2,3
COLOMBO,Portocel,Ngorim;Konoha;Zuldazar,58000,58000,"39,08557891",2,3
COLOMBO,Portocel,Ngorim;Marineford,58000,58000,"38,85247546",2,3
COLOMBO,Portocel,Ngorim;Marineford;Ulthar,58000,58000,"40,16971684",2,3
COLOMBO,Portocel,Ngorim;Marineford;Ulthar;Yjigar,58000,58000,"41,17282029",2,3
COLOMBO,Portocel,Ngorim;Marineford;Ulthar;Zuldazar,58000,58000,"41,17282029",2,3
COLOMBO,Portocel,Ngorim;Marineford;Lothlorien;Yjigar,58000,58000,"40,48868235",2,3
COLOMBO,Portocel,Ngorim;Marineford;Lothlorien;Zuldazar,58000,58000,"40,48868235",2,3
COLOMBO,Portocel,Ngorim;Marineford;Yjigar,58000,58000,"39,84557891",2,3
COLOMBO,Portocel,Ngorim;Marineford;Zuldazar,58000,58000,"39,84557891",2,3
COLOMBO,Portocel,Ngorim;Ulthar,58000,58000,"38,71661339",2,3
COLOMBO,Portocel,Ngorim;Lothlorien;Yjigar,58000,58000,"39,08557891",2,3
COLOMBO,Portocel,Ngorim;Lothlorien;Zuldazar,58000,58000,"39,08557891",2,3
COLOMBO,Portocel,Ngorim;Yjigar,58000,58000,"38,23247546",2,3
COLOMBO,Portocel,Ngorim;Zuldazar,58000,58000,"38,23247546",2,3
COLOMBO,Portocel,Namek;Tahlenwald,58000,58000,"38,60282029",2,3
COLOMBO,Portocel,Namek;Tahlenwald;Konoha;Yjigar,58000,58000,"40,96902718",2,3
COLOMBO,Portocel,Namek;Tahlenwald;Konoha;Zuldazar,58000,58000,"40,96902718",2,3
COLOMBO,Portocel,Namek;Tahlenwald;Lothlorien;Yjigar,58000,58000,"40,96902718",2,3
COLOMBO,Portocel,Namek;Tahlenwald;Lothlorien;Zuldazar,58000,58000,"40,96902718",2,3
COLOMBO,Portocel,Namek;Dirtmouth,58000,58000,"38,6717858",2,3
COLOMBO,Portocel,Namek;Dirtmouth;Konoha;Yjigar,58000,58000,"41,0379927",2,3
COLOMBO,Portocel,Namek;Dirtmouth;Konoha;Zuldazar,58000,58000,"41,0379927",2,3
COLOMBO,Portocel,Namek;Dirtmouth;Lothlorien;Yjigar,58000,58000,"41,0379927",2,3
COLOMBO,Portocel,Namek;Dirtmouth;Lothlorien;Zuldazar,58000,58000,"41,0379927",2,3
COLOMBO,Portocel,Namek;Konoha;Marineford;Yjigar,58000,58000,"40,96902718",2,3
COLOMBO,Portocel,Namek;Konoha;Marineford;Zuldazar,58000,58000,"40,96902718",2,3
COLOMBO,Portocel,Namek;Marineford,58000,58000,"38,60282029",2,3
COLOMBO,Portocel,Namek;Marineford;Lothlorien;Yjigar,58000,58000,"40,96902718",2,3
COLOMBO,Portocel,Namek;Marineford;Lothlorien;Zuldazar,58000,58000,"40,96902718",2,3
COLOMBO,Portocel,Tahlenwald;Promethea;Seireitei,58000,58000,"39,20557891",2,3
COLOMBO,Portocel,Tahlenwald;Namek;Seireitei;Rlyeh,58000,58000,"41,4217858",2,3
COLOMBO,Portocel,Tahlenwald;Konoha,58000,58000,"38,9041996",2,3
COLOMBO,Portocel,Tahlenwald;Konoha;Ulthar,58000,58000,"40,22144098",2,3
COLOMBO,Portocel,Tahlenwald;Konoha;Ulthar;Yjigar,58000,58000,"41,22454442",2,3
COLOMBO,Portocel,Tahlenwald;Konoha;Ulthar;Zuldazar,58000,58000,"41,22454442",2,3
COLOMBO,Portocel,Tahlenwald;Konoha;Lothlorien;Yjigar,58000,58000,"40,54040649",2,3
COLOMBO,Portocel,Tahlenwald;Konoha;Lothlorien;Zuldazar,58000,58000,"40,54040649",2,3
COLOMBO,Portocel,Tahlenwald;Konoha;Yjigar,58000,58000,"39,89730304",2,3
COLOMBO,Portocel,Tahlenwald;Konoha;Zuldazar,58000,58000,"39,89730304",2,3
COLOMBO,Portocel,Tahlenwald;Ulthar,58000,58000,"38,85833753",2,3
COLOMBO,Portocel,Tahlenwald;Ulthar;Lothlorien,58000,58000,"40,22144098",2,3
COLOMBO,Portocel,Tahlenwald;Ulthar;Lothlorien;Yjigar,58000,58000,"41,22454442",2,3
COLOMBO,Portocel,Tahlenwald;Ulthar;Lothlorien;Zuldazar,58000,58000,"41,22454442",2,3
COLOMBO,Portocel,Tahlenwald;Lothlorien,58000,58000,"38,9041996",2,3
COLOMBO,Portocel,Tahlenwald;Lothlorien;Yjigar,58000,58000,"39,89730304",2,3
COLOMBO,Portocel,Tahlenwald;Lothlorien;Zuldazar,58000,58000,"39,89730304",2,3
COLOMBO,Portocel,Dirtmouth;Tahlenwald,58000,58000,"38,07316511",2,3
COLOMBO,Portocel,Dirtmouth;Tahlenwald;Seireitei;Promethea,58000,58000,"40,50764787",2,3
COLOMBO,Portocel,Dirtmouth;Tahlenwald;Namek,58000,58000,"39,18488925",2,3
COLOMBO,Portocel,Dirtmouth;Tahlenwald;Marineford,58000,58000,"39,62626856",2,3
COLOMBO,Portocel,Dirtmouth;Konoha,58000,58000,"38,97316511",2,3
COLOMBO,Portocel,Dirtmouth;Konoha;Ulthar,58000,58000,"40,29040649",2,3
COLOMBO,Portocel,Dirtmouth;Konoha;Ulthar;Yjigar,58000,58000,"41,29350994",2,3
COLOMBO,Portocel,Dirtmouth;Konoha;Ulthar;Zuldazar,58000,58000,"41,29350994",2,3
COLOMBO,Portocel,Dirtmouth;Konoha;Lothlorien;Yjigar,58000,58000,"40,60937201",2,3
COLOMBO,Portocel,Dirtmouth;Konoha;Lothlorien;Zuldazar,58000,58000,"40,60937201",2,3
COLOMBO,Portocel,Dirtmouth;Konoha;Yjigar,58000,58000,"39,96626856",2,3
COLOMBO,Portocel,Dirtmouth;Konoha;Zuldazar,58000,58000,"39,96626856",2,3
COLOMBO,Portocel,Dirtmouth;Marineford;Seireitei,58000,58000,"40,58040649",2,3
COLOMBO,Portocel,Dirtmouth;Ulthar,58000,58000,"38,92730304",2,3
COLOMBO,Portocel,Dirtmouth;Ulthar;Lothlorien,58000,58000,"40,29040649",2,3
COLOMBO,Portocel,Dirtmouth;Ulthar;Lothlorien;Yjigar,58000,58000,"41,29350994",2,3
COLOMBO,Portocel,Dirtmouth;Ulthar;Lothlorien;Zuldazar,58000,58000,"41,29350994",2,3
COLOMBO,Portocel,Dirtmouth;Lothlorien,58000,58000,"38,97316511",2,3
COLOMBO,Portocel,Dirtmouth;Lothlorien;Yjigar,58000,58000,"39,96626856",2,3
COLOMBO,Portocel,Dirtmouth;Lothlorien;Zuldazar,58000,58000,"39,96626856",2,3
COLOMBO,Portocel,Konoha;Marineford,58000,58000,"42,17651545",2,3
COLOMBO,Portocel,Konoha;Marineford;Ulthar,58000,58000,"43,60455283",2,3
COLOMBO,Portocel,Konoha;Marineford;Ulthar;Yjigar,58000,58000,"44,69202947",2,3
COLOMBO,Portocel,Konoha;Marineford;Ulthar;Zuldazar,58000,58000,"44,69202947",2,3
COLOMBO,Portocel,Konoha;Marineford;Lothlorien;Yjigar,58000,58000,"43,95034723",2,3
COLOMBO,Portocel,Konoha;Marineford;Lothlorien;Zuldazar,58000,58000,"43,95034723",2,3
COLOMBO,Portocel,Konoha;Marineford;Yjigar,58000,58000,"43,25315096",2,3
COLOMBO,Portocel,Konoha;Marineford;Zuldazar,58000,58000,"43,25315096",2,3
COLOMBO,Portocel,Konoha;Ulthar,58000,58000,"42,02922573",2,3
COLOMBO,Portocel,Konoha;Lothlorien;Yjigar,58000,58000,"42,42922573",2,3
COLOMBO,Portocel,Konoha;Lothlorien;Zuldazar,58000,58000,"42,42922573",2,3
COLOMBO,Portocel,Konoha;Yjigar,58000,58000,"41,50436592",2,3
COLOMBO,Portocel,Konoha;Zuldazar,58000,58000,"41,50436592",2,3
COLOMBO,Portocel,Marineford;Konoha;Promethea;Seireitei,58000,58000,"42,04868235",2,3
COLOMBO,Portocel,Marineford;Ulthar,58000,58000,"38,85833753",2,3
COLOMBO,Portocel,Marineford;Ulthar;Lothlorien,58000,58000,"40,22144098",2,3
COLOMBO,Portocel,Marineford;Ulthar;Lothlorien;Yjigar,58000,58000,"41,22454442",2,3
COLOMBO,Portocel,Marineford;Ulthar;Lothlorien;Zuldazar,58000,58000,"41,22454442",2,3
COLOMBO,Portocel,Marineford;Lothlorien,58000,58000,"38,9041996",2,3
COLOMBO,Portocel,Marineford;Lothlorien;Yjigar,58000,58000,"39,89730304",2,3
COLOMBO,Portocel,Marineford;Lothlorien;Zuldazar,58000,58000,"39,89730304",2,3
COLOMBO,Portocel,Ulthar;Lothlorien,58000,58000,"56,21408941",2,3
COLOMBO,Portocel,Lothlorien;Yjigar,58000,58000,"38,2841996",2,3
COLOMBO,Portocel,Lothlorien;Zuldazar,58000,58000,"38,2841996",2,3
COLOMBO,Portocel,Yjigar;Zuldazar,58000,58000,"36,6741996",2,3
COLOMBO,Portocel,Zuldazar;Rlyeh,58000,58000,"38,01282029",2,3
COLOMBO,Portocel,Zuldazar;Askr;Konoha,58000,58000,"38,28350994",2,3
COLOMBO,Portocel,Zuldazar;Konoha;Marineford;Promethea,58000,58000,"41,03454442",2,3
COLOMBO,Portocel;Santos,Nassauia;Askr;Konoha,58000,58000,"40,41855699",2,3
COLOMBO,Portocel;Santos,Zuldazar;Rlyeh,58000,58000,"40,11786734",2,3
COLOMBO,Portocel;Santos,Zuldazar;Rlyeh,72000,72000,"38,27352216",2,3
COLOMBO,Portocel;Santos,Zuldazar;Askr;Konoha,58000,58000,"40,38855699",2,3
COLOMBO,Portocel;Santos,Zuldazar;Nassauia;Askr;Konoha,58000,58000,"41,28166044",2,3
COLOMBO,Portocel;Santos,Zuldazar;Nassauia;Askr;Konoha,72000,72000,"39,23963327",2,3
COLOMBO,Portocel;Santos,Zuldazar;Nassauia;Askr;Lothlorien,58000,58000,"40,47166044",2,3
COLOMBO,Portocel;Santos,Zuldazar;Nassauia;Askr;Lothlorien,72000,72000,"38,46963327",2,3
COLOMBO,Portocel;Santos,Zuldazar;Konoha;Rlyeh,58000,58000,"40,96097079",2,3
COLOMBO,Portocel;Santos,Zuldazar;Konoha;Tahlenwald,58000,58000,"41,2923501",2,3
COLOMBO,Santos,Rlyeh;Dornfall,58000,58000,"48,30751543",2,3
COLOMBO,Santos,Rlyeh;Dornfall,72000,72000,"51,82659849",2,3
COLOMBO,Santos,Rlyeh;Dornfall;Promethea;Nassauia,58000,58000,"50,85643318",2,3
COLOMBO,Santos,Rlyeh;Dornfall;Promethea;Nassauia,72000,72000,"54,26246594",2,3
COLOMBO,Santos,Rlyeh;Dornfall;Promethea;Yjigar,58000,58000,"50,85643318",2,3
COLOMBO,Santos,Rlyeh;Dornfall;Promethea;Yjigar,72000,72000,"54,26246594",2,3
COLOMBO,Santos,Rlyeh;Dornfall;Promethea;Zuldazar,58000,58000,"50,85643318",2,3
COLOMBO,Santos,Rlyeh;Dornfall;Promethea;Zuldazar,72000,72000,"54,26246594",2,3
COLOMBO,Santos,Rlyeh;Dornfall;Ichoris;Nassauia,58000,58000,"50,42353275",2,3
COLOMBO,Santos,Rlyeh;Dornfall;Ichoris;Nassauia,72000,72000,"53,87260239",2,3
COLOMBO,Santos,Rlyeh;Dornfall;Ichoris;Yjigar,58000,58000,"50,42353275",2,3
COLOMBO,Santos,Rlyeh;Dornfall;Ichoris;Yjigar,72000,72000,"53,87260239",2,3
COLOMBO,Santos,Rlyeh;Dornfall;Ichoris;Zuldazar,58000,58000,"50,42353275",2,3
COLOMBO,Santos,Rlyeh;Dornfall;Ichoris;Zuldazar,72000,72000,"53,87260239",2,3
COLOMBO,Santos,Rlyeh;Dornfall;Askr;Nassauia,58000,58000,"50,36942019",2,3
COLOMBO,Santos,Rlyeh;Dornfall;Askr;Nassauia,72000,72000,"53,7837135",2,3
COLOMBO,Santos,Rlyeh;Dornfall;Askr;Yjigar,58000,58000,"50,36942019",2,3
COLOMBO,Santos,Rlyeh;Dornfall;Askr;Yjigar,72000,72000,"53,7837135",2,3
COLOMBO,Santos,Rlyeh;Dornfall;Askr;Zuldazar,58000,58000,"50,36942019",2,3
COLOMBO,Santos,Rlyeh;Dornfall;Askr;Zuldazar,72000,72000,"53,7837135",2,3
COLOMBO,Santos,Rlyeh;Dornfall;Seireitei,58000,58000,"49,96119509",2,3
COLOMBO,Santos,Rlyeh;Dornfall;Seireitei,72000,72000,"53,49209557",2,3
COLOMBO,Santos,Rlyeh;Dornfall;Seireitei;Nassauia,58000,58000,"51,22050244",2,3
COLOMBO,Santos,Rlyeh;Dornfall;Seireitei;Nassauia,72000,72000,"54,66948348",2,3
COLOMBO,Santos,Rlyeh;Dornfall;Seireitei;Yjigar,58000,58000,"51,22050244",2,3
COLOMBO,Santos,Rlyeh;Dornfall;Seireitei;Yjigar,72000,72000,"54,66948348",2,3
COLOMBO,Santos,Rlyeh;Dornfall;Seireitei;Zuldazar,58000,58000,"51,22050244",2,3
COLOMBO,Santos,Rlyeh;Dornfall;Seireitei;Zuldazar,72000,72000,"54,66948348",2,3
COLOMBO,Santos,Rlyeh;Dornfall;Nassauia,58000,58000,"49,55426868",2,3
COLOMBO,Santos,Rlyeh;Dornfall;Nassauia,72000,72000,"53,00398641",2,3
COLOMBO,Santos,Rlyeh;Dornfall;Nassauia;Namek,58000,58000,"50,89972322",2,3
COLOMBO,Santos,Rlyeh;Dornfall;Nassauia;Namek,72000,72000,"54,30145229",2,3
COLOMBO,Santos,Rlyeh;Dornfall;Nassauia;Konoha,58000,58000,"50,36162799",2,3
COLOMBO,Santos,Rlyeh;Dornfall;Nassauia;Konoha,72000,72000,"53,69014625",2,3
COLOMBO,Santos,Rlyeh;Dornfall;Nassauia;Ulthar,58000,58000,"51,22050244",2,3
COLOMBO,Santos,Rlyeh;Dornfall;Nassauia;Ulthar,72000,72000,"54,66948348",2,3
COLOMBO,Santos,Rlyeh;Dornfall;Nassauia;Lothlorien,58000,58000,"50,36162799",2,3
COLOMBO,Santos,Rlyeh;Dornfall;Nassauia;Lothlorien,72000,72000,"53,69014625",2,3
COLOMBO,Santos,Rlyeh;Dornfall;Ngorim;Nassauia,58000,58000,"50,29669292",2,3
COLOMBO,Santos,Rlyeh;Dornfall;Ngorim;Nassauia,72000,72000,"53,63166672",2,3
COLOMBO,Santos,Rlyeh;Dornfall;Ngorim;Yjigar,58000,58000,"50,29669292",2,3
COLOMBO,Santos,Rlyeh;Dornfall;Ngorim;Yjigar,72000,72000,"53,63166672",2,3
COLOMBO,Santos,Rlyeh;Dornfall;Ngorim;Zuldazar,58000,58000,"50,29669292",2,3
COLOMBO,Santos,Rlyeh;Dornfall;Ngorim;Zuldazar,72000,72000,"53,63166672",2,3
COLOMBO,Santos,Rlyeh;Dornfall;Namek;Yjigar,58000,58000,"50,89972322",2,3
COLOMBO,Santos,Rlyeh;Dornfall;Namek;Yjigar,72000,72000,"54,30145229",2,3
COLOMBO,Santos,Rlyeh;Dornfall;Namek;Zuldazar,58000,58000,"50,89972322",2,3
COLOMBO,Santos,Rlyeh;Dornfall;Namek;Zuldazar,72000,72000,"54,30145229",2,3
COLOMBO,Santos,Rlyeh;Dornfall;Konoha;Yjigar,58000,58000,"50,36162799",2,3
COLOMBO,Santos,Rlyeh;Dornfall;Konoha;Yjigar,72000,72000,"53,69014625",2,3
COLOMBO,Santos,Rlyeh;Dornfall;Konoha;Zuldazar,58000,58000,"50,36162799",2,3
COLOMBO,Santos,Rlyeh;Dornfall;Konoha;Zuldazar,72000,72000,"53,69014625",2,3
COLOMBO,Santos,Rlyeh;Dornfall;Ulthar,58000,58000,"49,96119509",2,3
COLOMBO,Santos,Rlyeh;Dornfall;Ulthar,72000,72000,"53,49209557",2,3
COLOMBO,Santos,Rlyeh;Dornfall;Ulthar;Yjigar,58000,58000,"51,22050244",2,3
COLOMBO,Santos,Rlyeh;Dornfall;Ulthar;Yjigar,72000,72000,"54,66948348",2,3
COLOMBO,Santos,Rlyeh;Dornfall;Ulthar;Zuldazar,58000,58000,"51,22050244",2,3
COLOMBO,Santos,Rlyeh;Dornfall;Ulthar;Zuldazar,72000,72000,"54,66948348",2,3
COLOMBO,Santos,Rlyeh;Dornfall;Lothlorien;Yjigar,58000,58000,"50,36162799",2,3
COLOMBO,Santos,Rlyeh;Dornfall;Lothlorien;Yjigar,72000,72000,"53,69014625",2,3
COLOMBO,Santos,Rlyeh;Dornfall;Lothlorien;Zuldazar,58000,58000,"50,36162799",2,3
COLOMBO,Santos,Rlyeh;Dornfall;Lothlorien;Zuldazar,72000,72000,"53,69014625",2,3
COLOMBO,Santos,Rlyeh;Dornfall;Yjigar,58000,58000,"49,55426868",2,3
COLOMBO,Santos,Rlyeh;Dornfall;Yjigar,72000,72000,"53,00398641",2,3
COLOMBO,Santos,Rlyeh;Dornfall;Zuldazar,58000,58000,"49,55426868",2,3
COLOMBO,Santos,Rlyeh;Dornfall;Zuldazar,72000,72000,"53,00398641",2,3
COLOMBO,Santos,Rlyeh;Deliora,58000,58000,"49,10838123",2,3
COLOMBO,Santos,Rlyeh;Deliora,72000,72000,"52,54784605",2,3
COLOMBO,Santos,Rlyeh;Deliora;Promethea;Nassauia,58000,58000,"51,65729898",2,3
COLOMBO,Santos,Rlyeh;Deliora;Promethea;Nassauia,72000,72000,"54,9837135",2,3
COLOMBO,Santos,Rlyeh;Deliora;Promethea;Yjigar,58000,58000,"51,65729898",2,3
COLOMBO,Santos,Rlyeh;Deliora;Promethea;Yjigar,72000,72000,"54,9837135",2,3
COLOMBO,Santos,Rlyeh;Deliora;Promethea;Zuldazar,58000,58000,"51,65729898",2,3
COLOMBO,Santos,Rlyeh;Deliora;Promethea;Zuldazar,72000,72000,"54,9837135",2,3
COLOMBO,Santos,Rlyeh;Deliora;Ichoris;Nassauia,58000,58000,"51,22439855",2,3
COLOMBO,Santos,Rlyeh;Deliora;Ichoris;Nassauia,72000,72000,"54,59384995",2,3
COLOMBO,Santos,Rlyeh;Deliora;Ichoris;Yjigar,58000,58000,"51,22439855",2,3
COLOMBO,Santos,Rlyeh;Deliora;Ichoris;Yjigar,72000,72000,"54,59384995",2,3
COLOMBO,Santos,Rlyeh;Deliora;Ichoris;Zuldazar,58000,58000,"51,22439855",2,3
COLOMBO,Santos,Rlyeh;Deliora;Ichoris;Zuldazar,72000,72000,"54,59384995",2,3
COLOMBO,Santos,Rlyeh;Deliora;Askr;Nassauia,58000,58000,"51,17028599",2,3
COLOMBO,Santos,Rlyeh;Deliora;Askr;Nassauia,72000,72000,"54,50496106",2,3
COLOMBO,Santos,Rlyeh;Deliora;Askr;Yjigar,58000,58000,"51,17028599",2,3
COLOMBO,Santos,Rlyeh;Deliora;Askr;Yjigar,72000,72000,"54,50496106",2,3
COLOMBO,Santos,Rlyeh;Deliora;Askr;Zuldazar,58000,58000,"51,17028599",2,3
COLOMBO,Santos,Rlyeh;Deliora;Askr;Zuldazar,72000,72000,"54,50496106",2,3
COLOMBO,Santos,Rlyeh;Deliora;Seireitei,58000,58000,"50,76206089",2,3
COLOMBO,Santos,Rlyeh;Deliora;Seireitei,72000,72000,"54,21334313",2,3
COLOMBO,Santos,Rlyeh;Deliora;Seireitei;Nassauia,58000,58000,"52,02136825",2,3
COLOMBO,Santos,Rlyeh;Deliora;Seireitei;Nassauia,72000,72000,"55,39073104",2,3
COLOMBO,Santos,Rlyeh;Deliora;Seireitei;Yjigar,58000,58000,"52,02136825",2,3
COLOMBO,Santos,Rlyeh;Deliora;Seireitei;Yjigar,72000,72000,"55,39073104",2,3
COLOMBO,Santos,Rlyeh;Deliora;Seireitei;Zuldazar,58000,58000,"52,02136825",2,3
COLOMBO,Santos,Rlyeh;Deliora;Seireitei;Zuldazar,72000,72000,"55,39073104",2,3
COLOMBO,Santos,Rlyeh;Deliora;Nassauia,58000,58000,"50,35513448",2,3
COLOMBO,Santos,Rlyeh;Deliora;Nassauia,72000,72000,"53,72523397",2,3
COLOMBO,Santos,Rlyeh;Deliora;Nassauia;Namek,58000,58000,"51,70058902",2,3
COLOMBO,Santos,Rlyeh;Deliora;Nassauia;Namek,72000,72000,"55,02269986",2,3
COLOMBO,Santos,Rlyeh;Deliora;Nassauia;Konoha,58000,58000,"51,16249379",2,3
COLOMBO,Santos,Rlyeh;Deliora;Nassauia;Konoha,72000,72000,"54,41139381",2,3
COLOMBO,Santos,Rlyeh;Deliora;Nassauia;Ulthar,72000,72000,"55,39073104",2,3
COLOMBO,Santos,Rlyeh;Deliora;Nassauia;Lothlorien,58000,58000,"51,16249379",2,3
COLOMBO,Santos,Rlyeh;Deliora;Nassauia;Lothlorien,72000,72000,"54,41139381",2,3
COLOMBO,Santos,Rlyeh;Deliora;Ngorim;Nassauia,58000,58000,"51,09755872",2,3
COLOMBO,Santos,Rlyeh;Deliora;Ngorim;Nassauia,72000,72000,"54,35291428",2,3
COLOMBO,Santos,Rlyeh;Deliora;Ngorim;Yjigar,58000,58000,"51,09755872",2,3
COLOMBO,Santos,Rlyeh;Deliora;Ngorim;Yjigar,72000,72000,"54,35291428",2,3
COLOMBO,Santos,Rlyeh;Deliora;Ngorim;Zuldazar,58000,58000,"51,09755872",2,3
COLOMBO,Santos,Rlyeh;Deliora;Ngorim;Zuldazar,72000,72000,"54,35291428",2,3
COLOMBO,Santos,Rlyeh;Deliora;Namek;Yjigar,58000,58000,"51,70058902",2,3
COLOMBO,Santos,Rlyeh;Deliora;Namek;Yjigar,72000,72000,"55,02269986",2,3
COLOMBO,Santos,Rlyeh;Deliora;Namek;Zuldazar,58000,58000,"51,70058902",2,3
COLOMBO,Santos,Rlyeh;Deliora;Namek;Zuldazar,72000,72000,"55,02269986",2,3
COLOMBO,Santos,Rlyeh;Deliora;Konoha;Yjigar,58000,58000,"51,16249379",2,3
COLOMBO,Santos,Rlyeh;Deliora;Konoha;Yjigar,72000,72000,"54,41139381",2,3
COLOMBO,Santos,Rlyeh;Deliora;Konoha;Zuldazar,58000,58000,"51,16249379",2,3
COLOMBO,Santos,Rlyeh;Deliora;Konoha;Zuldazar,72000,72000,"54,41139381",2,3
COLOMBO,Santos,Rlyeh;Deliora;Ulthar,58000,58000,"50,76206089",2,3
COLOMBO,Santos,Rlyeh;Deliora;Ulthar,72000,72000,"54,21334313",2,3
COLOMBO,Santos,Rlyeh;Deliora;Ulthar;Yjigar,58000,58000,"52,02136825",2,3
COLOMBO,Santos,Rlyeh;Deliora;Ulthar;Yjigar,72000,72000,"55,39073104",2,3
COLOMBO,Santos,Rlyeh;Deliora;Ulthar;Zuldazar,58000,58000,"52,02136825",2,3
COLOMBO,Santos,Rlyeh;Deliora;Ulthar;Zuldazar,72000,72000,"55,39073104",2,3
COLOMBO,Santos,Rlyeh;Deliora;Lothlorien;Yjigar,58000,58000,"51,16249379",2,3
COLOMBO,Santos,Rlyeh;Deliora;Lothlorien;Yjigar,72000,72000,"54,41139381",2,3
COLOMBO,Santos,Rlyeh;Deliora;Lothlorien;Zuldazar,58000,58000,"51,16249379",2,3
COLOMBO,Santos,Rlyeh;Deliora;Lothlorien;Zuldazar,72000,72000,"54,41139381",2,3
COLOMBO,Santos,Rlyeh;Deliora;Yjigar,58000,58000,"50,35513448",2,3
COLOMBO,Santos,Rlyeh;Deliora;Yjigar,72000,72000,"53,72523397",2,3
COLOMBO,Santos,Rlyeh;Deliora;Zuldazar,58000,58000,"50,35513448",2,3
COLOMBO,Santos,Rlyeh;Deliora;Zuldazar,72000,72000,"53,72523397",2,3
COLOMBO,Santos,Rlyeh;Promethea;Lyngard;Nassauia,58000,58000,"51,63565396",2,3
COLOMBO,Santos,Rlyeh;Promethea;Lyngard;Nassauia,72000,72000,"54,96422032",2,3
COLOMBO,Santos,Rlyeh;Promethea;Lyngard;Yjigar,58000,58000,"51,63565396",2,3
COLOMBO,Santos,Rlyeh;Promethea;Lyngard;Yjigar,72000,72000,"54,96422032",2,3
COLOMBO,Santos,Rlyeh;Promethea;Lyngard;Zuldazar,58000,58000,"51,63565396",2,3
COLOMBO,Santos,Rlyeh;Promethea;Lyngard;Zuldazar,72000,72000,"54,96422032",2,3
COLOMBO,Santos,Rlyeh;Promethea;Nassauia;Tahlenwald,58000,58000,"51,63565396",2,3
COLOMBO,Santos,Rlyeh;Promethea;Nassauia;Tahlenwald,72000,72000,"54,96422032",2,3
COLOMBO,Santos,Rlyeh;Promethea;Nassauia;Dirtmouth,58000,58000,"51,72223405",2,3
COLOMBO,Santos,Rlyeh;Promethea;Nassauia;Dirtmouth,72000,72000,"55,04219303",2,3
COLOMBO,Santos,Rlyeh;Promethea;Nassauia;Marineford,58000,58000,"51,63565396",2,3
COLOMBO,Santos,Rlyeh;Promethea;Nassauia;Marineford,72000,72000,"54,96422032",2,3
COLOMBO,Santos,Rlyeh;Promethea;Tahlenwald;Yjigar,58000,58000,"51,63565396",2,3
COLOMBO,Santos,Rlyeh;Promethea;Tahlenwald;Yjigar,72000,72000,"54,96422032",2,3
COLOMBO,Santos,Rlyeh;Promethea;Tahlenwald;Zuldazar,58000,58000,"51,63565396",2,3
COLOMBO,Santos,Rlyeh;Promethea;Tahlenwald;Zuldazar,72000,72000,"54,96422032",2,3
COLOMBO,Santos,Rlyeh;Promethea;Dirtmouth;Yjigar,58000,58000,"51,72223405",2,3
COLOMBO,Santos,Rlyeh;Promethea;Dirtmouth;Yjigar,72000,72000,"55,04219303",2,3
COLOMBO,Santos,Rlyeh;Promethea;Dirtmouth;Zuldazar,58000,58000,"51,72223405",2,3
COLOMBO,Santos,Rlyeh;Promethea;Dirtmouth;Zuldazar,72000,72000,"55,04219303",2,3
COLOMBO,Santos,Rlyeh;Promethea;Marineford;Yjigar,58000,58000,"51,63565396",2,3
COLOMBO,Santos,Rlyeh;Promethea;Marineford;Yjigar,72000,72000,"54,96422032",2,3
COLOMBO,Santos,Rlyeh;Promethea;Marineford;Zuldazar,58000,58000,"51,63565396",2,3
COLOMBO,Santos,Rlyeh;Promethea;Marineford;Zuldazar,72000,72000,"54,96422032",2,3
COLOMBO,Santos,Rlyeh;Ichoris;Lyngard;Nassauia,58000,58000,"51,20275353",2,3
COLOMBO,Santos,Rlyeh;Ichoris;Lyngard;Nassauia,72000,72000,"54,57435678",2,3
COLOMBO,Santos,Rlyeh;Ichoris;Lyngard;Yjigar,58000,58000,"51,20275353",2,3
COLOMBO,Santos,Rlyeh;Ichoris;Lyngard;Yjigar,72000,72000,"54,57435678",2,3
COLOMBO,Santos,Rlyeh;Ichoris;Lyngard;Zuldazar,58000,58000,"51,20275353",2,3
COLOMBO,Santos,Rlyeh;Ichoris;Lyngard;Zuldazar,72000,72000,"54,57435678",2,3
COLOMBO,Santos,Rlyeh;Ichoris;Nassauia;Tahlenwald,58000,58000,"51,20275353",2,3
COLOMBO,Santos,Rlyeh;Ichoris;Nassauia;Tahlenwald,72000,72000,"54,57435678",2,3
COLOMBO,Santos,Rlyeh;Ichoris;Nassauia;Dirtmouth,58000,58000,"51,28933361",2,3
COLOMBO,Santos,Rlyeh;Ichoris;Nassauia;Dirtmouth,72000,72000,"54,65232949",2,3
COLOMBO,Santos,Rlyeh;Ichoris;Nassauia;Marineford,58000,58000,"51,20275353",2,3
COLOMBO,Santos,Rlyeh;Ichoris;Nassauia;Marineford,72000,72000,"54,57435678",2,3
COLOMBO,Santos,Rlyeh;Ichoris;Tahlenwald;Yjigar,58000,58000,"51,20275353",2,3
COLOMBO,Santos,Rlyeh;Ichoris;Tahlenwald;Yjigar,72000,72000,"54,57435678",2,3
COLOMBO,Santos,Rlyeh;Ichoris;Tahlenwald;Zuldazar,58000,58000,"51,20275353",2,3
COLOMBO,Santos,Rlyeh;Ichoris;Tahlenwald;Zuldazar,72000,72000,"54,57435678",2,3
COLOMBO,Santos,Rlyeh;Ichoris;Dirtmouth;Yjigar,58000,58000,"51,28933361",2,3
COLOMBO,Santos,Rlyeh;Ichoris;Dirtmouth;Yjigar,72000,72000,"54,65232949",2,3
COLOMBO,Santos,Rlyeh;Ichoris;Dirtmouth;Zuldazar,58000,58000,"51,28933361",2,3
COLOMBO,Santos,Rlyeh;Ichoris;Dirtmouth;Zuldazar,72000,72000,"54,65232949",2,3
COLOMBO,Santos,Rlyeh;Ichoris;Marineford;Yjigar,58000,58000,"51,20275353",2,3
COLOMBO,Santos,Rlyeh;Ichoris;Marineford;Yjigar,72000,72000,"54,57435678",2,3
COLOMBO,Santos,Rlyeh;Ichoris;Marineford;Zuldazar,58000,58000,"51,20275353",2,3
COLOMBO,Santos,Rlyeh;Ichoris;Marineford;Zuldazar,72000,72000,"54,57435678",2,3
COLOMBO,Santos,Rlyeh;Askr,58000,58000,"48,06509119",2,3
COLOMBO,Santos,Rlyeh;Askr,72000,72000,"51,52718329",2,3
COLOMBO,Santos,Rlyeh;Askr;Lyngard;Nassauia,58000,58000,"51,14864097",2,3
COLOMBO,Santos,Rlyeh;Askr;Lyngard;Nassauia,72000,72000,"54,48546789",2,3
COLOMBO,Santos,Rlyeh;Askr;Lyngard;Yjigar,58000,58000,"51,14864097",2,3
COLOMBO,Santos,Rlyeh;Askr;Lyngard;Yjigar,72000,72000,"54,48546789",2,3
COLOMBO,Santos,Rlyeh;Askr;Lyngard;Zuldazar,58000,58000,"51,14864097",2,3
COLOMBO,Santos,Rlyeh;Askr;Lyngard;Zuldazar,72000,72000,"54,48546789",2,3
COLOMBO,Santos,Rlyeh;Askr;Nassauia,58000,58000,"49,11097864",2,3
COLOMBO,Santos,Rlyeh;Askr;Nassauia,72000,72000,"52,4800098",2,3
COLOMBO,Santos,Rlyeh;Askr;Nassauia;Tahlenwald,58000,58000,"51,14864097",2,3
COLOMBO,Santos,Rlyeh;Askr;Nassauia;Tahlenwald,72000,72000,"54,48546789",2,3
COLOMBO,Santos,Rlyeh;Askr;Nassauia;Dirtmouth,58000,58000,"51,23522106",2,3
COLOMBO,Santos,Rlyeh;Askr;Nassauia;Dirtmouth,72000,72000,"54,5634406",2,3
COLOMBO,Santos,Rlyeh;Askr;Nassauia;Marineford,58000,58000,"51,14864097",2,3
COLOMBO,Santos,Rlyeh;Askr;Nassauia;Marineford,72000,72000,"54,48546789",2,3
COLOMBO,Santos,Rlyeh;Askr;Tahlenwald;Yjigar,58000,58000,"51,14864097",2,3
COLOMBO,Santos,Rlyeh;Askr;Tahlenwald;Yjigar,72000,72000,"54,48546789",2,3
COLOMBO,Santos,Rlyeh;Askr;Tahlenwald;Zuldazar,58000,58000,"51,14864097",2,3
COLOMBO,Santos,Rlyeh;Askr;Tahlenwald;Zuldazar,72000,72000,"54,48546789",2,3
COLOMBO,Santos,Rlyeh;Askr;Dirtmouth;Yjigar,58000,58000,"51,23522106",2,3
COLOMBO,Santos,Rlyeh;Askr;Dirtmouth;Yjigar,72000,72000,"54,5634406",2,3
COLOMBO,Santos,Rlyeh;Askr;Dirtmouth;Zuldazar,58000,58000,"51,23522106",2,3
COLOMBO,Santos,Rlyeh;Askr;Dirtmouth;Zuldazar,72000,72000,"54,5634406",2,3
COLOMBO,Santos,Rlyeh;Askr;Marineford;Yjigar,58000,58000,"51,14864097",2,3
COLOMBO,Santos,Rlyeh;Askr;Marineford;Yjigar,72000,72000,"54,48546789",2,3
COLOMBO,Santos,Rlyeh;Askr;Marineford;Zuldazar,58000,58000,"51,14864097",2,3
COLOMBO,Santos,Rlyeh;Askr;Marineford;Zuldazar,72000,72000,"54,48546789",2,3
COLOMBO,Santos,Rlyeh;Askr;Yjigar,58000,58000,"49,11097864",2,3
COLOMBO,Santos,Rlyeh;Askr;Yjigar,72000,72000,"52,4800098",2,3
COLOMBO,Santos,Rlyeh;Askr;Zuldazar,58000,58000,"49,11097864",2,3
COLOMBO,Santos,Rlyeh;Askr;Zuldazar,72000,72000,"52,4800098",2,3
COLOMBO,Santos,Rlyeh;Lyngard,58000,58000,"49,08673621",2,3
COLOMBO,Santos,Rlyeh;Lyngard,72000,72000,"52,52835288",2,3
COLOMBO,Santos,Rlyeh;Lyngard;Seireitei,58000,58000,"50,74041586",2,3
COLOMBO,Santos,Rlyeh;Lyngard;Seireitei,72000,72000,"54,19384995",2,3
COLOMBO,Santos,Rlyeh;Lyngard;Seireitei;Nassauia,58000,58000,"51,99972322",2,3
COLOMBO,Santos,Rlyeh;Lyngard;Seireitei;Nassauia,72000,72000,"55,37123787",2,3
COLOMBO,Santos,Rlyeh;Lyngard;Seireitei;Yjigar,58000,58000,"51,99972322",2,3
COLOMBO,Santos,Rlyeh;Lyngard;Seireitei;Yjigar,72000,72000,"55,37123787",2,3
COLOMBO,Santos,Rlyeh;Lyngard;Seireitei;Zuldazar,58000,58000,"51,99972322",2,3
COLOMBO,Santos,Rlyeh;Lyngard;Seireitei;Zuldazar,72000,72000,"55,37123787",2,3
COLOMBO,Santos,Rlyeh;Lyngard;Nassauia,58000,58000,"50,33348946",2,3
COLOMBO,Santos,Rlyeh;Lyngard;Nassauia,72000,72000,"53,70574079",2,3
COLOMBO,Santos,Rlyeh;Lyngard;Nassauia;Namek,58000,58000,"51,678944",2,3
COLOMBO,Santos,Rlyeh;Lyngard;Nassauia;Namek,72000,72000,"55,00320668",2,3
COLOMBO,Santos,Rlyeh;Lyngard;Nassauia;Konoha,58000,58000,"51,14084876",2,3
COLOMBO,Santos,Rlyeh;Lyngard;Nassauia;Konoha,72000,72000,"54,39190064",2,3
COLOMBO,Santos,Rlyeh;Lyngard;Nassauia;Ulthar,58000,58000,"51,99972322",2,3
COLOMBO,Santos,Rlyeh;Lyngard;Nassauia;Ulthar,72000,72000,"55,37123787",2,3
COLOMBO,Santos,Rlyeh;Lyngard;Nassauia;Lothlorien,58000,58000,"51,14084876",2,3
COLOMBO,Santos,Rlyeh;Lyngard;Nassauia;Lothlorien,72000,72000,"54,39190064",2,3
COLOMBO,Santos,Rlyeh;Lyngard;Ngorim;Nassauia,58000,58000,"51,0759137",2,3
COLOMBO,Santos,Rlyeh;Lyngard;Ngorim;Nassauia,72000,72000,"54,3334211",2,3
COLOMBO,Santos,Rlyeh;Lyngard;Ngorim;Yjigar,58000,58000,"51,0759137",2,3
COLOMBO,Santos,Rlyeh;Lyngard;Ngorim;Yjigar,72000,72000,"54,3334211",2,3
COLOMBO,Santos,Rlyeh;Lyngard;Ngorim;Zuldazar,58000,58000,"51,0759137",2,3
COLOMBO,Santos,Rlyeh;Lyngard;Ngorim;Zuldazar,72000,72000,"54,3334211",2,3
COLOMBO,Santos,Rlyeh;Lyngard;Namek;Yjigar,58000,58000,"51,678944",2,3
COLOMBO,Santos,Rlyeh;Lyngard;Namek;Yjigar,72000,72000,"55,00320668",2,3
COLOMBO,Santos,Rlyeh;Lyngard;Namek;Zuldazar,58000,58000,"51,678944",2,3
COLOMBO,Santos,Rlyeh;Lyngard;Namek;Zuldazar,72000,72000,"55,00320668",2,3
COLOMBO,Santos,Rlyeh;Lyngard;Konoha;Yjigar,58000,58000,"51,14084876",2,3
COLOMBO,Santos,Rlyeh;Lyngard;Konoha;Yjigar,72000,72000,"54,39190064",2,3
COLOMBO,Santos,Rlyeh;Lyngard;Konoha;Zuldazar,58000,58000,"51,14084876",2,3
COLOMBO,Santos,Rlyeh;Lyngard;Konoha;Zuldazar,72000,72000,"54,39190064",2,3
COLOMBO,Santos,Rlyeh;Lyngard;Ulthar,58000,58000,"50,74041586",2,3
COLOMBO,Santos,Rlyeh;Lyngard;Ulthar,72000,72000,"54,19384995",2,3
COLOMBO,Santos,Rlyeh;Lyngard;Ulthar;Yjigar,58000,58000,"51,99972322",2,3
COLOMBO,Santos,Rlyeh;Lyngard;Ulthar;Yjigar,72000,72000,"55,37123787",2,3
COLOMBO,Santos,Rlyeh;Lyngard;Ulthar;Zuldazar,58000,58000,"51,99972322",2,3
COLOMBO,Santos,Rlyeh;Lyngard;Ulthar;Zuldazar,72000,72000,"55,37123787",2,3
COLOMBO,Santos,Rlyeh;Lyngard;Lothlorien;Yjigar,58000,58000,"51,14084876",2,3
COLOMBO,Santos,Rlyeh;Lyngard;Lothlorien;Yjigar,72000,72000,"54,39190064",2,3
COLOMBO,Santos,Rlyeh;Lyngard;Lothlorien;Zuldazar,58000,58000,"51,14084876",2,3
COLOMBO,Santos,Rlyeh;Lyngard;Lothlorien;Zuldazar,72000,72000,"54,39190064",2,3
COLOMBO,Santos,Rlyeh;Lyngard;Yjigar,58000,58000,"50,33348946",2,3
COLOMBO,Santos,Rlyeh;Lyngard;Yjigar,72000,72000,"53,70574079",2,3
COLOMBO,Santos,Rlyeh;Lyngard;Zuldazar,58000,58000,"50,33348946",2,3
COLOMBO,Santos,Rlyeh;Lyngard;Zuldazar,72000,72000,"53,70574079",2,3
COLOMBO,Santos,Rlyeh;Seireitei,58000,58000,"48,91617344",2,3
COLOMBO,Santos,Rlyeh;Seireitei,72000,72000,"52,39891818",2,3
COLOMBO,Santos,Rlyeh;Seireitei;Nassauia;Tahlenwald,58000,58000,"51,99972322",2,3
COLOMBO,Santos,Rlyeh;Seireitei;Nassauia;Tahlenwald,72000,72000,"55,37123787",2,3
COLOMBO,Santos,Rlyeh;Seireitei;Nassauia;Dirtmouth,58000,58000,"52,08630331",2,3
COLOMBO,Santos,Rlyeh;Seireitei;Nassauia;Dirtmouth,72000,72000,"55,44921058",2,3
COLOMBO,Santos,Rlyeh;Seireitei;Nassauia;Marineford,58000,58000,"51,99972322",2,3
COLOMBO,Santos,Rlyeh;Seireitei;Nassauia;Marineford,72000,72000,"55,37123787",2,3
COLOMBO,Santos,Rlyeh;Seireitei;Tahlenwald,58000,58000,"50,74041586",2,3
COLOMBO,Santos,Rlyeh;Seireitei;Tahlenwald,72000,72000,"54,19384995",2,3
COLOMBO,Santos,Rlyeh;Seireitei;Tahlenwald;Yjigar,58000,58000,"51,99972322",2,3
COLOMBO,Santos,Rlyeh;Seireitei;Tahlenwald;Yjigar,72000,72000,"55,37123787",2,3
COLOMBO,Santos,Rlyeh;Seireitei;Tahlenwald;Zuldazar,58000,58000,"51,99972322",2,3
COLOMBO,Santos,Rlyeh;Seireitei;Tahlenwald;Zuldazar,72000,72000,"55,37123787",2,3
COLOMBO,Santos,Rlyeh;Seireitei;Dirtmouth,58000,58000,"50,82699595",2,3
COLOMBO,Santos,Rlyeh;Seireitei;Dirtmouth,72000,72000,"54,27182266",2,3
COLOMBO,Santos,Rlyeh;Seireitei;Dirtmouth;Yjigar,58000,58000,"52,08630331",2,3
COLOMBO,Santos,Rlyeh;Seireitei;Dirtmouth;Yjigar,72000,72000,"55,44921058",2,3
COLOMBO,Santos,Rlyeh;Seireitei;Dirtmouth;Zuldazar,58000,58000,"52,08630331",2,3
COLOMBO,Santos,Rlyeh;Seireitei;Dirtmouth;Zuldazar,72000,72000,"55,44921058",2,3
COLOMBO,Santos,Rlyeh;Seireitei;Marineford,58000,58000,"50,74041586",2,3
COLOMBO,Santos,Rlyeh;Seireitei;Marineford,72000,72000,"54,19384995",2,3
COLOMBO,Santos,Rlyeh;Seireitei;Marineford;Yjigar,58000,58000,"51,99972322",2,3
COLOMBO,Santos,Rlyeh;Seireitei;Marineford;Yjigar,72000,72000,"55,37123787",2,3
COLOMBO,Santos,Rlyeh;Seireitei;Marineford;Zuldazar,58000,58000,"51,99972322",2,3
COLOMBO,Santos,Rlyeh;Seireitei;Marineford;Zuldazar,72000,72000,"55,37123787",2,3
COLOMBO,Santos,Rlyeh;Nassauia,58000,58000,"48,30838123",2,3
COLOMBO,Santos,Rlyeh;Nassauia,72000,72000,"51,7002827",2,3
COLOMBO,Santos,Rlyeh;Nassauia;Namek;Tahlenwald,58000,58000,"51,678944",2,3
COLOMBO,Santos,Rlyeh;Nassauia;Namek;Tahlenwald,72000,72000,"55,00320668",2,3
COLOMBO,Santos,Rlyeh;Nassauia;Namek;Dirtmouth,58000,58000,"51,76552409",2,3
COLOMBO,Santos,Rlyeh;Nassauia;Namek;Dirtmouth,72000,72000,"55,08117939",2,3
COLOMBO,Santos,Rlyeh;Nassauia;Namek;Marineford,58000,58000,"51,678944",2,3
COLOMBO,Santos,Rlyeh;Nassauia;Namek;Marineford,72000,72000,"55,00320668",2,3
COLOMBO,Santos,Rlyeh;Nassauia;Tahlenwald,58000,58000,"50,33348946",2,3
COLOMBO,Santos,Rlyeh;Nassauia;Tahlenwald,72000,72000,"53,70574079",2,3
COLOMBO,Santos,Rlyeh;Nassauia;Tahlenwald;Konoha,58000,58000,"51,14084876",2,3
COLOMBO,Santos,Rlyeh;Nassauia;Tahlenwald;Konoha,72000,72000,"54,39190064",2,3
COLOMBO,Santos,Rlyeh;Nassauia;Tahlenwald;Ulthar,58000,58000,"51,99972322",2,3
COLOMBO,Santos,Rlyeh;Nassauia;Tahlenwald;Ulthar,72000,72000,"55,37123787",2,3
COLOMBO,Santos,Rlyeh;Nassauia;Tahlenwald;Lothlorien,58000,58000,"51,14084876",2,3
COLOMBO,Santos,Rlyeh;Nassauia;Tahlenwald;Lothlorien,72000,72000,"54,39190064",2,3
COLOMBO,Santos,Rlyeh;Nassauia;Dirtmouth,58000,58000,"50,42006954",2,3
COLOMBO,Santos,Rlyeh;Nassauia;Dirtmouth,72000,72000,"53,7837135",2,3
COLOMBO,Santos,Rlyeh;Nassauia;Dirtmouth;Konoha,58000,58000,"51,22742885",2,3
COLOMBO,Santos,Rlyeh;Nassauia;Dirtmouth;Konoha,72000,72000,"54,46987334",2,3
COLOMBO,Santos,Rlyeh;Nassauia;Dirtmouth;Ulthar,58000,58000,"52,08630331",2,3
COLOMBO,Santos,Rlyeh;Nassauia;Dirtmouth;Ulthar,72000,72000,"55,44921058",2,3
COLOMBO,Santos,Rlyeh;Nassauia;Dirtmouth;Lothlorien,58000,58000,"51,22742885",2,3
COLOMBO,Santos,Rlyeh;Nassauia;Dirtmouth;Lothlorien,72000,72000,"54,46987334",2,3
COLOMBO,Santos,Rlyeh;Nassauia;Konoha,58000,58000,"49,3793769",2,3
COLOMBO,Santos,Rlyeh;Nassauia;Konoha,72000,72000,"52,68117939",2,3
COLOMBO,Santos,Rlyeh;Nassauia;Konoha;Marineford,58000,58000,"51,14084876",2,3
COLOMBO,Santos,Rlyeh;Nassauia;Konoha;Marineford,72000,72000,"54,39190064",2,3
COLOMBO,Santos,Rlyeh;Nassauia;Marineford,58000,58000,"50,33348946",2,3
COLOMBO,Santos,Rlyeh;Nassauia;Marineford,72000,72000,"53,70574079",2,3
COLOMBO,Santos,Rlyeh;Nassauia;Marineford;Ulthar,58000,58000,"51,99972322",2,3
COLOMBO,Santos,Rlyeh;Nassauia;Marineford;Ulthar,72000,72000,"55,37123787",2,3
COLOMBO,Santos,Rlyeh;Nassauia;Marineford;Lothlorien,58000,58000,"51,14084876",2,3
COLOMBO,Santos,Rlyeh;Nassauia;Marineford;Lothlorien,72000,72000,"54,39190064",2,3
COLOMBO,Santos,Rlyeh;Nassauia;Lothlorien,58000,58000,"49,3793769",2,3
COLOMBO,Santos,Rlyeh;Nassauia;Lothlorien,72000,72000,"52,68117939",2,3
COLOMBO,Santos,Rlyeh;Ngorim;Nassauia,58000,58000,"49,31444184",2,3
COLOMBO,Santos,Rlyeh;Ngorim;Nassauia,72000,72000,"52,62269986",2,3
COLOMBO,Santos,Rlyeh;Ngorim;Nassauia;Tahlenwald,58000,58000,"51,0759137",2,3
COLOMBO,Santos,Rlyeh;Ngorim;Nassauia;Tahlenwald,72000,72000,"54,3334211",2,3
COLOMBO,Santos,Rlyeh;Ngorim;Nassauia;Dirtmouth,58000,58000,"51,16249379",2,3
COLOMBO,Santos,Rlyeh;Ngorim;Nassauia;Dirtmouth,72000,72000,"54,41139381",2,3
COLOMBO,Santos,Rlyeh;Ngorim;Nassauia;Marineford,58000,58000,"51,0759137",2,3
COLOMBO,Santos,Rlyeh;Ngorim;Nassauia;Marineford,72000,72000,"54,3334211",2,3
COLOMBO,Santos,Rlyeh;Ngorim;Tahlenwald;Yjigar,58000,58000,"51,0759137",2,3
COLOMBO,Santos,Rlyeh;Ngorim;Tahlenwald;Yjigar,72000,72000,"54,3334211",2,3
COLOMBO,Santos,Rlyeh;Ngorim;Tahlenwald;Zuldazar,58000,58000,"51,0759137",2,3
COLOMBO,Santos,Rlyeh;Ngorim;Tahlenwald;Zuldazar,72000,72000,"54,3334211",2,3
COLOMBO,Santos,Rlyeh;Ngorim;Dirtmouth;Yjigar,58000,58000,"51,16249379",2,3
COLOMBO,Santos,Rlyeh;Ngorim;Dirtmouth;Yjigar,72000,72000,"54,41139381",2,3
COLOMBO,Santos,Rlyeh;Ngorim;Dirtmouth;Zuldazar,58000,58000,"51,16249379",2,3
COLOMBO,Santos,Rlyeh;Ngorim;Dirtmouth;Zuldazar,72000,72000,"54,41139381",2,3
COLOMBO,Santos,Rlyeh;Ngorim;Marineford;Yjigar,58000,58000,"51,0759137",2,3
COLOMBO,Santos,Rlyeh;Ngorim;Marineford;Yjigar,72000,72000,"54,3334211",2,3
COLOMBO,Santos,Rlyeh;Ngorim;Marineford;Zuldazar,58000,58000,"51,0759137",2,3
COLOMBO,Santos,Rlyeh;Ngorim;Marineford;Zuldazar,72000,72000,"54,3334211",2,3
COLOMBO,Santos,Rlyeh;Ngorim;Yjigar,58000,58000,"49,31444184",2,3
COLOMBO,Santos,Rlyeh;Ngorim;Yjigar,72000,72000,"52,62269986",2,3
COLOMBO,Santos,Rlyeh;Ngorim;Zuldazar,58000,58000,"49,31444184",2,3
COLOMBO,Santos,Rlyeh;Ngorim;Zuldazar,72000,72000,"52,62269986",2,3
COLOMBO,Santos,Rlyeh;Namek;Tahlenwald;Yjigar,58000,58000,"51,678944",2,3
COLOMBO,Santos,Rlyeh;Namek;Tahlenwald;Yjigar,72000,72000,"55,00320668",2,3
COLOMBO,Santos,Rlyeh;Namek;Tahlenwald;Zuldazar,58000,58000,"51,678944",2,3
COLOMBO,Santos,Rlyeh;Namek;Tahlenwald;Zuldazar,72000,72000,"55,00320668",2,3
COLOMBO,Santos,Rlyeh;Namek;Dirtmouth;Yjigar,58000,58000,"51,76552409",2,3
COLOMBO,Santos,Rlyeh;Namek;Dirtmouth;Yjigar,72000,72000,"55,08117939",2,3
COLOMBO,Santos,Rlyeh;Namek;Dirtmouth;Zuldazar,58000,58000,"51,76552409",2,3
COLOMBO,Santos,Rlyeh;Namek;Dirtmouth;Zuldazar,72000,72000,"55,08117939",2,3
COLOMBO,Santos,Rlyeh;Namek;Marineford;Yjigar,58000,58000,"51,678944",2,3
COLOMBO,Santos,Rlyeh;Namek;Marineford;Yjigar,72000,72000,"55,00320668",2,3
COLOMBO,Santos,Rlyeh;Namek;Marineford;Zuldazar,58000,58000,"51,678944",2,3
COLOMBO,Santos,Rlyeh;Namek;Marineford;Zuldazar,72000,72000,"55,00320668",2,3
COLOMBO,Santos,Rlyeh;Tahlenwald,58000,58000,"49,08673621",2,3
COLOMBO,Santos,Rlyeh;Tahlenwald;Konoha;Yjigar,58000,58000,"51,14084876",2,3
COLOMBO,Santos,Rlyeh;Tahlenwald;Konoha;Yjigar,72000,72000,"54,39190064",2,3
COLOMBO,Santos,Rlyeh;Tahlenwald;Konoha;Zuldazar,58000,58000,"51,14084876",2,3
COLOMBO,Santos,Rlyeh;Tahlenwald;Konoha;Zuldazar,72000,72000,"54,39190064",2,3
COLOMBO,Santos,Rlyeh;Tahlenwald;Ulthar,58000,58000,"50,74041586",2,3
COLOMBO,Santos,Rlyeh;Tahlenwald;Ulthar,72000,72000,"54,19384995",2,3
COLOMBO,Santos,Rlyeh;Tahlenwald;Ulthar;Yjigar,58000,58000,"51,99972322",2,3
COLOMBO,Santos,Rlyeh;Tahlenwald;Ulthar;Yjigar,72000,72000,"55,37123787",2,3
COLOMBO,Santos,Rlyeh;Tahlenwald;Ulthar;Zuldazar,58000,58000,"51,99972322",2,3
COLOMBO,Santos,Rlyeh;Tahlenwald;Ulthar;Zuldazar,72000,72000,"55,37123787",2,3
COLOMBO,Santos,Rlyeh;Tahlenwald;Lothlorien;Yjigar,58000,58000,"51,14084876",2,3
COLOMBO,Santos,Rlyeh;Tahlenwald;Lothlorien;Yjigar,72000,72000,"54,39190064",2,3
COLOMBO,Santos,Rlyeh;Tahlenwald;Lothlorien;Zuldazar,58000,58000,"51,14084876",2,3
COLOMBO,Santos,Rlyeh;Tahlenwald;Lothlorien;Zuldazar,72000,72000,"54,39190064",2,3
COLOMBO,Santos,Rlyeh;Tahlenwald;Yjigar,58000,58000,"50,33348946",2,3
COLOMBO,Santos,Rlyeh;Tahlenwald;Yjigar,72000,72000,"53,70574079",2,3
COLOMBO,Santos,Rlyeh;Tahlenwald;Zuldazar,58000,58000,"50,33348946",2,3
COLOMBO,Santos,Rlyeh;Tahlenwald;Zuldazar,72000,72000,"53,70574079",2,3
COLOMBO,Santos,Rlyeh;Dirtmouth,58000,58000,"49,1733163",2,3
COLOMBO,Santos,Rlyeh;Dirtmouth,72000,72000,"52,60632559",2,3
COLOMBO,Santos,Rlyeh;Dirtmouth;Konoha;Yjigar,58000,58000,"51,22742885",2,3
COLOMBO,Santos,Rlyeh;Dirtmouth;Konoha;Yjigar,72000,72000,"54,46987334",2,3
COLOMBO,Santos,Rlyeh;Dirtmouth;Konoha;Zuldazar,58000,58000,"51,22742885",2,3
COLOMBO,Santos,Rlyeh;Dirtmouth;Konoha;Zuldazar,72000,72000,"54,46987334",2,3
COLOMBO,Santos,Rlyeh;Dirtmouth;Ulthar,58000,58000,"50,82699595",2,3
COLOMBO,Santos,Rlyeh;Dirtmouth;Ulthar,72000,72000,"54,27182266",2,3
COLOMBO,Santos,Rlyeh;Dirtmouth;Ulthar;Yjigar,58000,58000,"52,08630331",2,3
COLOMBO,Santos,Rlyeh;Dirtmouth;Ulthar;Yjigar,72000,72000,"55,44921058",2,3
COLOMBO,Santos,Rlyeh;Dirtmouth;Ulthar;Zuldazar,58000,58000,"52,08630331",2,3
COLOMBO,Santos,Rlyeh;Dirtmouth;Ulthar;Zuldazar,72000,72000,"55,44921058",2,3
COLOMBO,Santos,Rlyeh;Dirtmouth;Lothlorien;Yjigar,58000,58000,"51,22742885",2,3
COLOMBO,Santos,Rlyeh;Dirtmouth;Lothlorien;Yjigar,72000,72000,"54,46987334",2,3
COLOMBO,Santos,Rlyeh;Dirtmouth;Lothlorien;Zuldazar,58000,58000,"51,22742885",2,3
COLOMBO,Santos,Rlyeh;Dirtmouth;Lothlorien;Zuldazar,72000,72000,"54,46987334",2,3
COLOMBO,Santos,Rlyeh;Dirtmouth;Yjigar,58000,58000,"50,42006954",2,3
COLOMBO,Santos,Rlyeh;Dirtmouth;Yjigar,72000,72000,"53,7837135",2,3
COLOMBO,Santos,Rlyeh;Dirtmouth;Zuldazar,58000,58000,"50,42006954",2,3
COLOMBO,Santos,Rlyeh;Dirtmouth;Zuldazar,72000,72000,"53,7837135",2,3
COLOMBO,Santos,Rlyeh;Konoha;Marineford;Yjigar,58000,58000,"51,14084876",2,3
COLOMBO,Santos,Rlyeh;Konoha;Marineford;Yjigar,72000,72000,"54,39190064",2,3
COLOMBO,Santos,Rlyeh;Konoha;Marineford;Zuldazar,58000,58000,"51,14084876",2,3
COLOMBO,Santos,Rlyeh;Konoha;Marineford;Zuldazar,72000,72000,"54,39190064",2,3
COLOMBO,Santos,Rlyeh;Konoha;Yjigar,58000,58000,"49,3793769",2,3
COLOMBO,Santos,Rlyeh;Konoha;Yjigar,72000,72000,"52,68117939",2,3
COLOMBO,Santos,Rlyeh;Konoha;Zuldazar,58000,58000,"49,3793769",2,3
COLOMBO,Santos,Rlyeh;Konoha;Zuldazar,72000,72000,"52,68117939",2,3
COLOMBO,Santos,Rlyeh;Marineford,58000,58000,"49,08673621",2,3
COLOMBO,Santos,Rlyeh;Marineford,72000,72000,"52,52835288",2,3
COLOMBO,Santos,Rlyeh;Marineford;Ulthar,58000,58000,"50,74041586",2,3
COLOMBO,Santos,Rlyeh;Marineford;Ulthar,72000,72000,"54,19384995",2,3
COLOMBO,Santos,Rlyeh;Marineford;Ulthar;Yjigar,58000,58000,"51,99972322",2,3
COLOMBO,Santos,Rlyeh;Marineford;Ulthar;Yjigar,72000,72000,"55,37123787",2,3
COLOMBO,Santos,Rlyeh;Marineford;Ulthar;Zuldazar,58000,58000,"51,99972322",2,3
COLOMBO,Santos,Rlyeh;Marineford;Ulthar;Zuldazar,72000,72000,"55,37123787",2,3
COLOMBO,Santos,Rlyeh;Marineford;Lothlorien;Yjigar,58000,58000,"51,14084876",2,3
COLOMBO,Santos,Rlyeh;Marineford;Lothlorien;Yjigar,72000,72000,"54,39190064",2,3
COLOMBO,Santos,Rlyeh;Marineford;Lothlorien;Zuldazar,58000,58000,"51,14084876",2,3
COLOMBO,Santos,Rlyeh;Marineford;Lothlorien;Zuldazar,72000,72000,"54,39190064",2,3
COLOMBO,Santos,Rlyeh;Marineford;Yjigar,58000,58000,"50,33348946",2,3
COLOMBO,Santos,Rlyeh;Marineford;Yjigar,72000,72000,"53,70574079",2,3
COLOMBO,Santos,Rlyeh;Marineford;Zuldazar,58000,58000,"50,33348946",2,3
COLOMBO,Santos,Rlyeh;Marineford;Zuldazar,72000,72000,"53,70574079",2,3
COLOMBO,Santos,Rlyeh;Ulthar,58000,58000,"48,91617344",2,3
COLOMBO,Santos,Rlyeh;Ulthar,72000,72000,"52,39891818",2,3
COLOMBO,Santos,Rlyeh;Lothlorien;Yjigar,58000,58000,"49,3793769",2,3
COLOMBO,Santos,Rlyeh;Lothlorien;Yjigar,72000,72000,"52,68117939",2,3
COLOMBO,Santos,Rlyeh;Lothlorien;Zuldazar,58000,58000,"49,3793769",2,3
COLOMBO,Santos,Rlyeh;Lothlorien;Zuldazar,72000,72000,"52,68117939",2,3
COLOMBO,Santos,Rlyeh;Yjigar,58000,58000,"48,30838123",2,3
COLOMBO,Santos,Rlyeh;Yjigar,72000,72000,"51,7002827",2,3
COLOMBO,Santos,Rlyeh;Zuldazar,58000,58000,"48,30838123",2,3
COLOMBO,Santos,Rlyeh;Zuldazar,72000,72000,"51,7002827",2,3
COLOMBO,Santos,Dornfall;Promethea,58000,58000,"37,88495195",2,3
COLOMBO,Santos,Dornfall;Promethea,72000,72000,"36,43589587",2,3
COLOMBO,Santos,Dornfall;Promethea;Nassauia;Konoha,58000,58000,"40,25115884",2,3
COLOMBO,Santos,Dornfall;Promethea;Nassauia;Konoha,72000,72000,"38,45367365",2,3
COLOMBO,Santos,Dornfall;Promethea;Nassauia;Lothlorien,58000,58000,"40,25115884",2,3
COLOMBO,Santos,Dornfall;Promethea;Nassauia;Lothlorien,72000,72000,"38,45367365",2,3
COLOMBO,Santos,Dornfall;Promethea;Ngorim;Nassauia,58000,58000,"40,19943471",2,3
COLOMBO,Santos,Dornfall;Promethea;Ngorim;Nassauia,72000,72000,"38,41200698",2,3
COLOMBO,Santos,Dornfall;Promethea;Ngorim;Yjigar,58000,58000,"40,19943471",2,3
COLOMBO,Santos,Dornfall;Promethea;Ngorim;Yjigar,72000,72000,"38,41200698",2,3
COLOMBO,Santos,Dornfall;Promethea;Ngorim;Zuldazar,58000,58000,"40,19943471",2,3
COLOMBO,Santos,Dornfall;Promethea;Ngorim;Zuldazar,72000,72000,"38,41200698",2,3
COLOMBO,Santos,Dornfall;Promethea;Konoha;Yjigar,58000,58000,"40,25115884",2,3
COLOMBO,Santos,Dornfall;Promethea;Konoha;Yjigar,72000,72000,"38,45367365",2,3
COLOMBO,Santos,Dornfall;Promethea;Konoha;Zuldazar,58000,58000,"40,25115884",2,3
COLOMBO,Santos,Dornfall;Promethea;Konoha;Zuldazar,72000,72000,"38,45367365",2,3
COLOMBO,Santos,Dornfall;Promethea;Lothlorien;Yjigar,58000,58000,"40,25115884",2,3
COLOMBO,Santos,Dornfall;Promethea;Lothlorien;Yjigar,72000,72000,"38,45367365",2,3
COLOMBO,Santos,Dornfall;Promethea;Lothlorien;Zuldazar,58000,58000,"40,25115884",2,3
COLOMBO,Santos,Dornfall;Promethea;Lothlorien;Zuldazar,72000,72000,"38,45367365",2,3
COLOMBO,Santos,Dornfall;Ichoris,58000,58000,"37,54012436",2,3
COLOMBO,Santos,Dornfall;Ichoris,72000,72000,"36,15811809",2,3
COLOMBO,Santos,Dornfall;Ichoris;Nassauia;Konoha,58000,58000,"39,90633126",2,3
COLOMBO,Santos,Dornfall;Ichoris;Nassauia;Konoha,72000,72000,"38,17589587",2,3
COLOMBO,Santos,Dornfall;Ichoris;Nassauia;Lothlorien,58000,58000,"39,90633126",2,3
COLOMBO,Santos,Dornfall;Ichoris;Nassauia;Lothlorien,72000,72000,"38,17589587",2,3
COLOMBO,Santos,Dornfall;Ichoris;Ngorim;Nassauia,58000,58000,"39,85460712",2,3
COLOMBO,Santos,Dornfall;Ichoris;Ngorim;Nassauia,72000,72000,"38,1342292",2,3
COLOMBO,Santos,Dornfall;Ichoris;Ngorim;Yjigar,58000,58000,"39,85460712",2,3
COLOMBO,Santos,Dornfall;Ichoris;Ngorim;Yjigar,72000,72000,"38,1342292",2,3
COLOMBO,Santos,Dornfall;Ichoris;Ngorim;Zuldazar,58000,58000,"39,85460712",2,3
COLOMBO,Santos,Dornfall;Ichoris;Ngorim;Zuldazar,72000,72000,"38,1342292",2,3
COLOMBO,Santos,Dornfall;Ichoris;Konoha;Yjigar,58000,58000,"39,90633126",2,3
COLOMBO,Santos,Dornfall;Ichoris;Konoha;Yjigar,72000,72000,"38,17589587",2,3
COLOMBO,Santos,Dornfall;Ichoris;Konoha;Zuldazar,58000,58000,"39,90633126",2,3
COLOMBO,Santos,Dornfall;Ichoris;Konoha;Zuldazar,72000,72000,"38,17589587",2,3
COLOMBO,Santos,Dornfall;Ichoris;Lothlorien;Yjigar,58000,58000,"39,90633126",2,3
COLOMBO,Santos,Dornfall;Ichoris;Lothlorien;Yjigar,72000,72000,"38,17589587",2,3
COLOMBO,Santos,Dornfall;Ichoris;Lothlorien;Zuldazar,58000,58000,"39,90633126",2,3
COLOMBO,Santos,Dornfall;Ichoris;Lothlorien;Zuldazar,72000,72000,"38,17589587",2,3
COLOMBO,Santos,Dornfall;Askr;Nassauia;Konoha,58000,58000,"39,86322781",2,3
COLOMBO,Santos,Dornfall;Askr;Nassauia;Konoha,72000,72000,"38,11256254",2,3
COLOMBO,Santos,Dornfall;Askr;Nassauia;Lothlorien,58000,58000,"39,86322781",2,3
COLOMBO,Santos,Dornfall;Askr;Nassauia;Lothlorien,72000,72000,"38,11256254",2,3
COLOMBO,Santos,Dornfall;Askr;Ngorim;Nassauia,58000,58000,"39,81150367",2,3
COLOMBO,Santos,Dornfall;Askr;Ngorim;Nassauia,72000,72000,"38,07089587",2,3
COLOMBO,Santos,Dornfall;Askr;Ngorim;Yjigar,58000,58000,"39,81150367",2,3
COLOMBO,Santos,Dornfall;Askr;Ngorim;Yjigar,72000,72000,"38,07089587",2,3
COLOMBO,Santos,Dornfall;Askr;Ngorim;Zuldazar,58000,58000,"39,81150367",2,3
COLOMBO,Santos,Dornfall;Askr;Ngorim;Zuldazar,72000,72000,"38,07089587",2,3
COLOMBO,Santos,Dornfall;Askr;Konoha;Yjigar,58000,58000,"39,86322781",2,3
COLOMBO,Santos,Dornfall;Askr;Konoha;Yjigar,72000,72000,"38,11256254",2,3
COLOMBO,Santos,Dornfall;Askr;Konoha;Zuldazar,58000,58000,"39,86322781",2,3
COLOMBO,Santos,Dornfall;Askr;Konoha;Zuldazar,72000,72000,"38,11256254",2,3
COLOMBO,Santos,Dornfall;Askr;Lothlorien;Yjigar,58000,58000,"39,86322781",2,3
COLOMBO,Santos,Dornfall;Askr;Lothlorien;Yjigar,72000,72000,"38,11256254",2,3
COLOMBO,Santos,Dornfall;Askr;Lothlorien;Zuldazar,58000,58000,"39,86322781",2,3
COLOMBO,Santos,Dornfall;Askr;Lothlorien;Zuldazar,72000,72000,"38,11256254",2,3
COLOMBO,Santos,Dornfall;Seireitei,58000,58000,"38,17495195",2,3
COLOMBO,Santos,Dornfall;Seireitei,72000,72000,"36,71589587",2,3
COLOMBO,Santos,Dornfall;Seireitei;Nassauia;Konoha,58000,58000,"40,54115884",2,3
COLOMBO,Santos,Dornfall;Seireitei;Nassauia;Konoha,72000,72000,"38,74367365",2,3
COLOMBO,Santos,Dornfall;Seireitei;Nassauia;Lothlorien,58000,58000,"40,54115884",2,3
COLOMBO,Santos,Dornfall;Seireitei;Nassauia;Lothlorien,72000,72000,"38,74367365",2,3
COLOMBO,Santos,Dornfall;Seireitei;Ngorim,58000,58000,"39,48633126",2,3
COLOMBO,Santos,Dornfall;Seireitei;Ngorim,72000,72000,"37,86311809",2,3
COLOMBO,Santos,Dornfall;Seireitei;Ngorim;Nassauia,58000,58000,"40,48943471",2,3
COLOMBO,Santos,Dornfall;Seireitei;Ngorim;Nassauia,72000,72000,"38,70200698",2,3
COLOMBO,Santos,Dornfall;Seireitei;Ngorim;Yjigar,58000,58000,"40,48943471",2,3
COLOMBO,Santos,Dornfall;Seireitei;Ngorim;Yjigar,72000,72000,"38,70200698",2,3
COLOMBO,Santos,Dornfall;Seireitei;Ngorim;Zuldazar,58000,58000,"40,48943471",2,3
COLOMBO,Santos,Dornfall;Seireitei;Ngorim;Zuldazar,72000,72000,"38,70200698",2,3
COLOMBO,Santos,Dornfall;Seireitei;Konoha,58000,58000,"39,5380554",2,3
COLOMBO,Santos,Dornfall;Seireitei;Konoha,72000,72000,"37,90478476",2,3
COLOMBO,Santos,Dornfall;Seireitei;Konoha;Yjigar,58000,58000,"40,54115884",2,3
COLOMBO,Santos,Dornfall;Seireitei;Konoha;Yjigar,72000,72000,"38,74367365",2,3
COLOMBO,Santos,Dornfall;Seireitei;Konoha;Zuldazar,58000,58000,"40,54115884",2,3
COLOMBO,Santos,Dornfall;Seireitei;Konoha;Zuldazar,72000,72000,"38,74367365",2,3
COLOMBO,Santos,Dornfall;Seireitei;Lothlorien,58000,58000,"39,5380554",2,3
COLOMBO,Santos,Dornfall;Seireitei;Lothlorien,72000,72000,"37,90478476",2,3
COLOMBO,Santos,Dornfall;Seireitei;Lothlorien;Yjigar,58000,58000,"40,54115884",2,3
COLOMBO,Santos,Dornfall;Seireitei;Lothlorien;Yjigar,72000,72000,"38,74367365",2,3
COLOMBO,Santos,Dornfall;Seireitei;Lothlorien;Zuldazar,58000,58000,"40,54115884",2,3
COLOMBO,Santos,Dornfall;Seireitei;Lothlorien;Zuldazar,72000,72000,"38,74367365",2,3
COLOMBO,Santos,Dornfall;Nassauia;Namek;Konoha,58000,58000,"40,2856416",2,3
COLOMBO,Santos,Dornfall;Nassauia;Namek;Konoha,72000,72000,"38,48145142",2,3
COLOMBO,Santos,Dornfall;Nassauia;Namek;Lothlorien,58000,58000,"40,2856416",2,3
COLOMBO,Santos,Dornfall;Nassauia;Namek;Lothlorien,72000,72000,"38,48145142",2,3
COLOMBO,Santos,Dornfall;Nassauia;Konoha,58000,58000,"39,21391746",2,3
COLOMBO,Santos,Dornfall;Nassauia;Konoha,72000,72000,"37,55700698",2,3
COLOMBO,Santos,Dornfall;Nassauia;Konoha;Ulthar,58000,58000,"40,54115884",2,3
COLOMBO,Santos,Dornfall;Nassauia;Konoha;Ulthar,72000,72000,"38,74367365",2,3
COLOMBO,Santos,Dornfall;Nassauia;Konoha;Lothlorien,58000,58000,"39,85702091",2,3
COLOMBO,Santos,Dornfall;Nassauia;Konoha;Lothlorien,72000,72000,"38,04589587",2,3
COLOMBO,Santos,Dornfall;Nassauia;Ulthar;Lothlorien,58000,58000,"40,54115884",2,3
COLOMBO,Santos,Dornfall;Nassauia;Ulthar;Lothlorien,72000,72000,"38,74367365",2,3
COLOMBO,Santos,Dornfall;Nassauia;Lothlorien,58000,58000,"39,21391746",2,3
COLOMBO,Santos,Dornfall;Nassauia;Lothlorien,72000,72000,"37,55700698",2,3
COLOMBO,Santos,Dornfall;Ngorim,58000,58000,"38,16908988",2,3
COLOMBO,Santos,Dornfall;Ngorim,72000,72000,"36,67645142",2,3
COLOMBO,Santos,Dornfall;Ngorim;Nassauia,58000,58000,"39,16219333",2,3
COLOMBO,Santos,Dornfall;Ngorim;Nassauia,72000,72000,"37,51534031",2,3
COLOMBO,Santos,Dornfall;Ngorim;Nassauia;Namek,58000,58000,"40,23391746",2,3
COLOMBO,Santos,Dornfall;Ngorim;Nassauia;Namek,72000,72000,"38,43978476",2,3
COLOMBO,Santos,Dornfall;Ngorim;Nassauia;Konoha,58000,58000,"39,80529677",2,3
COLOMBO,Santos,Dornfall;Ngorim;Nassauia;Konoha,72000,72000,"38,0042292",2,3
COLOMBO,Santos,Dornfall;Ngorim;Nassauia;Ulthar,58000,58000,"40,48943471",2,3
COLOMBO,Santos,Dornfall;Ngorim;Nassauia;Ulthar,72000,72000,"38,70200698",2,3
COLOMBO,Santos,Dornfall;Ngorim;Nassauia;Lothlorien,58000,58000,"39,80529677",2,3
COLOMBO,Santos,Dornfall;Ngorim;Nassauia;Lothlorien,72000,72000,"38,0042292",2,3
COLOMBO,Santos,Dornfall;Ngorim;Namek;Yjigar,58000,58000,"40,23391746",2,3
COLOMBO,Santos,Dornfall;Ngorim;Namek;Yjigar,72000,72000,"38,43978476",2,3
COLOMBO,Santos,Dornfall;Ngorim;Namek;Zuldazar,58000,58000,"40,23391746",2,3
COLOMBO,Santos,Dornfall;Ngorim;Namek;Zuldazar,72000,72000,"38,43978476",2,3
COLOMBO,Santos,Dornfall;Ngorim;Konoha;Yjigar,58000,58000,"39,80529677",2,3
COLOMBO,Santos,Dornfall;Ngorim;Konoha;Yjigar,72000,72000,"38,0042292",2,3
COLOMBO,Santos,Dornfall;Ngorim;Konoha;Zuldazar,58000,58000,"39,80529677",2,3
COLOMBO,Santos,Dornfall;Ngorim;Konoha;Zuldazar,72000,72000,"38,0042292",2,3
COLOMBO,Santos,Dornfall;Ngorim;Ulthar,58000,58000,"39,48633126",2,3
COLOMBO,Santos,Dornfall;Ngorim;Ulthar,72000,72000,"37,86311809",2,3
COLOMBO,Santos,Dornfall;Ngorim;Ulthar;Yjigar,58000,58000,"40,48943471",2,3
COLOMBO,Santos,Dornfall;Ngorim;Ulthar;Yjigar,72000,72000,"38,70200698",2,3
COLOMBO,Santos,Dornfall;Ngorim;Ulthar;Zuldazar,58000,58000,"40,48943471",2,3
COLOMBO,Santos,Dornfall;Ngorim;Ulthar;Zuldazar,72000,72000,"38,70200698",2,3
COLOMBO,Santos,Dornfall;Ngorim;Lothlorien;Yjigar,58000,58000,"39,80529677",2,3
COLOMBO,Santos,Dornfall;Ngorim;Lothlorien;Yjigar,72000,72000,"38,0042292",2,3
COLOMBO,Santos,Dornfall;Ngorim;Lothlorien;Zuldazar,58000,58000,"39,80529677",2,3
COLOMBO,Santos,Dornfall;Ngorim;Lothlorien;Zuldazar,72000,72000,"38,0042292",2,3
COLOMBO,Santos,Dornfall;Ngorim;Yjigar,58000,58000,"39,16219333",2,3
COLOMBO,Santos,Dornfall;Ngorim;Yjigar,72000,72000,"37,51534031",2,3
COLOMBO,Santos,Dornfall;Ngorim;Zuldazar,58000,58000,"39,16219333",2,3
COLOMBO,Santos,Dornfall;Ngorim;Zuldazar,72000,72000,"37,51534031",2,3
COLOMBO,Santos,Dornfall;Namek,58000,58000,"37,91943471",2,3
COLOMBO,Santos,Dornfall;Namek,72000,72000,"36,46367365",2,3
COLOMBO,Santos,Dornfall;Namek;Konoha;Yjigar,58000,58000,"40,2856416",2,3
COLOMBO,Santos,Dornfall;Namek;Konoha;Yjigar,72000,72000,"38,48145142",2,3
COLOMBO,Santos,Dornfall;Namek;Konoha;Zuldazar,58000,58000,"40,2856416",2,3
COLOMBO,Santos,Dornfall;Namek;Konoha;Zuldazar,72000,72000,"38,48145142",2,3
COLOMBO,Santos,Dornfall;Namek;Lothlorien;Yjigar,58000,58000,"40,2856416",2,3
COLOMBO,Santos,Dornfall;Namek;Lothlorien;Yjigar,72000,72000,"38,48145142",2,3
COLOMBO,Santos,Dornfall;Namek;Lothlorien;Zuldazar,58000,58000,"40,2856416",2,3
COLOMBO,Santos,Dornfall;Namek;Lothlorien;Zuldazar,72000,72000,"38,48145142",2,3
COLOMBO,Santos,Dornfall;Konoha,58000,58000,"38,22081402",2,3
COLOMBO,Santos,Dornfall;Konoha,72000,72000,"36,71811809",2,3
COLOMBO,Santos,Dornfall;Konoha;Ulthar,58000,58000,"39,5380554",2,3
COLOMBO,Santos,Dornfall;Konoha;Ulthar,72000,72000,"37,90478476",2,3
COLOMBO,Santos,Dornfall;Konoha;Ulthar;Yjigar,58000,58000,"40,54115884",2,3
COLOMBO,Santos,Dornfall;Konoha;Ulthar;Yjigar,72000,72000,"38,74367365",2,3
COLOMBO,Santos,Dornfall;Konoha;Ulthar;Zuldazar,58000,58000,"40,54115884",2,3
COLOMBO,Santos,Dornfall;Konoha;Ulthar;Zuldazar,72000,72000,"38,74367365",2,3
COLOMBO,Santos,Dornfall;Konoha;Lothlorien;Yjigar,58000,58000,"39,85702091",2,3
COLOMBO,Santos,Dornfall;Konoha;Lothlorien;Yjigar,72000,72000,"38,04589587",2,3
COLOMBO,Santos,Dornfall;Konoha;Lothlorien;Zuldazar,58000,58000,"39,85702091",2,3
COLOMBO,Santos,Dornfall;Konoha;Lothlorien;Zuldazar,72000,72000,"38,04589587",2,3
COLOMBO,Santos,Dornfall;Konoha;Yjigar,58000,58000,"39,21391746",2,3
COLOMBO,Santos,Dornfall;Konoha;Yjigar,72000,72000,"37,55700698",2,3
COLOMBO,Santos,Dornfall;Konoha;Zuldazar,58000,58000,"39,21391746",2,3
COLOMBO,Santos,Dornfall;Konoha;Zuldazar,72000,72000,"37,55700698",2,3
COLOMBO,Santos,Dornfall;Ulthar,58000,58000,"38,17495195",2,3
COLOMBO,Santos,Dornfall;Ulthar,72000,72000,"36,71589587",2,3
COLOMBO,Santos,Dornfall;Ulthar;Lothlorien,58000,58000,"39,5380554",2,3
COLOMBO,Santos,Dornfall;Ulthar;Lothlorien,72000,72000,"37,90478476",2,3
COLOMBO,Santos,Dornfall;Ulthar;Lothlorien;Yjigar,58000,58000,"40,54115884",2,3
COLOMBO,Santos,Dornfall;Ulthar;Lothlorien;Yjigar,72000,72000,"38,74367365",2,3
COLOMBO,Santos,Dornfall;Ulthar;Lothlorien;Zuldazar,58000,58000,"40,54115884",2,3
COLOMBO,Santos,Dornfall;Ulthar;Lothlorien;Zuldazar,72000,72000,"38,74367365",2,3
COLOMBO,Santos,Dornfall;Lothlorien,58000,58000,"38,22081402",2,3
COLOMBO,Santos,Dornfall;Lothlorien,72000,72000,"36,71811809",2,3
COLOMBO,Santos,Dornfall;Lothlorien;Yjigar,58000,58000,"39,21391746",2,3
COLOMBO,Santos,Dornfall;Lothlorien;Yjigar,72000,72000,"37,55700698",2,3
COLOMBO,Santos,Dornfall;Lothlorien;Zuldazar,58000,58000,"39,21391746",2,3
COLOMBO,Santos,Dornfall;Lothlorien;Zuldazar,72000,72000,"37,55700698",2,3
COLOMBO,Santos,Deliora;Promethea,58000,58000,"38,52288298",2,3
COLOMBO,Santos,Deliora;Promethea,72000,72000,"36,94978476",2,3
COLOMBO,Santos,Deliora;Promethea;Nassauia;Konoha,58000,58000,"40,88908988",2,3
COLOMBO,Santos,Deliora;Promethea;Nassauia;Konoha,72000,72000,"38,96756254",2,3
COLOMBO,Santos,Deliora;Promethea;Nassauia;Lothlorien,58000,58000,"40,88908988",2,3
COLOMBO,Santos,Deliora;Promethea;Nassauia;Lothlorien,72000,72000,"38,96756254",2,3
COLOMBO,Santos,Deliora;Promethea;Ngorim;Nassauia,58000,58000,"40,83736574",2,3
COLOMBO,Santos,Deliora;Promethea;Ngorim;Nassauia,72000,72000,"38,92589587",2,3
COLOMBO,Santos,Deliora;Promethea;Ngorim;Yjigar,58000,58000,"40,83736574",2,3
COLOMBO,Santos,Deliora;Promethea;Ngorim;Yjigar,72000,72000,"38,92589587",2,3
COLOMBO,Santos,Deliora;Promethea;Ngorim;Zuldazar,58000,58000,"40,83736574",2,3
COLOMBO,Santos,Deliora;Promethea;Ngorim;Zuldazar,72000,72000,"38,92589587",2,3
COLOMBO,Santos,Deliora;Promethea;Konoha;Yjigar,58000,58000,"40,88908988",2,3
COLOMBO,Santos,Deliora;Promethea;Konoha;Yjigar,72000,72000,"38,96756254",2,3
COLOMBO,Santos,Deliora;Promethea;Konoha;Zuldazar,58000,58000,"40,88908988",2,3
COLOMBO,Santos,Deliora;Promethea;Konoha;Zuldazar,72000,72000,"38,96756254",2,3
COLOMBO,Santos,Deliora;Promethea;Lothlorien;Yjigar,58000,58000,"40,88908988",2,3
COLOMBO,Santos,Deliora;Promethea;Lothlorien;Yjigar,72000,72000,"38,96756254",2,3
COLOMBO,Santos,Deliora;Promethea;Lothlorien;Zuldazar,58000,58000,"40,88908988",2,3
COLOMBO,Santos,Deliora;Promethea;Lothlorien;Zuldazar,72000,72000,"38,96756254",2,3
COLOMBO,Santos,Deliora;Ichoris,58000,58000,"38,1780554",2,3
COLOMBO,Santos,Deliora;Ichoris,72000,72000,"36,67200698",2,3
COLOMBO,Santos,Deliora;Ichoris;Nassauia;Konoha,58000,58000,"40,54426229",2,3
COLOMBO,Santos,Deliora;Ichoris;Nassauia;Konoha,72000,72000,"38,68978476",2,3
COLOMBO,Santos,Deliora;Ichoris;Nassauia;Lothlorien,58000,58000,"40,54426229",2,3
COLOMBO,Santos,Deliora;Ichoris;Nassauia;Lothlorien,72000,72000,"38,68978476",2,3
COLOMBO,Santos,Deliora;Ichoris;Ngorim;Nassauia,58000,58000,"40,49253815",2,3
COLOMBO,Santos,Deliora;Ichoris;Ngorim;Nassauia,72000,72000,"38,64811809",2,3
COLOMBO,Santos,Deliora;Ichoris;Ngorim;Yjigar,58000,58000,"40,49253815",2,3
COLOMBO,Santos,Deliora;Ichoris;Ngorim;Yjigar,72000,72000,"38,64811809",2,3
COLOMBO,Santos,Deliora;Ichoris;Ngorim;Zuldazar,58000,58000,"40,49253815",2,3
COLOMBO,Santos,Deliora;Ichoris;Ngorim;Zuldazar,72000,72000,"38,64811809",2,3
COLOMBO,Santos,Deliora;Ichoris;Konoha;Yjigar,58000,58000,"40,54426229",2,3
COLOMBO,Santos,Deliora;Ichoris;Konoha;Yjigar,72000,72000,"38,68978476",2,3
COLOMBO,Santos,Deliora;Ichoris;Konoha;Zuldazar,58000,58000,"40,54426229",2,3
COLOMBO,Santos,Deliora;Ichoris;Konoha;Zuldazar,72000,72000,"38,68978476",2,3
COLOMBO,Santos,Deliora;Ichoris;Lothlorien;Yjigar,58000,58000,"40,54426229",2,3
COLOMBO,Santos,Deliora;Ichoris;Lothlorien;Yjigar,72000,72000,"38,68978476",2,3
COLOMBO,Santos,Deliora;Ichoris;Lothlorien;Zuldazar,58000,58000,"40,54426229",2,3
COLOMBO,Santos,Deliora;Ichoris;Lothlorien;Zuldazar,72000,72000,"38,68978476",2,3
COLOMBO,Santos,Deliora;Askr;Nassauia;Konoha,58000,58000,"40,50115884",2,3
COLOMBO,Santos,Deliora;Askr;Nassauia;Konoha,72000,72000,"38,62645142",2,3
COLOMBO,Santos,Deliora;Askr;Nassauia;Lothlorien,58000,58000,"40,50115884",2,3
COLOMBO,Santos,Deliora;Askr;Nassauia;Lothlorien,72000,72000,"38,62645142",2,3
COLOMBO,Santos,Deliora;Askr;Ngorim;Nassauia,58000,58000,"40,44943471",2,3
COLOMBO,Santos,Deliora;Askr;Ngorim;Nassauia,72000,72000,"38,58478476",2,3
COLOMBO,Santos,Deliora;Askr;Ngorim;Yjigar,58000,58000,"40,44943471",2,3
COLOMBO,Santos,Deliora;Askr;Ngorim;Yjigar,72000,72000,"38,58478476",2,3
COLOMBO,Santos,Deliora;Askr;Ngorim;Zuldazar,58000,58000,"40,44943471",2,3
COLOMBO,Santos,Deliora;Askr;Ngorim;Zuldazar,72000,72000,"38,58478476",2,3
COLOMBO,Santos,Deliora;Askr;Konoha;Yjigar,58000,58000,"40,50115884",2,3
COLOMBO,Santos,Deliora;Askr;Konoha;Yjigar,72000,72000,"38,62645142",2,3
COLOMBO,Santos,Deliora;Askr;Konoha;Zuldazar,58000,58000,"40,50115884",2,3
COLOMBO,Santos,Deliora;Askr;Konoha;Zuldazar,72000,72000,"38,62645142",2,3
COLOMBO,Santos,Deliora;Askr;Lothlorien;Yjigar,58000,58000,"40,50115884",2,3
COLOMBO,Santos,Deliora;Askr;Lothlorien;Yjigar,72000,72000,"38,62645142",2,3
COLOMBO,Santos,Deliora;Askr;Lothlorien;Zuldazar,58000,58000,"40,50115884",2,3
COLOMBO,Santos,Deliora;Askr;Lothlorien;Zuldazar,72000,72000,"38,62645142",2,3
COLOMBO,Santos,Deliora;Seireitei,58000,58000,"38,81288298",2,3
COLOMBO,Santos,Deliora;Seireitei,72000,72000,"37,22978476",2,3
COLOMBO,Santos,Deliora;Seireitei;Nassauia;Konoha,58000,58000,"41,17908988",2,3
COLOMBO,Santos,Deliora;Seireitei;Nassauia;Konoha,72000,72000,"39,25756254",2,3
COLOMBO,Santos,Deliora;Seireitei;Nassauia;Lothlorien,58000,58000,"41,17908988",2,3
COLOMBO,Santos,Deliora;Seireitei;Nassauia;Lothlorien,72000,72000,"39,25756254",2,3
COLOMBO,Santos,Deliora;Seireitei;Ngorim,58000,58000,"40,12426229",2,3
COLOMBO,Santos,Deliora;Seireitei;Ngorim,72000,72000,"38,37700698",2,3
COLOMBO,Santos,Deliora;Seireitei;Ngorim;Nassauia,58000,58000,"41,12736574",2,3
COLOMBO,Santos,Deliora;Seireitei;Ngorim;Nassauia,72000,72000,"39,21589587",2,3
COLOMBO,Santos,Deliora;Seireitei;Ngorim;Yjigar,58000,58000,"41,12736574",2,3
COLOMBO,Santos,Deliora;Seireitei;Ngorim;Yjigar,72000,72000,"39,21589587",2,3
COLOMBO,Santos,Deliora;Seireitei;Ngorim;Zuldazar,58000,58000,"41,12736574",2,3
COLOMBO,Santos,Deliora;Seireitei;Ngorim;Zuldazar,72000,72000,"39,21589587",2,3
COLOMBO,Santos,Deliora;Seireitei;Konoha,58000,58000,"40,17598643",2,3
COLOMBO,Santos,Deliora;Seireitei;Konoha,72000,72000,"38,41867365",2,3
COLOMBO,Santos,Deliora;Seireitei;Konoha;Yjigar,58000,58000,"41,17908988",2,3
COLOMBO,Santos,Deliora;Seireitei;Konoha;Yjigar,72000,72000,"39,25756254",2,3
COLOMBO,Santos,Deliora;Seireitei;Konoha;Zuldazar,58000,58000,"41,17908988",2,3
COLOMBO,Santos,Deliora;Seireitei;Konoha;Zuldazar,72000,72000,"39,25756254",2,3
COLOMBO,Santos,Deliora;Seireitei;Lothlorien,58000,58000,"40,17598643",2,3
COLOMBO,Santos,Deliora;Seireitei;Lothlorien,72000,72000,"38,41867365",2,3
COLOMBO,Santos,Deliora;Seireitei;Lothlorien;Yjigar,58000,58000,"41,17908988",2,3
COLOMBO,Santos,Deliora;Seireitei;Lothlorien;Yjigar,72000,72000,"39,25756254",2,3
COLOMBO,Santos,Deliora;Seireitei;Lothlorien;Zuldazar,58000,58000,"41,17908988",2,3
COLOMBO,Santos,Deliora;Seireitei;Lothlorien;Zuldazar,72000,72000,"39,25756254",2,3
COLOMBO,Santos,Deliora;Nassauia;Namek;Konoha,58000,58000,"40,92357264",2,3
COLOMBO,Santos,Deliora;Nassauia;Namek;Konoha,72000,72000,"38,99534031",2,3
COLOMBO,Santos,Deliora;Nassauia;Namek;Lothlorien,58000,58000,"40,92357264",2,3
COLOMBO,Santos,Deliora;Nassauia;Namek;Lothlorien,72000,72000,"38,99534031",2,3
COLOMBO,Santos,Deliora;Nassauia;Konoha,58000,58000,"39,8518485",2,3
COLOMBO,Santos,Deliora;Nassauia;Konoha,72000,72000,"38,07089587",2,3
COLOMBO,Santos,Deliora;Nassauia;Konoha;Ulthar,58000,58000,"41,17908988",2,3
COLOMBO,Santos,Deliora;Nassauia;Konoha;Ulthar,72000,72000,"39,25756254",2,3
COLOMBO,Santos,Deliora;Nassauia;Konoha;Lothlorien,58000,58000,"40,49495195",2,3
COLOMBO,Santos,Deliora;Nassauia;Konoha;Lothlorien,72000,72000,"38,55978476",2,3
COLOMBO,Santos,Deliora;Nassauia;Ulthar;Lothlorien,58000,58000,"41,17908988",2,3
COLOMBO,Santos,Deliora;Nassauia;Ulthar;Lothlorien,72000,72000,"39,25756254",2,3
COLOMBO,Santos,Deliora;Nassauia;Lothlorien,58000,58000,"39,8518485",2,3
COLOMBO,Santos,Deliora;Nassauia;Lothlorien,72000,72000,"38,07089587",2,3
COLOMBO,Santos,Deliora;Ngorim,58000,58000,"38,80702091",2,3
COLOMBO,Santos,Deliora;Ngorim,72000,72000,"37,19034031",2,3
COLOMBO,Santos,Deliora;Ngorim;Nassauia,58000,58000,"39,80012436",2,3
COLOMBO,Santos,Deliora;Ngorim;Nassauia,72000,72000,"38,0292292",2,3
COLOMBO,Santos,Deliora;Ngorim;Nassauia;Namek,58000,58000,"40,8718485",2,3
COLOMBO,Santos,Deliora;Ngorim;Nassauia;Namek,72000,72000,"38,95367365",2,3
COLOMBO,Santos,Deliora;Ngorim;Nassauia;Konoha,58000,58000,"40,44322781",2,3
COLOMBO,Santos,Deliora;Ngorim;Nassauia;Konoha,72000,72000,"38,51811809",2,3
COLOMBO,Santos,Deliora;Ngorim;Nassauia;Ulthar,58000,58000,"41,12736574",2,3
COLOMBO,Santos,Deliora;Ngorim;Nassauia;Ulthar,72000,72000,"39,21589587",2,3
COLOMBO,Santos,Deliora;Ngorim;Nassauia;Lothlorien,58000,58000,"40,44322781",2,3
COLOMBO,Santos,Deliora;Ngorim;Nassauia;Lothlorien,72000,72000,"38,51811809",2,3
COLOMBO,Santos,Deliora;Ngorim;Namek;Yjigar,58000,58000,"40,8718485",2,3
COLOMBO,Santos,Deliora;Ngorim;Namek;Yjigar,72000,72000,"38,95367365",2,3
COLOMBO,Santos,Deliora;Ngorim;Namek;Zuldazar,58000,58000,"40,8718485",2,3
COLOMBO,Santos,Deliora;Ngorim;Namek;Zuldazar,72000,72000,"38,95367365",2,3
COLOMBO,Santos,Deliora;Ngorim;Konoha;Yjigar,58000,58000,"40,44322781",2,3
COLOMBO,Santos,Deliora;Ngorim;Konoha;Yjigar,72000,72000,"38,51811809",2,3
COLOMBO,Santos,Deliora;Ngorim;Konoha;Zuldazar,58000,58000,"40,44322781",2,3
COLOMBO,Santos,Deliora;Ngorim;Konoha;Zuldazar,72000,72000,"38,51811809",2,3
COLOMBO,Santos,Deliora;Ngorim;Ulthar,58000,58000,"40,12426229",2,3
COLOMBO,Santos,Deliora;Ngorim;Ulthar,72000,72000,"38,37700698",2,3
COLOMBO,Santos,Deliora;Ngorim;Ulthar;Yjigar,58000,58000,"41,12736574",2,3
COLOMBO,Santos,Deliora;Ngorim;Ulthar;Yjigar,72000,72000,"39,21589587",2,3
COLOMBO,Santos,Deliora;Ngorim;Ulthar;Zuldazar,58000,58000,"41,12736574",2,3
COLOMBO,Santos,Deliora;Ngorim;Ulthar;Zuldazar,72000,72000,"39,21589587",2,3
COLOMBO,Santos,Deliora;Ngorim;Lothlorien;Yjigar,58000,58000,"40,44322781",2,3
COLOMBO,Santos,Deliora;Ngorim;Lothlorien;Yjigar,72000,72000,"38,51811809",2,3
COLOMBO,Santos,Deliora;Ngorim;Lothlorien;Zuldazar,58000,58000,"40,44322781",2,3
COLOMBO,Santos,Deliora;Ngorim;Lothlorien;Zuldazar,72000,72000,"38,51811809",2,3
COLOMBO,Santos,Deliora;Ngorim;Yjigar,58000,58000,"39,80012436",2,3
COLOMBO,Santos,Deliora;Ngorim;Yjigar,72000,72000,"38,0292292",2,3
COLOMBO,Santos,Deliora;Ngorim;Zuldazar,58000,58000,"39,80012436",2,3
COLOMBO,Santos,Deliora;Ngorim;Zuldazar,72000,72000,"38,0292292",2,3
COLOMBO,Santos,Deliora;Namek,58000,58000,"38,55736574",2,3
COLOMBO,Santos,Deliora;Namek,72000,72000,"36,97756254",2,3
COLOMBO,Santos,Deliora;Namek;Konoha;Yjigar,58000,58000,"40,92357264",2,3
COLOMBO,Santos,Deliora;Namek;Konoha;Yjigar,72000,72000,"38,99534031",2,3
COLOMBO,Santos,Deliora;Namek;Konoha;Zuldazar,58000,58000,"40,92357264",2,3
COLOMBO,Santos,Deliora;Namek;Konoha;Zuldazar,72000,72000,"38,99534031",2,3
COLOMBO,Santos,Deliora;Namek;Lothlorien;Yjigar,58000,58000,"40,92357264",2,3
COLOMBO,Santos,Deliora;Namek;Lothlorien;Yjigar,72000,72000,"38,99534031",2,3
COLOMBO,Santos,Deliora;Namek;Lothlorien;Zuldazar,58000,58000,"40,92357264",2,3
COLOMBO,Santos,Deliora;Namek;Lothlorien;Zuldazar,72000,72000,"38,99534031",2,3
COLOMBO,Santos,Deliora;Konoha,58000,58000,"38,85874505",2,3
COLOMBO,Santos,Deliora;Konoha,72000,72000,"37,23200698",2,3
COLOMBO,Santos,Deliora;Konoha;Ulthar,58000,58000,"40,17598643",2,3
COLOMBO,Santos,Deliora;Konoha;Ulthar,72000,72000,"38,41867365",2,3
COLOMBO,Santos,Deliora;Konoha;Ulthar;Yjigar,58000,58000,"41,17908988",2,3
COLOMBO,Santos,Deliora;Konoha;Ulthar;Yjigar,72000,72000,"39,25756254",2,3
COLOMBO,Santos,Deliora;Konoha;Ulthar;Zuldazar,58000,58000,"41,17908988",2,3
COLOMBO,Santos,Deliora;Konoha;Ulthar;Zuldazar,72000,72000,"39,25756254",2,3
COLOMBO,Santos,Deliora;Konoha;Lothlorien;Yjigar,58000,58000,"40,49495195",2,3
COLOMBO,Santos,Deliora;Konoha;Lothlorien;Yjigar,72000,72000,"38,55978476",2,3
COLOMBO,Santos,Deliora;Konoha;Lothlorien;Zuldazar,58000,58000,"40,49495195",2,3
COLOMBO,Santos,Deliora;Konoha;Lothlorien;Zuldazar,72000,72000,"38,55978476",2,3
COLOMBO,Santos,Deliora;Konoha;Yjigar,58000,58000,"39,8518485",2,3
COLOMBO,Santos,Deliora;Konoha;Yjigar,72000,72000,"38,07089587",2,3
COLOMBO,Santos,Deliora;Konoha;Zuldazar,58000,58000,"39,8518485",2,3
COLOMBO,Santos,Deliora;Konoha;Zuldazar,72000,72000,"38,07089587",2,3
COLOMBO,Santos,Deliora;Ulthar,58000,58000,"38,81288298",2,3
COLOMBO,Santos,Deliora;Ulthar,72000,72000,"37,22978476",2,3
COLOMBO,Santos,Deliora;Ulthar;Lothlorien,58000,58000,"40,17598643",2,3
COLOMBO,Santos,Deliora;Ulthar;Lothlorien,72000,72000,"38,41867365",2,3
COLOMBO,Santos,Deliora;Ulthar;Lothlorien;Yjigar,58000,58000,"41,17908988",2,3
COLOMBO,Santos,Deliora;Ulthar;Lothlorien;Yjigar,72000,72000,"39,25756254",2,3
COLOMBO,Santos,Deliora;Ulthar;Lothlorien;Zuldazar,58000,58000,"41,17908988",2,3
COLOMBO,Santos,Deliora;Ulthar;Lothlorien;Zuldazar,72000,72000,"39,25756254",2,3
COLOMBO,Santos,Deliora;Lothlorien,58000,58000,"38,85874505",2,3
COLOMBO,Santos,Deliora;Lothlorien,72000,72000,"37,23200698",2,3
COLOMBO,Santos,Deliora;Lothlorien;Yjigar,58000,58000,"39,8518485",2,3
COLOMBO,Santos,Deliora;Lothlorien;Yjigar,72000,72000,"38,07089587",2,3
COLOMBO,Santos,Deliora;Lothlorien;Zuldazar,58000,58000,"39,8518485",2,3
COLOMBO,Santos,Deliora;Lothlorien;Zuldazar,72000,72000,"38,07089587",2,3
COLOMBO,Santos,Promethea;Lyngard,58000,58000,"38,5056416",2,3
COLOMBO,Santos,Promethea;Lyngard,72000,72000,"36,93589587",2,3
COLOMBO,Santos,Promethea;Lyngard;Nassauia;Konoha,58000,58000,"40,8718485",2,3
COLOMBO,Santos,Promethea;Lyngard;Nassauia;Konoha,72000,72000,"38,95367365",2,3
COLOMBO,Santos,Promethea;Lyngard;Nassauia;Lothlorien,58000,58000,"40,8718485",2,3
COLOMBO,Santos,Promethea;Lyngard;Nassauia;Lothlorien,72000,72000,"38,95367365",2,3
COLOMBO,Santos,Promethea;Lyngard;Ngorim;Nassauia,58000,58000,"40,82012436",2,3
COLOMBO,Santos,Promethea;Lyngard;Ngorim;Nassauia,72000,72000,"38,91200698",2,3
COLOMBO,Santos,Promethea;Lyngard;Ngorim;Yjigar,58000,58000,"40,82012436",2,3
COLOMBO,Santos,Promethea;Lyngard;Ngorim;Yjigar,72000,72000,"38,91200698",2,3
COLOMBO,Santos,Promethea;Lyngard;Ngorim;Zuldazar,58000,58000,"40,82012436",2,3
COLOMBO,Santos,Promethea;Lyngard;Ngorim;Zuldazar,72000,72000,"38,91200698",2,3
COLOMBO,Santos,Promethea;Lyngard;Konoha;Yjigar,58000,58000,"40,8718485",2,3
COLOMBO,Santos,Promethea;Lyngard;Konoha;Yjigar,72000,72000,"38,95367365",2,3
COLOMBO,Santos,Promethea;Lyngard;Konoha;Zuldazar,58000,58000,"40,8718485",2,3
COLOMBO,Santos,Promethea;Lyngard;Konoha;Zuldazar,72000,72000,"38,95367365",2,3
COLOMBO,Santos,Promethea;Lyngard;Lothlorien;Yjigar,58000,58000,"40,8718485",2,3
COLOMBO,Santos,Promethea;Lyngard;Lothlorien;Yjigar,72000,72000,"38,95367365",2,3
COLOMBO,Santos,Promethea;Lyngard;Lothlorien;Zuldazar,58000,58000,"40,8718485",2,3
COLOMBO,Santos,Promethea;Lyngard;Lothlorien;Zuldazar,72000,72000,"38,95367365",2,3
COLOMBO,Santos,Promethea;Nassauia;Tahlenwald;Konoha,58000,58000,"40,8718485",2,3
COLOMBO,Santos,Promethea;Nassauia;Tahlenwald;Konoha,72000,72000,"38,95367365",2,3
COLOMBO,Santos,Promethea;Nassauia;Tahlenwald;Lothlorien,58000,58000,"40,8718485",2,3
COLOMBO,Santos,Promethea;Nassauia;Tahlenwald;Lothlorien,72000,72000,"38,95367365",2,3
COLOMBO,Santos,Promethea;Nassauia;Dirtmouth;Konoha,58000,58000,"40,94081402",2,3
COLOMBO,Santos,Promethea;Nassauia;Dirtmouth;Konoha,72000,72000,"39,0092292",2,3
COLOMBO,Santos,Promethea;Nassauia;Dirtmouth;Lothlorien,58000,58000,"40,94081402",2,3
COLOMBO,Santos,Promethea;Nassauia;Dirtmouth;Lothlorien,72000,72000,"39,0092292",2,3
COLOMBO,Santos,Promethea;Nassauia;Konoha;Marineford,58000,58000,"40,8718485",2,3
COLOMBO,Santos,Promethea;Nassauia;Konoha;Marineford,72000,72000,"38,95367365",2,3
COLOMBO,Santos,Promethea;Nassauia;Marineford;Lothlorien,58000,58000,"40,8718485",2,3
COLOMBO,Santos,Promethea;Nassauia;Marineford;Lothlorien,72000,72000,"38,95367365",2,3
COLOMBO,Santos,Promethea;Ngorim;Nassauia;Tahlenwald,58000,58000,"40,82012436",2,3
COLOMBO,Santos,Promethea;Ngorim;Nassauia;Tahlenwald,72000,72000,"38,91200698",2,3
COLOMBO,Santos,Promethea;Ngorim;Nassauia;Dirtmouth,58000,58000,"40,88908988",2,3
COLOMBO,Santos,Promethea;Ngorim;Nassauia;Dirtmouth,72000,72000,"38,96756254",2,3
COLOMBO,Santos,Promethea;Ngorim;Nassauia;Marineford,58000,58000,"40,82012436",2,3
COLOMBO,Santos,Promethea;Ngorim;Nassauia;Marineford,72000,72000,"38,91200698",2,3
COLOMBO,Santos,Promethea;Ngorim;Tahlenwald;Yjigar,58000,58000,"40,82012436",2,3
COLOMBO,Santos,Promethea;Ngorim;Tahlenwald;Yjigar,72000,72000,"38,91200698",2,3
COLOMBO,Santos,Promethea;Ngorim;Tahlenwald;Zuldazar,58000,58000,"40,82012436",2,3
COLOMBO,Santos,Promethea;Ngorim;Tahlenwald;Zuldazar,72000,72000,"38,91200698",2,3
COLOMBO,Santos,Promethea;Ngorim;Dirtmouth;Yjigar,58000,58000,"40,88908988",2,3
COLOMBO,Santos,Promethea;Ngorim;Dirtmouth;Yjigar,72000,72000,"38,96756254",2,3
COLOMBO,Santos,Promethea;Ngorim;Dirtmouth;Zuldazar,58000,58000,"40,88908988",2,3
COLOMBO,Santos,Promethea;Ngorim;Dirtmouth;Zuldazar,72000,72000,"38,96756254",2,3
COLOMBO,Santos,Promethea;Ngorim;Marineford;Yjigar,58000,58000,"40,82012436",2,3
COLOMBO,Santos,Promethea;Ngorim;Marineford;Yjigar,72000,72000,"38,91200698",2,3
COLOMBO,Santos,Promethea;Ngorim;Marineford;Zuldazar,58000,58000,"40,82012436",2,3
COLOMBO,Santos,Promethea;Ngorim;Marineford;Zuldazar,72000,72000,"38,91200698",2,3
COLOMBO,Santos,Promethea;Tahlenwald,58000,58000,"38,5056416",2,3
COLOMBO,Santos,Promethea;Tahlenwald,72000,72000,"36,93589587",2,3
COLOMBO,Santos,Promethea;Tahlenwald;Konoha;Yjigar,58000,58000,"40,8718485",2,3
COLOMBO,Santos,Promethea;Tahlenwald;Konoha;Yjigar,72000,72000,"38,95367365",2,3
COLOMBO,Santos,Promethea;Tahlenwald;Konoha;Zuldazar,58000,58000,"40,8718485",2,3
COLOMBO,Santos,Promethea;Tahlenwald;Konoha;Zuldazar,72000,72000,"38,95367365",2,3
COLOMBO,Santos,Promethea;Tahlenwald;Lothlorien;Yjigar,58000,58000,"40,8718485",2,3
COLOMBO,Santos,Promethea;Tahlenwald;Lothlorien;Yjigar,72000,72000,"38,95367365",2,3
COLOMBO,Santos,Promethea;Tahlenwald;Lothlorien;Zuldazar,58000,58000,"40,8718485",2,3
COLOMBO,Santos,Promethea;Tahlenwald;Lothlorien;Zuldazar,72000,72000,"38,95367365",2,3
COLOMBO,Santos,Promethea;Dirtmouth,58000,58000,"38,57460712",2,3
COLOMBO,Santos,Promethea;Dirtmouth,72000,72000,"36,99145142",2,3
COLOMBO,Santos,Promethea;Dirtmouth;Konoha;Yjigar,58000,58000,"40,94081402",2,3
COLOMBO,Santos,Promethea;Dirtmouth;Konoha;Yjigar,72000,72000,"39,0092292",2,3
COLOMBO,Santos,Promethea;Dirtmouth;Konoha;Zuldazar,58000,58000,"40,94081402",2,3
COLOMBO,Santos,Promethea;Dirtmouth;Konoha;Zuldazar,72000,72000,"39,0092292",2,3
COLOMBO,Santos,Promethea;Dirtmouth;Lothlorien;Yjigar,58000,58000,"40,94081402",2,3
COLOMBO,Santos,Promethea;Dirtmouth;Lothlorien;Yjigar,72000,72000,"39,0092292",2,3
COLOMBO,Santos,Promethea;Dirtmouth;Lothlorien;Zuldazar,58000,58000,"40,94081402",2,3
COLOMBO,Santos,Promethea;Dirtmouth;Lothlorien;Zuldazar,72000,72000,"39,0092292",2,3
COLOMBO,Santos,Promethea;Konoha;Marineford;Yjigar,58000,58000,"40,8718485",2,3
COLOMBO,Santos,Promethea;Konoha;Marineford;Yjigar,72000,72000,"38,95367365",2,3
COLOMBO,Santos,Promethea;Konoha;Marineford;Zuldazar,58000,58000,"40,8718485",2,3
COLOMBO,Santos,Promethea;Konoha;Marineford;Zuldazar,72000,72000,"38,95367365",2,3
COLOMBO,Santos,Promethea;Marineford,58000,58000,"38,5056416",2,3
COLOMBO,Santos,Promethea;Marineford,72000,72000,"36,93589587",2,3
COLOMBO,Santos,Promethea;Marineford;Lothlorien;Yjigar,58000,58000,"40,8718485",2,3
COLOMBO,Santos,Promethea;Marineford;Lothlorien;Yjigar,72000,72000,"38,95367365",2,3
COLOMBO,Santos,Promethea;Marineford;Lothlorien;Zuldazar,58000,58000,"40,8718485",2,3
COLOMBO,Santos,Promethea;Marineford;Lothlorien;Zuldazar,72000,72000,"38,95367365",2,3
COLOMBO,Santos,Ichoris;Lyngard,58000,58000,"38,16081402",2,3
COLOMBO,Santos,Ichoris;Lyngard,72000,72000,"36,65811809",2,3
COLOMBO,Santos,Ichoris;Lyngard;Nassauia;Konoha,58000,58000,"40,52702091",2,3
COLOMBO,Santos,Ichoris;Lyngard;Nassauia;Konoha,72000,72000,"38,67589587",2,3
COLOMBO,Santos,Ichoris;Lyngard;Nassauia;Lothlorien,58000,58000,"40,52702091",2,3
COLOMBO,Santos,Ichoris;Lyngard;Nassauia;Lothlorien,72000,72000,"38,67589587",2,3
COLOMBO,Santos,Ichoris;Lyngard;Ngorim;Nassauia,58000,58000,"40,47529677",2,3
COLOMBO,Santos,Ichoris;Lyngard;Ngorim;Nassauia,72000,72000,"38,6342292",2,3
COLOMBO,Santos,Ichoris;Lyngard;Ngorim;Yjigar,58000,58000,"40,47529677",2,3
COLOMBO,Santos,Ichoris;Lyngard;Ngorim;Yjigar,72000,72000,"38,6342292",2,3
COLOMBO,Santos,Ichoris;Lyngard;Ngorim;Zuldazar,58000,58000,"40,47529677",2,3
COLOMBO,Santos,Ichoris;Lyngard;Ngorim;Zuldazar,72000,72000,"38,6342292",2,3
COLOMBO,Santos,Ichoris;Lyngard;Konoha;Yjigar,58000,58000,"40,52702091",2,3
COLOMBO,Santos,Ichoris;Lyngard;Konoha;Yjigar,72000,72000,"38,67589587",2,3
COLOMBO,Santos,Ichoris;Lyngard;Konoha;Zuldazar,58000,58000,"40,52702091",2,3
COLOMBO,Santos,Ichoris;Lyngard;Konoha;Zuldazar,72000,72000,"38,67589587",2,3
COLOMBO,Santos,Ichoris;Lyngard;Lothlorien;Yjigar,58000,58000,"40,52702091",2,3
COLOMBO,Santos,Ichoris;Lyngard;Lothlorien;Yjigar,72000,72000,"38,67589587",2,3
COLOMBO,Santos,Ichoris;Lyngard;Lothlorien;Zuldazar,58000,58000,"40,52702091",2,3
COLOMBO,Santos,Ichoris;Lyngard;Lothlorien;Zuldazar,72000,72000,"38,67589587",2,3
COLOMBO,Santos,Ichoris;Nassauia;Tahlenwald;Konoha,58000,58000,"40,52702091",2,3
COLOMBO,Santos,Ichoris;Nassauia;Tahlenwald;Konoha,72000,72000,"38,67589587",2,3
COLOMBO,Santos,Ichoris;Nassauia;Tahlenwald;Lothlorien,58000,58000,"40,52702091",2,3
COLOMBO,Santos,Ichoris;Nassauia;Tahlenwald;Lothlorien,72000,72000,"38,67589587",2,3
COLOMBO,Santos,Ichoris;Nassauia;Dirtmouth;Konoha,58000,58000,"40,59598643",2,3
COLOMBO,Santos,Ichoris;Nassauia;Dirtmouth;Konoha,72000,72000,"38,73145142",2,3
COLOMBO,Santos,Ichoris;Nassauia;Dirtmouth;Lothlorien,58000,58000,"40,59598643",2,3
COLOMBO,Santos,Ichoris;Nassauia;Dirtmouth;Lothlorien,72000,72000,"38,73145142",2,3
COLOMBO,Santos,Ichoris;Nassauia;Konoha;Marineford,58000,58000,"40,52702091",2,3
COLOMBO,Santos,Ichoris;Nassauia;Konoha;Marineford,72000,72000,"38,67589587",2,3
COLOMBO,Santos,Ichoris;Nassauia;Marineford;Lothlorien,58000,58000,"40,52702091",2,3
COLOMBO,Santos,Ichoris;Nassauia;Marineford;Lothlorien,72000,72000,"38,67589587",2,3
COLOMBO,Santos,Ichoris;Ngorim;Nassauia;Tahlenwald,58000,58000,"40,47529677",2,3
COLOMBO,Santos,Ichoris;Ngorim;Nassauia;Tahlenwald,72000,72000,"38,6342292",2,3
COLOMBO,Santos,Ichoris;Ngorim;Nassauia;Dirtmouth,58000,58000,"40,54426229",2,3
COLOMBO,Santos,Ichoris;Ngorim;Nassauia;Dirtmouth,72000,72000,"38,68978476",2,3
COLOMBO,Santos,Ichoris;Ngorim;Nassauia;Marineford,58000,58000,"40,47529677",2,3
COLOMBO,Santos,Ichoris;Ngorim;Nassauia;Marineford,72000,72000,"38,6342292",2,3
COLOMBO,Santos,Ichoris;Ngorim;Tahlenwald;Yjigar,58000,58000,"40,47529677",2,3
COLOMBO,Santos,Ichoris;Ngorim;Tahlenwald;Yjigar,72000,72000,"38,6342292",2,3
COLOMBO,Santos,Ichoris;Ngorim;Tahlenwald;Zuldazar,58000,58000,"40,47529677",2,3
COLOMBO,Santos,Ichoris;Ngorim;Tahlenwald;Zuldazar,72000,72000,"38,6342292",2,3
COLOMBO,Santos,Ichoris;Ngorim;Dirtmouth;Yjigar,58000,58000,"40,54426229",2,3
COLOMBO,Santos,Ichoris;Ngorim;Dirtmouth;Yjigar,72000,72000,"38,68978476",2,3
COLOMBO,Santos,Ichoris;Ngorim;Dirtmouth;Zuldazar,58000,58000,"40,54426229",2,3
COLOMBO,Santos,Ichoris;Ngorim;Dirtmouth;Zuldazar,72000,72000,"38,68978476",2,3
COLOMBO,Santos,Ichoris;Ngorim;Marineford;Yjigar,58000,58000,"40,47529677",2,3
COLOMBO,Santos,Ichoris;Ngorim;Marineford;Yjigar,72000,72000,"38,6342292",2,3
COLOMBO,Santos,Ichoris;Ngorim;Marineford;Zuldazar,58000,58000,"40,47529677",2,3
COLOMBO,Santos,Ichoris;Ngorim;Marineford;Zuldazar,72000,72000,"38,6342292",2,3
COLOMBO,Santos,Ichoris;Tahlenwald,58000,58000,"38,16081402",2,3
COLOMBO,Santos,Ichoris;Tahlenwald,72000,72000,"36,65811809",2,3
COLOMBO,Santos,Ichoris;Tahlenwald;Konoha;Yjigar,58000,58000,"40,52702091",2,3
COLOMBO,Santos,Ichoris;Tahlenwald;Konoha;Yjigar,72000,72000,"38,67589587",2,3
COLOMBO,Santos,Ichoris;Tahlenwald;Konoha;Zuldazar,58000,58000,"40,52702091",2,3
COLOMBO,Santos,Ichoris;Tahlenwald;Konoha;Zuldazar,72000,72000,"38,67589587",2,3
COLOMBO,Santos,Ichoris;Tahlenwald;Lothlorien;Yjigar,58000,58000,"40,52702091",2,3
COLOMBO,Santos,Ichoris;Tahlenwald;Lothlorien;Yjigar,72000,72000,"38,67589587",2,3
COLOMBO,Santos,Ichoris;Tahlenwald;Lothlorien;Zuldazar,58000,58000,"40,52702091",2,3
COLOMBO,Santos,Ichoris;Tahlenwald;Lothlorien;Zuldazar,72000,72000,"38,67589587",2,3
COLOMBO,Santos,Ichoris;Dirtmouth,58000,58000,"38,22977953",2,3
COLOMBO,Santos,Ichoris;Dirtmouth,72000,72000,"36,71367365",2,3
COLOMBO,Santos,Ichoris;Dirtmouth;Konoha;Yjigar,58000,58000,"40,59598643",2,3
COLOMBO,Santos,Ichoris;Dirtmouth;Konoha;Yjigar,72000,72000,"38,73145142",2,3
COLOMBO,Santos,Ichoris;Dirtmouth;Konoha;Zuldazar,58000,58000,"40,59598643",2,3
COLOMBO,Santos,Ichoris;Dirtmouth;Konoha;Zuldazar,72000,72000,"38,73145142",2,3
COLOMBO,Santos,Ichoris;Dirtmouth;Lothlorien;Yjigar,58000,58000,"40,59598643",2,3
COLOMBO,Santos,Ichoris;Dirtmouth;Lothlorien;Yjigar,72000,72000,"38,73145142",2,3
COLOMBO,Santos,Ichoris;Dirtmouth;Lothlorien;Zuldazar,58000,58000,"40,59598643",2,3
COLOMBO,Santos,Ichoris;Dirtmouth;Lothlorien;Zuldazar,72000,72000,"38,73145142",2,3
COLOMBO,Santos,Ichoris;Konoha;Marineford;Yjigar,58000,58000,"40,52702091",2,3
COLOMBO,Santos,Ichoris;Konoha;Marineford;Yjigar,72000,72000,"38,67589587",2,3
COLOMBO,Santos,Ichoris;Konoha;Marineford;Zuldazar,58000,58000,"40,52702091",2,3
COLOMBO,Santos,Ichoris;Konoha;Marineford;Zuldazar,72000,72000,"38,67589587",2,3
COLOMBO,Santos,Ichoris;Marineford,58000,58000,"38,16081402",2,3
COLOMBO,Santos,Ichoris;Marineford,72000,72000,"36,65811809",2,3
COLOMBO,Santos,Ichoris;Marineford;Lothlorien;Yjigar,58000,58000,"40,52702091",2,3
COLOMBO,Santos,Ichoris;Marineford;Lothlorien;Yjigar,72000,72000,"38,67589587",2,3
COLOMBO,Santos,Ichoris;Marineford;Lothlorien;Zuldazar,58000,58000,"40,52702091",2,3
COLOMBO,Santos,Ichoris;Marineford;Lothlorien;Zuldazar,72000,72000,"38,67589587",2,3
COLOMBO,Santos,Askr;Lyngard;Nassauia;Konoha,58000,58000,"40,48391746",2,3
COLOMBO,Santos,Askr;Lyngard;Nassauia;Konoha,72000,72000,"41,49409705",2,3
COLOMBO,Santos,Askr;Lyngard;Nassauia;Lothlorien,58000,58000,"40,48391746",2,3
COLOMBO,Santos,Askr;Lyngard;Nassauia;Lothlorien,72000,72000,"41,49409705",2,3
COLOMBO,Santos,Askr;Lyngard;Ngorim;Nassauia,58000,58000,"40,43219333",2,3
COLOMBO,Santos,Askr;Lyngard;Ngorim;Nassauia,72000,72000,"41,44932093",2,3
COLOMBO,Santos,Askr;Lyngard;Ngorim;Yjigar,58000,58000,"40,43219333",2,3
COLOMBO,Santos,Askr;Lyngard;Ngorim;Yjigar,72000,72000,"41,44932093",2,3
COLOMBO,Santos,Askr;Lyngard;Ngorim;Zuldazar,58000,58000,"40,43219333",2,3
COLOMBO,Santos,Askr;Lyngard;Ngorim;Zuldazar,72000,72000,"41,44932093",2,3
COLOMBO,Santos,Askr;Lyngard;Konoha;Yjigar,58000,58000,"40,48391746",2,3
COLOMBO,Santos,Askr;Lyngard;Konoha;Yjigar,72000,72000,"41,49409705",2,3
COLOMBO,Santos,Askr;Lyngard;Konoha;Zuldazar,58000,58000,"40,48391746",2,3
COLOMBO,Santos,Askr;Lyngard;Konoha;Zuldazar,72000,72000,"41,49409705",2,3
COLOMBO,Santos,Askr;Lyngard;Lothlorien;Yjigar,58000,58000,"40,48391746",2,3
COLOMBO,Santos,Askr;Lyngard;Lothlorien;Yjigar,72000,72000,"41,49409705",2,3
COLOMBO,Santos,Askr;Lyngard;Lothlorien;Zuldazar,58000,58000,"40,48391746",2,3
COLOMBO,Santos,Askr;Lyngard;Lothlorien;Zuldazar,72000,72000,"41,49409705",2,3
COLOMBO,Santos,Askr;Nassauia,58000,58000,"36,84771057",2,3
COLOMBO,Santos,Askr;Nassauia,72000,72000,"38,01469407",2,3
COLOMBO,Santos,Askr;Nassauia;Tahlenwald;Konoha,58000,58000,"40,48391746",2,3
COLOMBO,Santos,Askr;Nassauia;Tahlenwald;Konoha,72000,72000,"41,49409705",2,3
COLOMBO,Santos,Askr;Nassauia;Tahlenwald;Lothlorien,58000,58000,"40,48391746",2,3
COLOMBO,Santos,Askr;Nassauia;Tahlenwald;Lothlorien,72000,72000,"41,49409705",2,3
COLOMBO,Santos,Askr;Nassauia;Dirtmouth;Konoha,58000,58000,"40,55288298",2,3
COLOMBO,Santos,Askr;Nassauia;Dirtmouth;Konoha,72000,72000,"41,55379855",2,3
COLOMBO,Santos,Askr;Nassauia;Dirtmouth;Lothlorien,58000,58000,"40,55288298",2,3
COLOMBO,Santos,Askr;Nassauia;Dirtmouth;Lothlorien,72000,72000,"41,55379855",2,3
COLOMBO,Santos,Askr;Nassauia;Konoha,58000,58000,"38,86081402",2,3
COLOMBO,Santos,Askr;Nassauia;Konoha,72000,72000,"39,95857467",2,3
COLOMBO,Santos,Askr;Nassauia;Konoha;Marineford,58000,58000,"40,48391746",2,3
COLOMBO,Santos,Askr;Nassauia;Konoha;Marineford,72000,72000,"41,49409705",2,3
COLOMBO,Santos,Askr;Nassauia;Marineford;Lothlorien,58000,58000,"40,48391746",2,3
COLOMBO,Santos,Askr;Nassauia;Marineford;Lothlorien,72000,72000,"41,49409705",2,3
COLOMBO,Santos,Askr;Nassauia;Lothlorien,58000,58000,"38,86081402",2,3
COLOMBO,Santos,Askr;Nassauia;Lothlorien,72000,72000,"39,95857467",2,3
COLOMBO,Santos,Askr;Ngorim,58000,58000,"37,97598643",2,3
COLOMBO,Santos,Askr;Ngorim,72000,72000,"39,18424631",2,3
COLOMBO,Santos,Askr;Ngorim;Nassauia,58000,58000,"38,80908988",2,3
COLOMBO,Santos,Askr;Ngorim;Nassauia,72000,72000,"39,91379855",2,3
COLOMBO,Santos,Askr;Ngorim;Nassauia;Tahlenwald,58000,58000,"40,43219333",2,3
COLOMBO,Santos,Askr;Ngorim;Nassauia;Tahlenwald,72000,72000,"41,44932093",2,3
COLOMBO,Santos,Askr;Ngorim;Nassauia;Dirtmouth,58000,58000,"40,50115884",2,3
COLOMBO,Santos,Askr;Ngorim;Nassauia;Dirtmouth,72000,72000,"41,50902243",2,3
COLOMBO,Santos,Askr;Ngorim;Nassauia;Marineford,58000,58000,"40,43219333",2,3
COLOMBO,Santos,Askr;Ngorim;Nassauia;Marineford,72000,72000,"41,44932093",2,3
COLOMBO,Santos,Askr;Ngorim;Tahlenwald;Yjigar,58000,58000,"40,43219333",2,3
COLOMBO,Santos,Askr;Ngorim;Tahlenwald;Yjigar,72000,72000,"41,44932093",2,3
COLOMBO,Santos,Askr;Ngorim;Tahlenwald;Zuldazar,58000,58000,"40,43219333",2,3
COLOMBO,Santos,Askr;Ngorim;Tahlenwald;Zuldazar,72000,72000,"41,44932093",2,3
COLOMBO,Santos,Askr;Ngorim;Dirtmouth;Yjigar,58000,58000,"40,50115884",2,3
COLOMBO,Santos,Askr;Ngorim;Dirtmouth;Yjigar,72000,72000,"41,50902243",2,3
COLOMBO,Santos,Askr;Ngorim;Dirtmouth;Zuldazar,58000,58000,"40,50115884",2,3
COLOMBO,Santos,Askr;Ngorim;Dirtmouth;Zuldazar,72000,72000,"41,50902243",2,3
COLOMBO,Santos,Askr;Ngorim;Marineford;Yjigar,58000,58000,"40,43219333",2,3
COLOMBO,Santos,Askr;Ngorim;Marineford;Yjigar,72000,72000,"41,44932093",2,3
COLOMBO,Santos,Askr;Ngorim;Marineford;Zuldazar,58000,58000,"40,43219333",2,3
COLOMBO,Santos,Askr;Ngorim;Marineford;Zuldazar,72000,72000,"41,44932093",2,3
COLOMBO,Santos,Askr;Ngorim;Yjigar,58000,58000,"38,80908988",2,3
COLOMBO,Santos,Askr;Ngorim;Yjigar,72000,72000,"39,91379855",2,3
COLOMBO,Santos,Askr;Ngorim;Zuldazar,58000,58000,"38,80908988",2,3
COLOMBO,Santos,Askr;Ngorim;Zuldazar,72000,72000,"39,91379855",2,3
COLOMBO,Santos,Askr;Tahlenwald;Konoha;Yjigar,58000,58000,"40,48391746",2,3
COLOMBO,Santos,Askr;Tahlenwald;Konoha;Yjigar,72000,72000,"41,49409705",2,3
COLOMBO,Santos,Askr;Tahlenwald;Konoha;Zuldazar,58000,58000,"40,48391746",2,3
COLOMBO,Santos,Askr;Tahlenwald;Konoha;Zuldazar,72000,72000,"41,49409705",2,3
COLOMBO,Santos,Askr;Tahlenwald;Lothlorien;Yjigar,58000,58000,"40,48391746",2,3
COLOMBO,Santos,Askr;Tahlenwald;Lothlorien;Yjigar,72000,72000,"41,49409705",2,3
COLOMBO,Santos,Askr;Tahlenwald;Lothlorien;Zuldazar,58000,58000,"40,48391746",2,3
COLOMBO,Santos,Askr;Tahlenwald;Lothlorien;Zuldazar,72000,72000,"41,49409705",2,3
COLOMBO,Santos,Askr;Dirtmouth;Konoha;Yjigar,58000,58000,"40,55288298",2,3
COLOMBO,Santos,Askr;Dirtmouth;Konoha;Yjigar,72000,72000,"41,55379855",2,3
COLOMBO,Santos,Askr;Dirtmouth;Konoha;Zuldazar,58000,58000,"40,55288298",2,3
COLOMBO,Santos,Askr;Dirtmouth;Konoha;Zuldazar,72000,72000,"41,55379855",2,3
COLOMBO,Santos,Askr;Dirtmouth;Lothlorien;Yjigar,58000,58000,"40,55288298",2,3
COLOMBO,Santos,Askr;Dirtmouth;Lothlorien;Yjigar,72000,72000,"41,55379855",2,3
COLOMBO,Santos,Askr;Dirtmouth;Lothlorien;Zuldazar,58000,58000,"40,55288298",2,3
COLOMBO,Santos,Askr;Dirtmouth;Lothlorien;Zuldazar,72000,72000,"41,55379855",2,3
COLOMBO,Santos,Askr;Konoha,58000,58000,"38,02771057",2,3
COLOMBO,Santos,Askr;Konoha,72000,72000,"39,22902243",2,3
COLOMBO,Santos,Askr;Konoha;Marineford;Yjigar,58000,58000,"40,48391746",2,3
COLOMBO,Santos,Askr;Konoha;Marineford;Yjigar,72000,72000,"41,49409705",2,3
COLOMBO,Santos,Askr;Konoha;Marineford;Zuldazar,58000,58000,"40,48391746",2,3
COLOMBO,Santos,Askr;Konoha;Marineford;Zuldazar,72000,72000,"41,49409705",2,3
COLOMBO,Santos,Askr;Konoha;Yjigar,58000,58000,"38,86081402",2,3
COLOMBO,Santos,Askr;Konoha;Yjigar,72000,72000,"39,95857467",2,3
COLOMBO,Santos,Askr;Konoha;Zuldazar,58000,58000,"38,86081402",2,3
COLOMBO,Santos,Askr;Konoha;Zuldazar,72000,72000,"39,95857467",2,3
COLOMBO,Santos,Askr;Marineford;Lothlorien;Yjigar,58000,58000,"40,48391746",2,3
COLOMBO,Santos,Askr;Marineford;Lothlorien;Yjigar,72000,72000,"41,49409705",2,3
COLOMBO,Santos,Askr;Marineford;Lothlorien;Zuldazar,58000,58000,"40,48391746",2,3
COLOMBO,Santos,Askr;Marineford;Lothlorien;Zuldazar,72000,72000,"41,49409705",2,3
COLOMBO,Santos,Askr;Lothlorien,58000,58000,"38,02771057",2,3
COLOMBO,Santos,Askr;Lothlorien,72000,72000,"39,22902243",2,3
COLOMBO,Santos,Askr;Lothlorien;Yjigar,58000,58000,"38,86081402",2,3
COLOMBO,Santos,Askr;Lothlorien;Yjigar,72000,72000,"39,95857467",2,3
COLOMBO,Santos,Askr;Lothlorien;Zuldazar,58000,58000,"38,86081402",2,3
COLOMBO,Santos,Askr;Lothlorien;Zuldazar,72000,72000,"39,95857467",2,3
COLOMBO,Santos,Askr;Yjigar,58000,58000,"36,84771057",2,3
COLOMBO,Santos,Askr;Yjigar,72000,72000,"38,01469407",2,3
COLOMBO,Santos,Askr;Zuldazar,58000,58000,"36,84771057",2,3
COLOMBO,Santos,Askr;Zuldazar,72000,72000,"38,01469407",2,3
COLOMBO,Santos,Lyngard;Seireitei,58000,58000,"38,7956416",2,3
COLOMBO,Santos,Lyngard;Seireitei,72000,72000,"37,634052",2,3
COLOMBO,Santos,Lyngard;Seireitei;Nassauia;Konoha,58000,58000,"41,1618485",2,3
COLOMBO,Santos,Lyngard;Seireitei;Nassauia;Konoha,72000,72000,"39,6846138",2,3
COLOMBO,Santos,Lyngard;Seireitei;Nassauia;Lothlorien,58000,58000,"41,1618485",2,3
COLOMBO,Santos,Lyngard;Seireitei;Nassauia;Lothlorien,72000,72000,"39,6846138",2,3
COLOMBO,Santos,Lyngard;Seireitei;Ngorim,58000,58000,"40,10702091",2,3
COLOMBO,Santos,Lyngard;Seireitei;Ngorim,72000,72000,"38,79416436",2,3
COLOMBO,Santos,Lyngard;Seireitei;Ngorim;Nassauia,58000,58000,"41,11012436",2,3
COLOMBO,Santos,Lyngard;Seireitei;Ngorim;Nassauia,72000,72000,"39,64247897",2,3
COLOMBO,Santos,Lyngard;Seireitei;Ngorim;Yjigar,58000,58000,"41,11012436",2,3
COLOMBO,Santos,Lyngard;Seireitei;Ngorim;Yjigar,72000,72000,"39,64247897",2,3
COLOMBO,Santos,Lyngard;Seireitei;Ngorim;Zuldazar,58000,58000,"41,11012436",2,3
COLOMBO,Santos,Lyngard;Seireitei;Ngorim;Zuldazar,72000,72000,"39,64247897",2,3
COLOMBO,Santos,Lyngard;Seireitei;Konoha,58000,58000,"40,15874505",2,3
COLOMBO,Santos,Lyngard;Seireitei;Konoha,72000,72000,"38,83629919",2,3
COLOMBO,Santos,Lyngard;Seireitei;Konoha;Yjigar,58000,58000,"41,1618485",2,3
COLOMBO,Santos,Lyngard;Seireitei;Konoha;Yjigar,72000,72000,"39,6846138",2,3
COLOMBO,Santos,Lyngard;Seireitei;Konoha;Zuldazar,58000,58000,"41,1618485",2,3
COLOMBO,Santos,Lyngard;Seireitei;Konoha;Zuldazar,72000,72000,"39,6846138",2,3
COLOMBO,Santos,Lyngard;Seireitei;Lothlorien,58000,58000,"40,15874505",2,3
COLOMBO,Santos,Lyngard;Seireitei;Lothlorien,72000,72000,"38,83629919",2,3
COLOMBO,Santos,Lyngard;Seireitei;Lothlorien;Yjigar,58000,58000,"41,1618485",2,3
COLOMBO,Santos,Lyngard;Seireitei;Lothlorien;Yjigar,72000,72000,"39,6846138",2,3
COLOMBO,Santos,Lyngard;Seireitei;Lothlorien;Zuldazar,58000,58000,"41,1618485",2,3
COLOMBO,Santos,Lyngard;Seireitei;Lothlorien;Zuldazar,72000,72000,"39,6846138",2,3
COLOMBO,Santos,Lyngard;Nassauia;Namek;Konoha,58000,58000,"40,90633126",2,3
COLOMBO,Santos,Lyngard;Nassauia;Namek;Konoha,72000,72000,"39,41944526",2,3
COLOMBO,Santos,Lyngard;Nassauia;Namek;Lothlorien,58000,58000,"40,90633126",2,3
COLOMBO,Santos,Lyngard;Nassauia;Namek;Lothlorien,72000,72000,"39,41944526",2,3
COLOMBO,Santos,Lyngard;Nassauia;Konoha,58000,58000,"39,83460712",2,3
COLOMBO,Santos,Lyngard;Nassauia;Konoha,72000,72000,"38,4846138",2,3
COLOMBO,Santos,Lyngard;Nassauia;Konoha;Ulthar,58000,58000,"41,1618485",2,3
COLOMBO,Santos,Lyngard;Nassauia;Konoha;Ulthar,72000,72000,"39,6846138",2,3
COLOMBO,Santos,Lyngard;Nassauia;Konoha;Lothlorien,58000,58000,"40,47771057",2,3
COLOMBO,Santos,Lyngard;Nassauia;Konoha;Lothlorien,72000,72000,"38,97899582",2,3
COLOMBO,Santos,Lyngard;Nassauia;Ulthar;Lothlorien,58000,58000,"41,1618485",2,3
COLOMBO,Santos,Lyngard;Nassauia;Ulthar;Lothlorien,72000,72000,"39,6846138",2,3
COLOMBO,Santos,Lyngard;Nassauia;Lothlorien,58000,58000,"39,83460712",2,3
COLOMBO,Santos,Lyngard;Nassauia;Lothlorien,72000,72000,"38,4846138",2,3
COLOMBO,Santos,Lyngard;Ngorim,58000,58000,"38,78977953",2,3
COLOMBO,Santos,Lyngard;Ngorim,72000,72000,"37,59416436",2,3
COLOMBO,Santos,Lyngard;Ngorim;Nassauia,58000,58000,"39,78288298",2,3
COLOMBO,Santos,Lyngard;Ngorim;Nassauia,72000,72000,"38,44247897",2,3
COLOMBO,Santos,Lyngard;Ngorim;Nassauia;Namek,58000,58000,"40,85460712",2,3
COLOMBO,Santos,Lyngard;Ngorim;Nassauia;Namek,72000,72000,"39,37731043",2,3
COLOMBO,Santos,Lyngard;Ngorim;Nassauia;Konoha,58000,58000,"40,42598643",2,3
COLOMBO,Santos,Lyngard;Ngorim;Nassauia;Konoha,72000,72000,"38,93686099",2,3
COLOMBO,Santos,Lyngard;Ngorim;Nassauia;Ulthar,58000,58000,"41,11012436",2,3
COLOMBO,Santos,Lyngard;Ngorim;Nassauia;Ulthar,72000,72000,"39,64247897",2,3
COLOMBO,Santos,Lyngard;Ngorim;Nassauia;Lothlorien,58000,58000,"40,42598643",2,3
COLOMBO,Santos,Lyngard;Ngorim;Nassauia;Lothlorien,72000,72000,"38,93686099",2,3
COLOMBO,Santos,Lyngard;Ngorim;Namek;Yjigar,58000,58000,"40,85460712",2,3
COLOMBO,Santos,Lyngard;Ngorim;Namek;Yjigar,72000,72000,"39,37731043",2,3
COLOMBO,Santos,Lyngard;Ngorim;Namek;Zuldazar,58000,58000,"40,85460712",2,3
COLOMBO,Santos,Lyngard;Ngorim;Namek;Zuldazar,72000,72000,"39,37731043",2,3
COLOMBO,Santos,Lyngard;Ngorim;Konoha;Yjigar,58000,58000,"40,42598643",2,3
COLOMBO,Santos,Lyngard;Ngorim;Konoha;Yjigar,72000,72000,"38,93686099",2,3
COLOMBO,Santos,Lyngard;Ngorim;Konoha;Zuldazar,58000,58000,"40,42598643",2,3
COLOMBO,Santos,Lyngard;Ngorim;Konoha;Zuldazar,72000,72000,"38,93686099",2,3
COLOMBO,Santos,Lyngard;Ngorim;Ulthar,58000,58000,"40,10702091",2,3
COLOMBO,Santos,Lyngard;Ngorim;Ulthar,72000,72000,"38,79416436",2,3
COLOMBO,Santos,Lyngard;Ngorim;Ulthar;Yjigar,58000,58000,"41,11012436",2,3
COLOMBO,Santos,Lyngard;Ngorim;Ulthar;Yjigar,72000,72000,"39,64247897",2,3
COLOMBO,Santos,Lyngard;Ngorim;Ulthar;Zuldazar,58000,58000,"41,11012436",2,3
COLOMBO,Santos,Lyngard;Ngorim;Ulthar;Zuldazar,72000,72000,"39,64247897",2,3
COLOMBO,Santos,Lyngard;Ngorim;Lothlorien;Yjigar,58000,58000,"40,42598643",2,3
COLOMBO,Santos,Lyngard;Ngorim;Lothlorien;Yjigar,72000,72000,"38,93686099",2,3
COLOMBO,Santos,Lyngard;Ngorim;Lothlorien;Zuldazar,58000,58000,"40,42598643",2,3
COLOMBO,Santos,Lyngard;Ngorim;Lothlorien;Zuldazar,72000,72000,"38,93686099",2,3
COLOMBO,Santos,Lyngard;Ngorim;Yjigar,58000,58000,"39,78288298",2,3
COLOMBO,Santos,Lyngard;Ngorim;Yjigar,72000,72000,"38,44247897",2,3
COLOMBO,Santos,Lyngard;Ngorim;Zuldazar,58000,58000,"39,78288298",2,3
COLOMBO,Santos,Lyngard;Ngorim;Zuldazar,72000,72000,"38,44247897",2,3
COLOMBO,Santos,Lyngard;Namek,58000,58000,"38,54012436",2,3
COLOMBO,Santos,Lyngard;Namek,72000,72000,"37,37899582",2,3
COLOMBO,Santos,Lyngard;Namek;Konoha;Yjigar,58000,58000,"40,90633126",2,3
COLOMBO,Santos,Lyngard;Namek;Konoha;Yjigar,72000,72000,"39,41944526",2,3
COLOMBO,Santos,Lyngard;Namek;Konoha;Zuldazar,58000,58000,"40,90633126",2,3
COLOMBO,Santos,Lyngard;Namek;Konoha;Zuldazar,72000,72000,"39,41944526",2,3
COLOMBO,Santos,Lyngard;Namek;Lothlorien;Yjigar,58000,58000,"40,90633126",2,3
COLOMBO,Santos,Lyngard;Namek;Lothlorien;Yjigar,72000,72000,"39,41944526",2,3
COLOMBO,Santos,Lyngard;Namek;Lothlorien;Zuldazar,58000,58000,"40,90633126",2,3
COLOMBO,Santos,Lyngard;Namek;Lothlorien;Zuldazar,72000,72000,"39,41944526",2,3
COLOMBO,Santos,Lyngard;Konoha,58000,58000,"38,84150367",2,3
COLOMBO,Santos,Lyngard;Konoha,72000,72000,"37,63629919",2,3
COLOMBO,Santos,Lyngard;Konoha;Ulthar,58000,58000,"40,15874505",2,3
COLOMBO,Santos,Lyngard;Konoha;Ulthar,72000,72000,"38,83629919",2,3
COLOMBO,Santos,Lyngard;Konoha;Ulthar;Yjigar,58000,58000,"41,1618485",2,3
COLOMBO,Santos,Lyngard;Konoha;Ulthar;Yjigar,72000,72000,"39,6846138",2,3
COLOMBO,Santos,Lyngard;Konoha;Ulthar;Zuldazar,58000,58000,"41,1618485",2,3
COLOMBO,Santos,Lyngard;Konoha;Ulthar;Zuldazar,72000,72000,"39,6846138",2,3
COLOMBO,Santos,Lyngard;Konoha;Lothlorien;Yjigar,58000,58000,"40,47771057",2,3
COLOMBO,Santos,Lyngard;Konoha;Lothlorien;Yjigar,72000,72000,"38,97899582",2,3
COLOMBO,Santos,Lyngard;Konoha;Lothlorien;Zuldazar,58000,58000,"40,47771057",2,3
COLOMBO,Santos,Lyngard;Konoha;Lothlorien;Zuldazar,72000,72000,"38,97899582",2,3
COLOMBO,Santos,Lyngard;Konoha;Yjigar,58000,58000,"39,83460712",2,3
COLOMBO,Santos,Lyngard;Konoha;Yjigar,72000,72000,"38,4846138",2,3
COLOMBO,Santos,Lyngard;Konoha;Zuldazar,58000,58000,"39,83460712",2,3
COLOMBO,Santos,Lyngard;Konoha;Zuldazar,72000,72000,"38,4846138",2,3
COLOMBO,Santos,Lyngard;Ulthar,58000,58000,"38,7956416",2,3
COLOMBO,Santos,Lyngard;Ulthar,72000,72000,"37,634052",2,3
COLOMBO,Santos,Lyngard;Ulthar;Lothlorien,58000,58000,"40,15874505",2,3
COLOMBO,Santos,Lyngard;Ulthar;Lothlorien,72000,72000,"38,83629919",2,3
COLOMBO,Santos,Lyngard;Ulthar;Lothlorien;Yjigar,58000,58000,"41,1618485",2,3
COLOMBO,Santos,Lyngard;Ulthar;Lothlorien;Yjigar,72000,72000,"39,6846138",2,3
COLOMBO,Santos,Lyngard;Ulthar;Lothlorien;Zuldazar,58000,58000,"41,1618485",2,3
COLOMBO,Santos,Lyngard;Ulthar;Lothlorien;Zuldazar,72000,72000,"39,6846138",2,3
COLOMBO,Santos,Lyngard;Lothlorien,58000,58000,"38,84150367",2,3
COLOMBO,Santos,Lyngard;Lothlorien,72000,72000,"37,63629919",2,3
COLOMBO,Santos,Lyngard;Lothlorien;Yjigar,58000,58000,"39,83460712",2,3
COLOMBO,Santos,Lyngard;Lothlorien;Yjigar,72000,72000,"38,4846138",2,3
COLOMBO,Santos,Lyngard;Lothlorien;Zuldazar,58000,58000,"39,83460712",2,3
COLOMBO,Santos,Lyngard;Lothlorien;Zuldazar,72000,72000,"38,4846138",2,3
COLOMBO,Santos,Seireitei;Nassauia;Tahlenwald;Konoha,58000,58000,"68,21106323",2,3
COLOMBO,Santos,Seireitei;Nassauia;Tahlenwald;Konoha,72000,72000,"61,42488049",2,3
COLOMBO,Santos,Seireitei;Nassauia;Tahlenwald;Lothlorien,58000,58000,"68,21106323",2,3
COLOMBO,Santos,Seireitei;Nassauia;Tahlenwald;Lothlorien,72000,72000,"61,42488049",2,3
COLOMBO,Santos,Seireitei;Nassauia;Dirtmouth;Konoha,58000,58000,"68,32534894",2,3
COLOMBO,Santos,Seireitei;Nassauia;Dirtmouth;Konoha,72000,72000,"61,51183701",2,3
COLOMBO,Santos,Seireitei;Nassauia;Dirtmouth;Lothlorien,58000,58000,"68,32534894",2,3
COLOMBO,Santos,Seireitei;Nassauia;Dirtmouth;Lothlorien,72000,72000,"61,51183701",2,3
COLOMBO,Santos,Seireitei;Nassauia;Konoha;Marineford,58000,58000,"68,21106323",2,3
COLOMBO,Santos,Seireitei;Nassauia;Konoha;Marineford,72000,72000,"61,42488049",2,3
COLOMBO,Santos,Seireitei;Nassauia;Marineford;Lothlorien,58000,58000,"68,21106323",2,3
COLOMBO,Santos,Seireitei;Nassauia;Marineford;Lothlorien,72000,72000,"61,42488049",2,3
COLOMBO,Santos,Seireitei;Ngorim,58000,58000,"64,05506323",2,3
COLOMBO,Santos,Seireitei;Ngorim,72000,72000,"58,04488049",2,3
COLOMBO,Santos,Seireitei;Ngorim;Nassauia;Tahlenwald,58000,58000,"68,12534894",2,3
COLOMBO,Santos,Seireitei;Ngorim;Nassauia;Tahlenwald,72000,72000,"61,3596631",2,3
COLOMBO,Santos,Seireitei;Ngorim;Nassauia;Dirtmouth,58000,58000,"68,23963466",2,3
COLOMBO,Santos,Seireitei;Ngorim;Nassauia;Dirtmouth,72000,72000,"61,44661962",2,3
COLOMBO,Santos,Seireitei;Ngorim;Nassauia;Marineford,58000,58000,"68,12534894",2,3
COLOMBO,Santos,Seireitei;Ngorim;Nassauia;Marineford,72000,72000,"61,3596631",2,3
COLOMBO,Santos,Seireitei;Ngorim;Tahlenwald,58000,58000,"66,46306323",2,3
COLOMBO,Santos,Seireitei;Ngorim;Tahlenwald,72000,72000,"60,04661962",2,3
COLOMBO,Santos,Seireitei;Ngorim;Tahlenwald;Yjigar,58000,58000,"68,12534894",2,3
COLOMBO,Santos,Seireitei;Ngorim;Tahlenwald;Yjigar,72000,72000,"61,3596631",2,3
COLOMBO,Santos,Seireitei;Ngorim;Tahlenwald;Zuldazar,58000,58000,"68,12534894",2,3
COLOMBO,Santos,Seireitei;Ngorim;Tahlenwald;Zuldazar,72000,72000,"61,3596631",2,3
COLOMBO,Santos,Seireitei;Ngorim;Dirtmouth,58000,58000,"66,57734894",2,3
COLOMBO,Santos,Seireitei;Ngorim;Dirtmouth,72000,72000,"60,13357614",2,3
COLOMBO,Santos,Seireitei;Ngorim;Dirtmouth;Yjigar,58000,58000,"68,23963466",2,3
COLOMBO,Santos,Seireitei;Ngorim;Dirtmouth;Yjigar,72000,72000,"61,44661962",2,3
COLOMBO,Santos,Seireitei;Ngorim;Dirtmouth;Zuldazar,58000,58000,"68,23963466",2,3
COLOMBO,Santos,Seireitei;Ngorim;Dirtmouth;Zuldazar,72000,72000,"61,44661962",2,3
COLOMBO,Santos,Seireitei;Ngorim;Marineford,58000,58000,"66,46306323",2,3
COLOMBO,Santos,Seireitei;Ngorim;Marineford,72000,72000,"60,04661962",2,3
COLOMBO,Santos,Seireitei;Ngorim;Marineford;Yjigar,58000,58000,"68,12534894",2,3
COLOMBO,Santos,Seireitei;Ngorim;Marineford;Yjigar,72000,72000,"61,3596631",2,3
COLOMBO,Santos,Seireitei;Ngorim;Marineford;Zuldazar,58000,58000,"68,12534894",2,3
COLOMBO,Santos,Seireitei;Ngorim;Marineford;Zuldazar,72000,72000,"61,3596631",2,3
COLOMBO,Santos,Seireitei;Tahlenwald,58000,58000,"64,28992037",2,3
COLOMBO,Santos,Seireitei;Tahlenwald,72000,72000,"58,25096745",2,3
COLOMBO,Santos,Seireitei;Tahlenwald;Konoha,58000,58000,"66,54877751",2,3
COLOMBO,Santos,Seireitei;Tahlenwald;Konoha,72000,72000,"60,11183701",2,3
COLOMBO,Santos,Seireitei;Tahlenwald;Konoha;Yjigar,58000,58000,"68,21106323",2,3
COLOMBO,Santos,Seireitei;Tahlenwald;Konoha;Yjigar,72000,72000,"61,42488049",2,3
COLOMBO,Santos,Seireitei;Tahlenwald;Konoha;Zuldazar,58000,58000,"68,21106323",2,3
COLOMBO,Santos,Seireitei;Tahlenwald;Konoha;Zuldazar,72000,72000,"61,42488049",2,3
COLOMBO,Santos,Seireitei;Tahlenwald;Lothlorien,58000,58000,"66,54877751",2,3
COLOMBO,Santos,Seireitei;Tahlenwald;Lothlorien,72000,72000,"60,11183701",2,3
COLOMBO,Santos,Seireitei;Tahlenwald;Lothlorien;Yjigar,58000,58000,"68,21106323",2,3
COLOMBO,Santos,Seireitei;Tahlenwald;Lothlorien;Yjigar,72000,72000,"61,42488049",2,3
COLOMBO,Santos,Seireitei;Tahlenwald;Lothlorien;Zuldazar,58000,58000,"68,21106323",2,3
COLOMBO,Santos,Seireitei;Tahlenwald;Lothlorien;Zuldazar,72000,72000,"61,42488049",2,3
COLOMBO,Santos,Seireitei;Dirtmouth,58000,58000,"64,40420608",2,3
COLOMBO,Santos,Seireitei;Dirtmouth,72000,72000,"58,33792397",2,3
COLOMBO,Santos,Seireitei;Dirtmouth;Konoha,58000,58000,"66,66306323",2,3
COLOMBO,Santos,Seireitei;Dirtmouth;Konoha,72000,72000,"60,19879353",2,3
COLOMBO,Santos,Seireitei;Dirtmouth;Konoha;Yjigar,58000,58000,"68,32534894",2,3
COLOMBO,Santos,Seireitei;Dirtmouth;Konoha;Yjigar,72000,72000,"61,51183701",2,3
COLOMBO,Santos,Seireitei;Dirtmouth;Konoha;Zuldazar,58000,58000,"68,32534894",2,3
COLOMBO,Santos,Seireitei;Dirtmouth;Konoha;Zuldazar,72000,72000,"61,51183701",2,3
COLOMBO,Santos,Seireitei;Dirtmouth;Lothlorien,58000,58000,"66,66306323",2,3
COLOMBO,Santos,Seireitei;Dirtmouth;Lothlorien,72000,72000,"60,19879353",2,3
COLOMBO,Santos,Seireitei;Dirtmouth;Lothlorien;Yjigar,58000,58000,"68,32534894",2,3
COLOMBO,Santos,Seireitei;Dirtmouth;Lothlorien;Yjigar,72000,72000,"61,51183701",2,3
COLOMBO,Santos,Seireitei;Dirtmouth;Lothlorien;Zuldazar,58000,58000,"68,32534894",2,3
COLOMBO,Santos,Seireitei;Dirtmouth;Lothlorien;Zuldazar,72000,72000,"61,51183701",2,3
COLOMBO,Santos,Seireitei;Konoha,58000,58000,"64,14077751",2,3
COLOMBO,Santos,Seireitei;Konoha,72000,72000,"58,11009788",2,3
COLOMBO,Santos,Seireitei;Konoha;Marineford,58000,58000,"66,54877751",2,3
COLOMBO,Santos,Seireitei;Konoha;Marineford,72000,72000,"60,11183701",2,3
COLOMBO,Santos,Seireitei;Konoha;Marineford;Yjigar,58000,58000,"68,21106323",2,3
COLOMBO,Santos,Seireitei;Konoha;Marineford;Yjigar,72000,72000,"61,42488049",2,3
COLOMBO,Santos,Seireitei;Konoha;Marineford;Zuldazar,58000,58000,"68,21106323",2,3
COLOMBO,Santos,Seireitei;Konoha;Marineford;Zuldazar,72000,72000,"61,42488049",2,3
COLOMBO,Santos,Seireitei;Marineford,58000,58000,"64,28992037",2,3
COLOMBO,Santos,Seireitei;Marineford,72000,72000,"58,25096745",2,3
COLOMBO,Santos,Seireitei;Marineford;Lothlorien,58000,58000,"66,54877751",2,3
COLOMBO,Santos,Seireitei;Marineford;Lothlorien,72000,72000,"60,11183701",2,3
COLOMBO,Santos,Seireitei;Marineford;Lothlorien;Yjigar,58000,58000,"68,21106323",2,3
COLOMBO,Santos,Seireitei;Marineford;Lothlorien;Yjigar,72000,72000,"61,42488049",2,3
COLOMBO,Santos,Seireitei;Marineford;Lothlorien;Zuldazar,58000,58000,"68,21106323",2,3
COLOMBO,Santos,Seireitei;Marineford;Lothlorien;Zuldazar,72000,72000,"61,42488049",2,3
COLOMBO,Santos,Seireitei;Lothlorien,58000,58000,"64,14077751",2,3
COLOMBO,Santos,Seireitei;Lothlorien,72000,72000,"58,11009788",2,3
COLOMBO,Santos,Nassauia;Rlyeh,58000,58000,"38,33012436",2,3
COLOMBO,Santos,Nassauia;Rlyeh,72000,72000,"36,69645142",2,3
COLOMBO,Santos,Nassauia;Namek;Tahlenwald;Konoha,58000,58000,"40,90633126",2,3
COLOMBO,Santos,Nassauia;Namek;Tahlenwald;Konoha,72000,72000,"38,98145142",2,3
COLOMBO,Santos,Nassauia;Namek;Tahlenwald;Lothlorien,58000,58000,"40,90633126",2,3
COLOMBO,Santos,Nassauia;Namek;Tahlenwald;Lothlorien,72000,72000,"38,98145142",2,3
COLOMBO,Santos,Nassauia;Namek;Dirtmouth;Konoha,58000,58000,"40,97529677",2,3
COLOMBO,Santos,Nassauia;Namek;Dirtmouth;Konoha,72000,72000,"39,03700698",2,3
COLOMBO,Santos,Nassauia;Namek;Dirtmouth;Lothlorien,58000,58000,"40,97529677",2,3
COLOMBO,Santos,Nassauia;Namek;Dirtmouth;Lothlorien,72000,72000,"39,03700698",2,3
COLOMBO,Santos,Nassauia;Namek;Konoha;Marineford,58000,58000,"40,90633126",2,3
COLOMBO,Santos,Nassauia;Namek;Konoha;Marineford,72000,72000,"38,98145142",2,3
COLOMBO,Santos,Nassauia;Namek;Marineford;Lothlorien,58000,58000,"40,90633126",2,3
COLOMBO,Santos,Nassauia;Namek;Marineford;Lothlorien,72000,72000,"38,98145142",2,3
COLOMBO,Santos,Nassauia;Tahlenwald;Konoha,58000,58000,"39,83460712",2,3
COLOMBO,Santos,Nassauia;Tahlenwald;Konoha,72000,72000,"38,05700698",2,3
COLOMBO,Santos,Nassauia;Tahlenwald;Konoha;Ulthar,58000,58000,"41,1618485",2,3
COLOMBO,Santos,Nassauia;Tahlenwald;Konoha;Ulthar,72000,72000,"39,24367365",2,3
COLOMBO,Santos,Nassauia;Tahlenwald;Konoha;Lothlorien,58000,58000,"40,47771057",2,3
COLOMBO,Santos,Nassauia;Tahlenwald;Konoha;Lothlorien,72000,72000,"38,54589587",2,3
COLOMBO,Santos,Nassauia;Tahlenwald;Ulthar;Lothlorien,58000,58000,"41,1618485",2,3
COLOMBO,Santos,Nassauia;Tahlenwald;Ulthar;Lothlorien,72000,72000,"39,24367365",2,3
COLOMBO,Santos,Nassauia;Tahlenwald;Lothlorien,58000,58000,"39,83460712",2,3
COLOMBO,Santos,Nassauia;Tahlenwald;Lothlorien,72000,72000,"38,05700698",2,3
COLOMBO,Santos,Nassauia;Dirtmouth;Konoha,58000,58000,"39,90357264",2,3
COLOMBO,Santos,Nassauia;Dirtmouth;Konoha,72000,72000,"38,11256254",2,3
COLOMBO,Santos,Nassauia;Dirtmouth;Konoha;Ulthar,58000,58000,"41,23081402",2,3
COLOMBO,Santos,Nassauia;Dirtmouth;Konoha;Ulthar,72000,72000,"39,2992292",2,3
COLOMBO,Santos,Nassauia;Dirtmouth;Konoha;Lothlorien,58000,58000,"40,54667609",2,3
COLOMBO,Santos,Nassauia;Dirtmouth;Konoha;Lothlorien,72000,72000,"38,60145142",2,3
COLOMBO,Santos,Nassauia;Dirtmouth;Ulthar;Lothlorien,58000,58000,"41,23081402",2,3
COLOMBO,Santos,Nassauia;Dirtmouth;Ulthar;Lothlorien,72000,72000,"39,2992292",2,3
COLOMBO,Santos,Nassauia;Dirtmouth;Lothlorien,58000,58000,"39,90357264",2,3
COLOMBO,Santos,Nassauia;Dirtmouth;Lothlorien,72000,72000,"38,11256254",2,3
COLOMBO,Santos,Nassauia;Konoha,58000,58000,"38,22150367",2,3
COLOMBO,Santos,Nassauia;Konoha,72000,72000,"36,62811809",2,3
COLOMBO,Santos,Nassauia;Konoha;Marineford,58000,58000,"39,83460712",2,3
COLOMBO,Santos,Nassauia;Konoha;Marineford,72000,72000,"38,05700698",2,3
COLOMBO,Santos,Nassauia;Konoha;Marineford;Ulthar,58000,58000,"41,1618485",2,3
COLOMBO,Santos,Nassauia;Konoha;Marineford;Ulthar,72000,72000,"39,24367365",2,3
COLOMBO,Santos,Nassauia;Konoha;Marineford;Lothlorien,58000,58000,"40,47771057",2,3
COLOMBO,Santos,Nassauia;Konoha;Marineford;Lothlorien,72000,72000,"38,54589587",2,3
COLOMBO,Santos,Nassauia;Konoha;Lothlorien,58000,58000,"39,07460712",2,3
COLOMBO,Santos,Nassauia;Konoha;Lothlorien,72000,72000,"37,32700698",2,3
COLOMBO,Santos,Nassauia;Marineford;Ulthar;Lothlorien,58000,58000,"41,1618485",2,3
COLOMBO,Santos,Nassauia;Marineford;Ulthar;Lothlorien,72000,72000,"39,24367365",2,3
COLOMBO,Santos,Nassauia;Marineford;Lothlorien,58000,58000,"39,83460712",2,3
COLOMBO,Santos,Nassauia;Marineford;Lothlorien,72000,72000,"38,05700698",2,3
COLOMBO,Santos,Nassauia;Lothlorien,58000,58000,"38,22150367",2,3
COLOMBO,Santos,Nassauia;Lothlorien,72000,72000,"36,62811809",2,3
COLOMBO,Santos,Nassauia;Lothlorien;Konoha;Rlyeh,58000,58000,"40,08633126",2,3
COLOMBO,Santos,Nassauia;Yjigar,58000,58000,"36,61150367",2,3
COLOMBO,Santos,Nassauia;Yjigar,72000,72000,"35,08811809",2,3
COLOMBO,Santos,Nassauia;Zuldazar,58000,58000,"36,61150367",2,3
COLOMBO,Santos,Nassauia;Zuldazar,72000,72000,"35,08811809",2,3
COLOMBO,Santos,Ngorim;Nassauia,58000,58000,"38,16977953",2,3
COLOMBO,Santos,Ngorim;Nassauia,72000,72000,"36,58645142",2,3
COLOMBO,Santos,Ngorim;Nassauia;Namek;Tahlenwald,58000,58000,"40,85460712",2,3
COLOMBO,Santos,Ngorim;Nassauia;Namek;Tahlenwald,72000,72000,"38,93978476",2,3
COLOMBO,Santos,Ngorim;Nassauia;Namek;Dirtmouth,58000,58000,"40,92357264",2,3
COLOMBO,Santos,Ngorim;Nassauia;Namek;Dirtmouth,72000,72000,"38,99534031",2,3
COLOMBO,Santos,Ngorim;Nassauia;Namek;Marineford,58000,58000,"40,85460712",2,3
COLOMBO,Santos,Ngorim;Nassauia;Namek;Marineford,72000,72000,"38,93978476",2,3
COLOMBO,Santos,Ngorim;Nassauia;Tahlenwald,58000,58000,"39,78288298",2,3
COLOMBO,Santos,Ngorim;Nassauia;Tahlenwald,72000,72000,"38,01534031",2,3
COLOMBO,Santos,Ngorim;Nassauia;Tahlenwald;Konoha,58000,58000,"40,42598643",2,3
COLOMBO,Santos,Ngorim;Nassauia;Tahlenwald;Konoha,72000,72000,"38,5042292",2,3
COLOMBO,Santos,Ngorim;Nassauia;Tahlenwald;Ulthar,58000,58000,"41,11012436",2,3
COLOMBO,Santos,Ngorim;Nassauia;Tahlenwald;Ulthar,72000,72000,"39,20200698",2,3
COLOMBO,Santos,Ngorim;Nassauia;Tahlenwald;Lothlorien,58000,58000,"40,42598643",2,3
COLOMBO,Santos,Ngorim;Nassauia;Tahlenwald;Lothlorien,72000,72000,"38,5042292",2,3
COLOMBO,Santos,Ngorim;Nassauia;Dirtmouth,58000,58000,"39,8518485",2,3
COLOMBO,Santos,Ngorim;Nassauia;Dirtmouth,72000,72000,"38,07089587",2,3
COLOMBO,Santos,Ngorim;Nassauia;Dirtmouth;Konoha,58000,58000,"40,49495195",2,3
COLOMBO,Santos,Ngorim;Nassauia;Dirtmouth;Konoha,72000,72000,"38,55978476",2,3
COLOMBO,Santos,Ngorim;Nassauia;Dirtmouth;Ulthar,58000,58000,"41,17908988",2,3
COLOMBO,Santos,Ngorim;Nassauia;Dirtmouth;Ulthar,72000,72000,"39,25756254",2,3
COLOMBO,Santos,Ngorim;Nassauia;Dirtmouth;Lothlorien,58000,58000,"40,49495195",2,3
COLOMBO,Santos,Ngorim;Nassauia;Dirtmouth;Lothlorien,72000,72000,"38,55978476",2,3
COLOMBO,Santos,Ngorim;Nassauia;Konoha,58000,58000,"39,02288298",2,3
COLOMBO,Santos,Ngorim;Nassauia;Konoha,72000,72000,"37,28534031",2,3
COLOMBO,Santos,Ngorim;Nassauia;Konoha;Marineford,58000,58000,"40,42598643",2,3
COLOMBO,Santos,Ngorim;Nassauia;Konoha;Marineford,72000,72000,"38,5042292",2,3
COLOMBO,Santos,Ngorim;Nassauia;Marineford,58000,58000,"39,78288298",2,3
COLOMBO,Santos,Ngorim;Nassauia;Marineford,72000,72000,"38,01534031",2,3
COLOMBO,Santos,Ngorim;Nassauia;Marineford;Ulthar,58000,58000,"41,11012436",2,3
COLOMBO,Santos,Ngorim;Nassauia;Marineford;Ulthar,72000,72000,"39,20200698",2,3
COLOMBO,Santos,Ngorim;Nassauia;Marineford;Lothlorien,58000,58000,"40,42598643",2,3
COLOMBO,Santos,Ngorim;Nassauia;Marineford;Lothlorien,72000,72000,"38,5042292",2,3
COLOMBO,Santos,Ngorim;Nassauia;Lothlorien,58000,58000,"39,02288298",2,3
COLOMBO,Santos,Ngorim;Nassauia;Lothlorien,72000,72000,"37,28534031",2,3
COLOMBO,Santos,Ngorim;Namek;Tahlenwald;Yjigar,58000,58000,"40,85460712",2,3
COLOMBO,Santos,Ngorim;Namek;Tahlenwald;Yjigar,72000,72000,"38,93978476",2,3
COLOMBO,Santos,Ngorim;Namek;Tahlenwald;Zuldazar,58000,58000,"40,85460712",2,3
COLOMBO,Santos,Ngorim;Namek;Tahlenwald;Zuldazar,72000,72000,"38,93978476",2,3
COLOMBO,Santos,Ngorim;Namek;Dirtmouth;Yjigar,58000,58000,"40,92357264",2,3
COLOMBO,Santos,Ngorim;Namek;Dirtmouth;Yjigar,72000,72000,"38,99534031",2,3
COLOMBO,Santos,Ngorim;Namek;Dirtmouth;Zuldazar,58000,58000,"40,92357264",2,3
COLOMBO,Santos,Ngorim;Namek;Dirtmouth;Zuldazar,72000,72000,"38,99534031",2,3
COLOMBO,Santos,Ngorim;Namek;Marineford;Yjigar,58000,58000,"40,85460712",2,3
COLOMBO,Santos,Ngorim;Namek;Marineford;Yjigar,72000,72000,"38,93978476",2,3
COLOMBO,Santos,Ngorim;Namek;Marineford;Zuldazar,58000,58000,"40,85460712",2,3
COLOMBO,Santos,Ngorim;Namek;Marineford;Zuldazar,72000,72000,"38,93978476",2,3
COLOMBO,Santos,Ngorim;Tahlenwald,58000,58000,"38,78977953",2,3
COLOMBO,Santos,Ngorim;Tahlenwald,72000,72000,"37,17645142",2,3
COLOMBO,Santos,Ngorim;Tahlenwald;Konoha;Yjigar,58000,58000,"40,42598643",2,3
COLOMBO,Santos,Ngorim;Tahlenwald;Konoha;Yjigar,72000,72000,"38,5042292",2,3
COLOMBO,Santos,Ngorim;Tahlenwald;Konoha;Zuldazar,58000,58000,"40,42598643",2,3
COLOMBO,Santos,Ngorim;Tahlenwald;Konoha;Zuldazar,72000,72000,"38,5042292",2,3
COLOMBO,Santos,Ngorim;Tahlenwald;Ulthar,58000,58000,"40,10702091",2,3
COLOMBO,Santos,Ngorim;Tahlenwald;Ulthar,72000,72000,"38,36311809",2,3
COLOMBO,Santos,Ngorim;Tahlenwald;Ulthar;Yjigar,58000,58000,"41,11012436",2,3
COLOMBO,Santos,Ngorim;Tahlenwald;Ulthar;Yjigar,72000,72000,"39,20200698",2,3
COLOMBO,Santos,Ngorim;Tahlenwald;Ulthar;Zuldazar,58000,58000,"41,11012436",2,3
COLOMBO,Santos,Ngorim;Tahlenwald;Ulthar;Zuldazar,72000,72000,"39,20200698",2,3
COLOMBO,Santos,Ngorim;Tahlenwald;Lothlorien;Yjigar,58000,58000,"40,42598643",2,3
COLOMBO,Santos,Ngorim;Tahlenwald;Lothlorien;Yjigar,72000,72000,"38,5042292",2,3
COLOMBO,Santos,Ngorim;Tahlenwald;Lothlorien;Zuldazar,58000,58000,"40,42598643",2,3
COLOMBO,Santos,Ngorim;Tahlenwald;Lothlorien;Zuldazar,72000,72000,"38,5042292",2,3
COLOMBO,Santos,Ngorim;Tahlenwald;Yjigar,58000,58000,"39,78288298",2,3
COLOMBO,Santos,Ngorim;Tahlenwald;Yjigar,72000,72000,"38,01534031",2,3
COLOMBO,Santos,Ngorim;Tahlenwald;Zuldazar,58000,58000,"39,78288298",2,3
COLOMBO,Santos,Ngorim;Tahlenwald;Zuldazar,72000,72000,"38,01534031",2,3
COLOMBO,Santos,Ngorim;Dirtmouth,58000,58000,"38,85874505",2,3
COLOMBO,Santos,Ngorim;Dirtmouth,72000,72000,"37,23200698",2,3
COLOMBO,Santos,Ngorim;Dirtmouth;Konoha;Yjigar,58000,58000,"40,49495195",2,3
COLOMBO,Santos,Ngorim;Dirtmouth;Konoha;Yjigar,72000,72000,"38,55978476",2,3
COLOMBO,Santos,Ngorim;Dirtmouth;Konoha;Zuldazar,58000,58000,"40,49495195",2,3
COLOMBO,Santos,Ngorim;Dirtmouth;Konoha;Zuldazar,72000,72000,"38,55978476",2,3
COLOMBO,Santos,Ngorim;Dirtmouth;Ulthar,58000,58000,"40,17598643",2,3
COLOMBO,Santos,Ngorim;Dirtmouth;Ulthar,72000,72000,"38,41867365",2,3
COLOMBO,Santos,Ngorim;Dirtmouth;Ulthar;Yjigar,58000,58000,"41,17908988",2,3
COLOMBO,Santos,Ngorim;Dirtmouth;Ulthar;Yjigar,72000,72000,"39,25756254",2,3
COLOMBO,Santos,Ngorim;Dirtmouth;Ulthar;Zuldazar,58000,58000,"41,17908988",2,3
COLOMBO,Santos,Ngorim;Dirtmouth;Ulthar;Zuldazar,72000,72000,"39,25756254",2,3
COLOMBO,Santos,Ngorim;Dirtmouth;Lothlorien;Yjigar,58000,58000,"40,49495195",2,3
COLOMBO,Santos,Ngorim;Dirtmouth;Lothlorien;Yjigar,72000,72000,"38,55978476",2,3
COLOMBO,Santos,Ngorim;Dirtmouth;Lothlorien;Zuldazar,58000,58000,"40,49495195",2,3
COLOMBO,Santos,Ngorim;Dirtmouth;Lothlorien;Zuldazar,72000,72000,"38,55978476",2,3
COLOMBO,Santos,Ngorim;Dirtmouth;Yjigar,58000,58000,"39,8518485",2,3
COLOMBO,Santos,Ngorim;Dirtmouth;Yjigar,72000,72000,"38,07089587",2,3
COLOMBO,Santos,Ngorim;Dirtmouth;Zuldazar,58000,58000,"39,8518485",2,3
COLOMBO,Santos,Ngorim;Dirtmouth;Zuldazar,72000,72000,"38,07089587",2,3
COLOMBO,Santos,Ngorim;Konoha;Marineford;Yjigar,58000,58000,"40,42598643",2,3
COLOMBO,Santos,Ngorim;Konoha;Marineford;Yjigar,72000,72000,"38,5042292",2,3
COLOMBO,Santos,Ngorim;Konoha;Marineford;Zuldazar,58000,58000,"40,42598643",2,3
COLOMBO,Santos,Ngorim;Konoha;Marineford;Zuldazar,72000,72000,"38,5042292",2,3
COLOMBO,Santos,Ngorim;Konoha;Yjigar,58000,58000,"39,02288298",2,3
COLOMBO,Santos,Ngorim;Konoha;Yjigar,72000,72000,"37,28534031",2,3
COLOMBO,Santos,Ngorim;Konoha;Zuldazar,58000,58000,"39,02288298",2,3
COLOMBO,Santos,Ngorim;Konoha;Zuldazar,72000,72000,"37,28534031",2,3
COLOMBO,Santos,Ngorim;Marineford,58000,58000,"38,78977953",2,3
COLOMBO,Santos,Ngorim;Marineford,72000,72000,"37,17645142",2,3
COLOMBO,Santos,Ngorim;Marineford;Ulthar,58000,58000,"40,10702091",2,3
COLOMBO,Santos,Ngorim;Marineford;Ulthar,72000,72000,"38,36311809",2,3
COLOMBO,Santos,Ngorim;Marineford;Ulthar;Yjigar,58000,58000,"41,11012436",2,3
COLOMBO,Santos,Ngorim;Marineford;Ulthar;Yjigar,72000,72000,"39,20200698",2,3
COLOMBO,Santos,Ngorim;Marineford;Ulthar;Zuldazar,58000,58000,"41,11012436",2,3
COLOMBO,Santos,Ngorim;Marineford;Ulthar;Zuldazar,72000,72000,"39,20200698",2,3
COLOMBO,Santos,Ngorim;Marineford;Lothlorien;Yjigar,58000,58000,"40,42598643",2,3
COLOMBO,Santos,Ngorim;Marineford;Lothlorien;Yjigar,72000,72000,"38,5042292",2,3
COLOMBO,Santos,Ngorim;Marineford;Lothlorien;Zuldazar,58000,58000,"40,42598643",2,3
COLOMBO,Santos,Ngorim;Marineford;Lothlorien;Zuldazar,72000,72000,"38,5042292",2,3
COLOMBO,Santos,Ngorim;Marineford;Yjigar,58000,58000,"39,78288298",2,3
COLOMBO,Santos,Ngorim;Marineford;Yjigar,72000,72000,"38,01534031",2,3
COLOMBO,Santos,Ngorim;Marineford;Zuldazar,58000,58000,"39,78288298",2,3
COLOMBO,Santos,Ngorim;Marineford;Zuldazar,72000,72000,"38,01534031",2,3
COLOMBO,Santos,Ngorim;Ulthar,58000,58000,"38,65391746",2,3
COLOMBO,Santos,Ngorim;Ulthar,72000,72000,"37,0842292",2,3
COLOMBO,Santos,Ngorim;Lothlorien;Yjigar,58000,58000,"39,02288298",2,3
COLOMBO,Santos,Ngorim;Lothlorien;Yjigar,72000,72000,"37,28534031",2,3
COLOMBO,Santos,Ngorim;Lothlorien;Zuldazar,58000,58000,"39,02288298",2,3
COLOMBO,Santos,Ngorim;Lothlorien;Zuldazar,72000,72000,"37,28534031",2,3
COLOMBO,Santos,Ngorim;Yjigar,58000,58000,"38,16977953",2,3
COLOMBO,Santos,Ngorim;Yjigar,72000,72000,"36,58645142",2,3
COLOMBO,Santos,Ngorim;Zuldazar,58000,58000,"38,16977953",2,3
COLOMBO,Santos,Ngorim;Zuldazar,72000,72000,"36,58645142",2,3
COLOMBO,Santos,Klunheim;Lothlorien;Konoha,58000,58000,"38,54219333",2,3
COLOMBO,Santos,Namek;Tahlenwald,58000,58000,"38,54012436",2,3
COLOMBO,Santos,Namek;Tahlenwald,72000,72000,"36,96367365",2,3
COLOMBO,Santos,Namek;Tahlenwald;Konoha;Yjigar,58000,58000,"40,90633126",2,3
COLOMBO,Santos,Namek;Tahlenwald;Konoha;Yjigar,72000,72000,"38,98145142",2,3
COLOMBO,Santos,Namek;Tahlenwald;Konoha;Zuldazar,58000,58000,"40,90633126",2,3
COLOMBO,Santos,Namek;Tahlenwald;Konoha;Zuldazar,72000,72000,"38,98145142",2,3
COLOMBO,Santos,Namek;Tahlenwald;Lothlorien;Yjigar,58000,58000,"40,90633126",2,3
COLOMBO,Santos,Namek;Tahlenwald;Lothlorien;Yjigar,72000,72000,"38,98145142",2,3
COLOMBO,Santos,Namek;Tahlenwald;Lothlorien;Zuldazar,58000,58000,"40,90633126",2,3
COLOMBO,Santos,Namek;Tahlenwald;Lothlorien;Zuldazar,72000,72000,"38,98145142",2,3
COLOMBO,Santos,Namek;Dirtmouth,58000,58000,"38,60908988",2,3
COLOMBO,Santos,Namek;Dirtmouth,72000,72000,"37,0192292",2,3
COLOMBO,Santos,Namek;Dirtmouth;Konoha;Yjigar,58000,58000,"40,97529677",2,3
COLOMBO,Santos,Namek;Dirtmouth;Konoha;Yjigar,72000,72000,"39,03700698",2,3
COLOMBO,Santos,Namek;Dirtmouth;Konoha;Zuldazar,58000,58000,"40,97529677",2,3
COLOMBO,Santos,Namek;Dirtmouth;Konoha;Zuldazar,72000,72000,"39,03700698",2,3
COLOMBO,Santos,Namek;Dirtmouth;Lothlorien;Yjigar,58000,58000,"40,97529677",2,3
COLOMBO,Santos,Namek;Dirtmouth;Lothlorien;Yjigar,72000,72000,"39,03700698",2,3
COLOMBO,Santos,Namek;Dirtmouth;Lothlorien;Zuldazar,58000,58000,"40,97529677",2,3
COLOMBO,Santos,Namek;Dirtmouth;Lothlorien;Zuldazar,72000,72000,"39,03700698",2,3
COLOMBO,Santos,Namek;Konoha;Marineford;Yjigar,58000,58000,"40,90633126",2,3
COLOMBO,Santos,Namek;Konoha;Marineford;Yjigar,72000,72000,"38,98145142",2,3
COLOMBO,Santos,Namek;Konoha;Marineford;Zuldazar,58000,58000,"40,90633126",2,3
COLOMBO,Santos,Namek;Konoha;Marineford;Zuldazar,72000,72000,"38,98145142",2,3
COLOMBO,Santos,Namek;Marineford,58000,58000,"38,54012436",2,3
COLOMBO,Santos,Namek;Marineford,72000,72000,"36,96367365",2,3
COLOMBO,Santos,Namek;Marineford;Lothlorien;Yjigar,58000,58000,"40,90633126",2,3
COLOMBO,Santos,Namek;Marineford;Lothlorien;Yjigar,72000,72000,"38,98145142",2,3
COLOMBO,Santos,Namek;Marineford;Lothlorien;Zuldazar,58000,58000,"40,90633126",2,3
COLOMBO,Santos,Namek;Marineford;Lothlorien;Zuldazar,72000,72000,"38,98145142",2,3
COLOMBO,Santos,Tahlenwald,58000,58000,"37,38840022",2,3
COLOMBO,Santos,Tahlenwald;Rlyeh,58000,58000,"39,21012436",2,3
COLOMBO,Santos,Tahlenwald;Konoha,58000,58000,"38,91150367",2,3
COLOMBO,Santos,Tahlenwald;Konoha;Ulthar,58000,58000,"40,15874505",2,3
COLOMBO,Santos,Tahlenwald;Konoha;Ulthar,72000,72000,"38,40478476",2,3
COLOMBO,Santos,Tahlenwald;Konoha;Ulthar;Yjigar,58000,58000,"41,1618485",2,3
COLOMBO,Santos,Tahlenwald;Konoha;Ulthar;Yjigar,72000,72000,"39,24367365",2,3
COLOMBO,Santos,Tahlenwald;Konoha;Ulthar;Zuldazar,58000,58000,"41,1618485",2,3
COLOMBO,Santos,Tahlenwald;Konoha;Ulthar;Zuldazar,72000,72000,"39,24367365",2,3
COLOMBO,Santos,Tahlenwald;Konoha;Lothlorien;Yjigar,58000,58000,"40,47771057",2,3
COLOMBO,Santos,Tahlenwald;Konoha;Lothlorien;Yjigar,72000,72000,"38,54589587",2,3
COLOMBO,Santos,Tahlenwald;Konoha;Lothlorien;Zuldazar,58000,58000,"40,47771057",2,3
COLOMBO,Santos,Tahlenwald;Konoha;Lothlorien;Zuldazar,72000,72000,"38,54589587",2,3
COLOMBO,Santos,Tahlenwald;Konoha;Yjigar,58000,58000,"39,83460712",2,3
COLOMBO,Santos,Tahlenwald;Konoha;Yjigar,72000,72000,"38,05700698",2,3
COLOMBO,Santos,Tahlenwald;Konoha;Zuldazar,58000,58000,"39,83460712",2,3
COLOMBO,Santos,Tahlenwald;Konoha;Zuldazar,72000,72000,"38,05700698",2,3
COLOMBO,Santos,Tahlenwald;Marineford,58000,58000,"38,94150367",2,3
COLOMBO,Santos,Tahlenwald;Ulthar,58000,58000,"38,7956416",2,3
COLOMBO,Santos,Tahlenwald;Ulthar,72000,72000,"37,21589587",2,3
COLOMBO,Santos,Tahlenwald;Ulthar;Lothlorien,58000,58000,"40,15874505",2,3
COLOMBO,Santos,Tahlenwald;Ulthar;Lothlorien,72000,72000,"38,40478476",2,3
COLOMBO,Santos,Tahlenwald;Ulthar;Lothlorien;Yjigar,58000,58000,"41,1618485",2,3
COLOMBO,Santos,Tahlenwald;Ulthar;Lothlorien;Yjigar,72000,72000,"39,24367365",2,3
COLOMBO,Santos,Tahlenwald;Ulthar;Lothlorien;Zuldazar,58000,58000,"41,1618485",2,3
COLOMBO,Santos,Tahlenwald;Ulthar;Lothlorien;Zuldazar,72000,72000,"39,24367365",2,3
COLOMBO,Santos,Tahlenwald;Lothlorien,58000,58000,"38,84150367",2,3
COLOMBO,Santos,Tahlenwald;Lothlorien,72000,72000,"37,21811809",2,3
COLOMBO,Santos,Tahlenwald;Lothlorien;Yjigar,58000,58000,"39,83460712",2,3
COLOMBO,Santos,Tahlenwald;Lothlorien;Yjigar,72000,72000,"38,05700698",2,3
COLOMBO,Santos,Tahlenwald;Lothlorien;Zuldazar,58000,58000,"39,83460712",2,3
COLOMBO,Santos,Tahlenwald;Lothlorien;Zuldazar,72000,72000,"38,05700698",2,3
COLOMBO,Santos,Dirtmouth;Rlyeh,58000,58000,"39,28908988",2,3
COLOMBO,Santos,Dirtmouth;Tahlenwald,58000,58000,"38,34046919",2,3
COLOMBO,Santos,Dirtmouth;Konoha,58000,58000,"38,91046919",2,3
COLOMBO,Santos,Dirtmouth;Konoha,72000,72000,"37,27367365",2,3
COLOMBO,Santos,Dirtmouth;Konoha;Ulthar,58000,58000,"40,22771057",2,3
COLOMBO,Santos,Dirtmouth;Konoha;Ulthar,72000,72000,"38,46034031",2,3
COLOMBO,Santos,Dirtmouth;Konoha;Ulthar;Yjigar,58000,58000,"41,23081402",2,3
COLOMBO,Santos,Dirtmouth;Konoha;Ulthar;Yjigar,72000,72000,"39,2992292",2,3
COLOMBO,Santos,Dirtmouth;Konoha;Ulthar;Zuldazar,58000,58000,"41,23081402",2,3
COLOMBO,Santos,Dirtmouth;Konoha;Ulthar;Zuldazar,72000,72000,"39,2992292",2,3
COLOMBO,Santos,Dirtmouth;Konoha;Lothlorien;Yjigar,58000,58000,"40,54667609",2,3
COLOMBO,Santos,Dirtmouth;Konoha;Lothlorien;Yjigar,72000,72000,"38,60145142",2,3
COLOMBO,Santos,Dirtmouth;Konoha;Lothlorien;Zuldazar,58000,58000,"40,54667609",2,3
COLOMBO,Santos,Dirtmouth;Konoha;Lothlorien;Zuldazar,72000,72000,"38,60145142",2,3
COLOMBO,Santos,Dirtmouth;Konoha;Yjigar,58000,58000,"39,90357264",2,3
COLOMBO,Santos,Dirtmouth;Konoha;Yjigar,72000,72000,"38,11256254",2,3
COLOMBO,Santos,Dirtmouth;Konoha;Zuldazar,58000,58000,"39,90357264",2,3
COLOMBO,Santos,Dirtmouth;Konoha;Zuldazar,72000,72000,"38,11256254",2,3
COLOMBO,Santos,Dirtmouth;Ulthar,58000,58000,"38,86460712",2,3
COLOMBO,Santos,Dirtmouth;Ulthar,72000,72000,"37,27145142",2,3
COLOMBO,Santos,Dirtmouth;Ulthar;Lothlorien,58000,58000,"40,22771057",2,3
COLOMBO,Santos,Dirtmouth;Ulthar;Lothlorien,72000,72000,"38,46034031",2,3
COLOMBO,Santos,Dirtmouth;Ulthar;Lothlorien;Yjigar,58000,58000,"41,23081402",2,3
COLOMBO,Santos,Dirtmouth;Ulthar;Lothlorien;Yjigar,72000,72000,"39,2992292",2,3
COLOMBO,Santos,Dirtmouth;Ulthar;Lothlorien;Zuldazar,58000,58000,"41,23081402",2,3
COLOMBO,Santos,Dirtmouth;Ulthar;Lothlorien;Zuldazar,72000,72000,"39,2992292",2,3
COLOMBO,Santos,Dirtmouth;Lothlorien,58000,58000,"38,91046919",2,3
COLOMBO,Santos,Dirtmouth;Lothlorien,72000,72000,"37,27367365",2,3
COLOMBO,Santos,Dirtmouth;Lothlorien;Yjigar,58000,58000,"39,90357264",2,3
COLOMBO,Santos,Dirtmouth;Lothlorien;Yjigar,72000,72000,"38,11256254",2,3
COLOMBO,Santos,Dirtmouth;Lothlorien;Zuldazar,58000,58000,"39,90357264",2,3
COLOMBO,Santos,Dirtmouth;Lothlorien;Zuldazar,72000,72000,"38,11256254",2,3
COLOMBO,Santos,Konoha;Marineford,58000,58000,"42,10854604",2,3
COLOMBO,Santos,Konoha;Marineford,72000,72000,"44,66174171",2,3
COLOMBO,Santos,Konoha;Marineford;Ulthar,58000,58000,"43,53658342",2,3
COLOMBO,Santos,Konoha;Marineford;Ulthar,72000,72000,"46,08574171",2,3
COLOMBO,Santos,Konoha;Marineford;Ulthar;Yjigar,58000,58000,"44,62406005",2,3
COLOMBO,Santos,Konoha;Marineford;Ulthar;Yjigar,72000,72000,"47,09240838",2,3
COLOMBO,Santos,Konoha;Marineford;Ulthar;Zuldazar,58000,58000,"44,62406005",2,3
COLOMBO,Santos,Konoha;Marineford;Ulthar;Zuldazar,72000,72000,"47,09240838",2,3
COLOMBO,Santos,Konoha;Marineford;Lothlorien;Yjigar,58000,58000,"43,88237781",2,3
COLOMBO,Santos,Konoha;Marineford;Lothlorien;Yjigar,72000,72000,"46,25507504",2,3
COLOMBO,Santos,Konoha;Marineford;Lothlorien;Zuldazar,58000,58000,"43,88237781",2,3
COLOMBO,Santos,Konoha;Marineford;Lothlorien;Zuldazar,72000,72000,"46,25507504",2,3
COLOMBO,Santos,Konoha;Marineford;Yjigar,58000,58000,"43,18518155",2,3
COLOMBO,Santos,Konoha;Marineford;Yjigar,72000,72000,"45,66840838",2,3
COLOMBO,Santos,Konoha;Marineford;Zuldazar,58000,58000,"43,18518155",2,3
COLOMBO,Santos,Konoha;Marineford;Zuldazar,72000,72000,"45,66840838",2,3
COLOMBO,Santos,Konoha;Ulthar,58000,58000,"41,96125632",2,3
COLOMBO,Santos,Konoha;Ulthar,72000,72000,"44,55107504",2,3
COLOMBO,Santos,Konoha;Lothlorien;Yjigar,58000,58000,"42,36125632",2,3
COLOMBO,Santos,Konoha;Lothlorien;Yjigar,72000,72000,"44,79240838",2,3
COLOMBO,Santos,Konoha;Lothlorien;Zuldazar,58000,58000,"42,36125632",2,3
COLOMBO,Santos,Konoha;Lothlorien;Zuldazar,72000,72000,"44,79240838",2,3
COLOMBO,Santos,Konoha;Yjigar,58000,58000,"41,4363965",2,3
COLOMBO,Santos,Konoha;Yjigar,72000,72000,"43,95374171",2,3
COLOMBO,Santos,Konoha;Zuldazar,58000,58000,"41,4363965",2,3
COLOMBO,Santos,Konoha;Zuldazar,72000,72000,"43,95374171",2,3
COLOMBO,Santos,Marineford,58000,58000,"37,91840022",2,3
COLOMBO,Santos,Marineford,72000,72000,"39,1800672",2,3
COLOMBO,Santos,Marineford;Rlyeh,58000,58000,"40,26012436",2,3
COLOMBO,Santos,Marineford;Dirtmouth;Rlyeh,58000,58000,"41,47219333",2,3
COLOMBO,Santos,Marineford;Ulthar,58000,58000,"38,7956416",2,3
COLOMBO,Santos,Marineford;Ulthar,72000,72000,"39,99320153",2,3
COLOMBO,Santos,Marineford;Ulthar;Lothlorien,58000,58000,"40,15874505",2,3
COLOMBO,Santos,Marineford;Ulthar;Lothlorien,72000,72000,"41,27081347",2,3
COLOMBO,Santos,Marineford;Ulthar;Lothlorien;Yjigar,58000,58000,"41,1618485",2,3
COLOMBO,Santos,Marineford;Ulthar;Lothlorien;Yjigar,72000,72000,"42,17230601",2,3
COLOMBO,Santos,Marineford;Ulthar;Lothlorien;Zuldazar,58000,58000,"41,1618485",2,3
COLOMBO,Santos,Marineford;Ulthar;Lothlorien;Zuldazar,72000,72000,"42,17230601",2,3
COLOMBO,Santos,Marineford;Lothlorien,58000,58000,"38,84150367",2,3
COLOMBO,Santos,Marineford;Lothlorien,72000,72000,"39,99558959",2,3
COLOMBO,Santos,Marineford;Lothlorien;Yjigar,58000,58000,"39,83460712",2,3
COLOMBO,Santos,Marineford;Lothlorien;Yjigar,72000,72000,"40,89708213",2,3
COLOMBO,Santos,Marineford;Lothlorien;Zuldazar,58000,58000,"39,83460712",2,3
COLOMBO,Santos,Marineford;Lothlorien;Zuldazar,72000,72000,"40,89708213",2,3
COLOMBO,Santos,Ulthar;Lothlorien,58000,58000,"56,12318032",2,3
COLOMBO,Santos,Ulthar;Lothlorien,72000,72000,"37,12589587",2,3
COLOMBO,Santos,Lothlorien;Konoha;Rlyeh,58000,58000,"39,09322781",2,3
COLOMBO,Santos,Lothlorien;Konoha;Rlyeh,72000,72000,"41,31176158",2,3
COLOMBO,Santos,Lothlorien;Yjigar,58000,58000,"38,22150367",2,3
COLOMBO,Santos,Lothlorien;Yjigar,72000,72000,"40,57268466",2,3
COLOMBO,Santos,Lothlorien;Zuldazar,58000,58000,"38,22150367",2,3
COLOMBO,Santos,Lothlorien;Zuldazar,72000,72000,"40,57268466",2,3
COLOMBO,Santos,Yjigar;Zuldazar,58000,58000,"36,61150367",2,3
COLOMBO,Santos,Yjigar;Zuldazar,72000,72000,"35,08811809",2,3
COLOMBO,Santos,Zuldazar;Rlyeh,58000,58000,"38,35012436",2,3
COLOMBO,Santos,Zuldazar;Rlyeh,72000,72000,"36,70645142",2,3
COLOMBO,Santos,Zuldazar;Lothlorien;Rlyeh,58000,58000,"39,18322781",2,3
COLOMBO,Santos,Zuldazar;Lothlorien;Konoha,58000,58000,"38,87460712",2,3
COLOMBO,Santos,Zuldazar;Lothlorien;Konoha;Rlyeh,58000,58000,"40,05633126",2,3
COLOMBO,Santos;Portocel,Askr;Nassauia;Lothlorien;Rlyeh,58000,58000,"42,03028113",2,3
COLOMBO,Santos;Portocel,Nassauia;Rlyeh,58000,58000,"39,83786734",2,3
COLOMBO,Santos;Portocel,Nassauia;Askr;Lothlorien;Rlyeh,58000,58000,"41,47028113",2,3
COLOMBO,Santos;Portocel,Nassauia;Lothlorien;Askr;Rlyeh,58000,58000,"41,45028113",2,3
COLOMBO,Portocel,Rlyeh,58000,58000,"46,66328088",2,3
COLOMBO,Portocel,Dornfall,58000,58000,"36,92040649",2,3
COLOMBO,Portocel,Ngorim,58000,58000,"36,85937201",2,3
COLOMBO,Portocel,Konoha,58000,58000,"40,01576779",2,3
COLOMBO,Portocel,Lothlorien,58000,58000,"36,91109615",2,3
COLOMBO,Santos,Rlyeh,58000,58000,"46,58457171",2,3
COLOMBO,Santos,Rlyeh,72000,72000,"50,03166672",2,3
COLOMBO,Santos,Dornfall,58000,58000,"36,85771057",2,3
COLOMBO,Santos,Dornfall,72000,72000,"35,5292292",2,3
COLOMBO,Santos,Ngorim,58000,58000,"36,79667609",2,3
COLOMBO,Santos,Ngorim,72000,72000,"35,39756254",2,3
COLOMBO,Santos,Konoha,58000,58000,"39,94779837",2,3
COLOMBO,Santos,Konoha,72000,72000,"42,52707504",2,3
COLOMBO,Santos,Lothlorien,58000,58000,"36,84840022",2,3
COLOMBO,Santos,Lothlorien,72000,72000,"39,25576158",2,3
COLOMBO,Portocel,Deliora,58000,58000,"37,55833753",2,3
COLOMBO,Portocel,Lyngard,58000,58000,"37,54109615",2,3
COLOMBO,Portocel,Tahlenwald,58000,58000,"37,12109615",2,3
COLOMBO,Portocel,Dirtmouth,58000,58000,"37,61006167",2,3
COLOMBO,Portocel,Marineford,58000,58000,"37,54109615",2,3
COLOMBO,Santos,Deliora,58000,58000,"37,4956416",2,3
COLOMBO,Santos,Deliora,72000,72000,"36,04311809",2,3
COLOMBO,Santos,Lyngard,58000,58000,"37,47840022",2,3
COLOMBO,Santos,Lyngard,72000,72000,"36,434052",2,3
COLOMBO,Santos,Dirtmouth,58000,58000,"37,44736574",2,3
COLOMBO,Santos,Dirtmouth,72000,72000,"35,99478476",2,3
COLOMBO,Portocel,Nassauia,58000,58000,"35,75109615",2,3
COLOMBO,Portocel,Yjigar,58000,58000,"35,75109615",2,3
COLOMBO,Portocel,Zuldazar,58000,58000,"35,75109615",2,3
COLOMBO,Portocel,Zuldazar;Rlyeh;Tahlenwald;Marineford,58000,58000,"41,12902718",2,3
COLOMBO,Portocel,Zuldazar;Lothlorien;Rlyeh,58000,58000,"38,84592373",2,3
COLOMBO,Santos,Nassauia,58000,58000,"35,68840022",2,3
COLOMBO,Santos,Nassauia,72000,72000,"34,3292292",2,3
COLOMBO,Santos,Yjigar,58000,58000,"35,68840022",2,3
COLOMBO,Santos,Yjigar,72000,72000,"34,3292292",2,3
COLOMBO,Santos,Zuldazar,58000,58000,"35,68840022",2,3
COLOMBO,Santos,Zuldazar,72000,72000,"34,3292292",2,3
COLOMBO,Portocel,Promethea,58000,58000,"37,39523408",2,3
COLOMBO,Portocel,Ichoris,58000,58000,"37,05040649",2,3
COLOMBO,Portocel,Seireitei,58000,58000,"61,90295933",2,3
COLOMBO,Portocel,Namek,58000,58000,"37,42971684",2,3
COLOMBO,Portocel,Ulthar,58000,58000,"54,16508941",2,3
COLOMBO,Santos,Promethea,58000,58000,"37,33253815",2,3
COLOMBO,Santos,Promethea,72000,72000,"35,93700698",2,3
COLOMBO,Santos,Ichoris,58000,58000,"36,98771057",2,3
COLOMBO,Santos,Ichoris,72000,72000,"35,6592292",2,3
COLOMBO,Santos,Seireitei,58000,58000,"61,79906323",2,3
COLOMBO,Santos,Seireitei,72000,72000,"56,18661962",2,3
COLOMBO,Santos,Namek,58000,58000,"37,36702091",2,3
COLOMBO,Santos,Namek,72000,72000,"35,96478476",2,3
COLOMBO,Santos,Ulthar,58000,58000,"54,07418032",2,3
COLOMBO,Santos,Ulthar,72000,72000,"35,89700698",2,3
COLOMBO,Portocel,Askr,58000,58000,"36,06730304",2,3
COLOMBO,Santos,Askr,58000,58000,"36,00460712",2,3
COLOMBO,Santos,Askr,72000,72000,"37,28514183",2,3
COLOMBO,Santos,Midgar,34500,34500,"40,91825818",1,2
COLOMBO,Santos,Midgar;Cairhien,34500,34500,"41,64289586",1,2
COLOMBO,Santos,Midgar;Ivalice,34500,34500,"41,49796833",1,2
COLOMBO,Santos,Cairhien,34500,34500,"40,77333065",1,2
COLOMBO,Santos,Cairhien;Ivalice,34500,34500,"41,35304079",1,2
COLOMBO,Santos,Ivalice,34500,34500,"40,62840311",1,2
COLOMBO,Santos,Skellige;Drinmoor,34500,34500,"39,52152996",1,2
COLOMBO,Santos,Skellige;Drinmoor;Limoria,34500,34500,"40,68095025",1,2
COLOMBO,Santos,Skellige;Drinmoor;Limoria;Mondstadt,34500,34500,"42,24616764",1,2
COLOMBO,Santos,Skellige;Drinmoor;Limoria;Resembool,34500,34500,"42,51022561",1,2
COLOMBO,Santos,Skellige;Drinmoor;Mondstadt,34500,34500,"41,08674735",1,2
COLOMBO,Santos,Skellige;Drinmoor;Mondstadt;Resembool,34500,34500,"42,91602271",1,2
COLOMBO,Santos,Skellige;Drinmoor;Resembool,34500,34500,"41,35080532",1,2
COLOMBO,Santos,Skellige;Limoria,34500,34500,"38,97080532",1,2
COLOMBO,Santos,Skellige;Limoria;Mondstadt,34500,34500,"40,53602271",1,2
COLOMBO,Santos,Skellige;Limoria;Mondstadt;Resembool,34500,34500,"42,36529807",1,2
COLOMBO,Santos,Skellige;Limoria;Resembool,34500,34500,"40,80008068",1,2
COLOMBO,Santos,Skellige;Liones;Prontera;Resembool,58000,58000,"37,02967956",1,2
COLOMBO,Santos,Skellige;Liones;Aeusserst,58000,58000,"30,84801329",1,2
COLOMBO,Santos,Skellige;Liones;Tartarus,58000,58000,"31,54703335",1,2
COLOMBO,Santos,Skellige;Mondstadt,34500,34500,"39,37660242",1,2
COLOMBO,Santos,Skellige;Mondstadt;Resembool,34500,34500,"41,20587778",1,2
COLOMBO,Santos,Skellige;Resembool,34500,34500,"39,64066039",1,2
COLOMBO,Santos,Skellige;Prontera,58000,58000,"32,01747217",1,2
COLOMBO,Santos,Skellige;Prontera;Resembool;Savois,58000,58000,"37,05217212",1,2
COLOMBO,Santos,Skellige;Prontera;Aeusserst,58000,58000,"32,82170959",1,2
COLOMBO,Santos,Skellige;Prontera;Tartarus,58000,58000,"33,48832868",1,2
COLOMBO,Santos,Skellige;Savois;Aeusserst,58000,58000,"31,05464378",1,2
COLOMBO,Santos,Skellige;Savois;Tartarus,58000,58000,"31,7568583",1,2
COLOMBO,Santos,Skellige;Aeusserst,58000,58000,"29,43351591",1,2
COLOMBO,Santos,Skellige;Tartarus,58000,58000,"30,09694054",1,2
COLOMBO,Santos,Drinmoor,34500,34500,"37,92732706",1,2
COLOMBO,Santos,Drinmoor;Limoria,34500,34500,"39,08674735",1,2
COLOMBO,Santos,Drinmoor;Limoria;Mondstadt,34500,34500,"40,65196474",1,2
COLOMBO,Santos,Drinmoor;Limoria;Mondstadt;Resembool,34500,34500,"42,4812401",1,2
COLOMBO,Santos,Drinmoor;Limoria;Resembool,34500,34500,"40,91602271",1,2
COLOMBO,Santos,Drinmoor;Liones;Prontera;Resembool,58000,58000,"37,09910143",1,2
COLOMBO,Santos,Drinmoor;Liones;Aeusserst,58000,58000,"30,91743516",1,2
COLOMBO,Santos,Drinmoor;Liones;Tartarus,58000,58000,"31,61645522",1,2
COLOMBO,Santos,Drinmoor;Mondstadt,34500,34500,"39,49254445",1,2
COLOMBO,Santos,Drinmoor;Mondstadt;Resembool,34500,34500,"41,32181981",1,2
COLOMBO,Santos,Drinmoor;Resembool,34500,34500,"39,75660242",1,2
COLOMBO,Santos,Drinmoor;Prontera,58000,58000,"32,08689403",1,2
COLOMBO,Santos,Drinmoor;Prontera;Resembool;Savois,58000,58000,"37,12159399",1,2
COLOMBO,Santos,Drinmoor;Prontera;Aeusserst,58000,58000,"32,89113146",1,2
COLOMBO,Santos,Drinmoor;Prontera;Tartarus,58000,58000,"33,55775055",1,2
COLOMBO,Santos,Drinmoor;Savois;Aeusserst,58000,58000,"31,124522",1,2
COLOMBO,Santos,Drinmoor;Savois;Tartarus,58000,58000,"31,82673653",1,2
COLOMBO,Santos,Drinmoor;Aeusserst,58000,58000,"29,50293778",1,2
COLOMBO,Santos,Drinmoor;Tartarus,58000,58000,"30,16636241",1,2
COLOMBO,Santos,Limoria,34500,34500,"37,37660242",1,2
COLOMBO,Santos,Limoria;Liones;Prontera;Resembool,58000,58000,"36,77288427",1,2
COLOMBO,Santos,Limoria;Liones;Aeusserst,58000,58000,"30,591218",1,2
COLOMBO,Santos,Limoria;Liones;Tartarus,58000,58000,"31,29023807",1,2
COLOMBO,Santos,Limoria;Mondstadt,34500,34500,"38,94181981",1,2
COLOMBO,Santos,Limoria;Mondstadt;Resembool,34500,34500,"40,77109517",1,2
COLOMBO,Santos,Limoria;Resembool,34500,34500,"39,20587778",1,2
COLOMBO,Santos,Limoria;Prontera,58000,58000,"31,76022053",1,2
COLOMBO,Santos,Limoria;Prontera;Resembool;Savois,58000,58000,"36,79492049",1,2
COLOMBO,Santos,Limoria;Prontera;Aeusserst,58000,58000,"32,56445796",1,2
COLOMBO,Santos,Limoria;Prontera;Tartarus,58000,58000,"33,23107705",1,2
COLOMBO,Santos,Limoria;Savois;Aeusserst,58000,58000,"30,79784849",1,2
COLOMBO,Santos,Limoria;Savois;Tartarus,58000,58000,"31,50006302",1,2
COLOMBO,Santos,Limoria;Aeusserst,58000,58000,"29,17626427",1,2
COLOMBO,Santos,Limoria;Tartarus,58000,58000,"29,84014526",1,2
COLOMBO,Santos,Liones;Mondstadt;Prontera;Resembool,58000,58000,"36,78220873",1,2
COLOMBO,Santos,Liones;Mondstadt;Aeusserst,58000,58000,"31,07149744",1,2
COLOMBO,Santos,Liones;Mondstadt;Tartarus,58000,58000,"31,73492208",1,2
COLOMBO,Santos,Liones;Resembool;Aeusserst,58000,58000,"31,49358819",1,2
COLOMBO,Santos,Liones;Resembool;Tartarus,58000,58000,"32,15473106",1,2
COLOMBO,Santos,Liones;Prontera;Savois;Aeusserst,58000,58000,"32,15374348",1,2
COLOMBO,Santos,Liones;Prontera;Savois;Tartarus,58000,58000,"32,85595801",1,2
COLOMBO,Santos,Liones;Prontera;Aeusserst,58000,58000,"30,56460645",1,2
COLOMBO,Santos,Liones;Prontera;Tartarus,58000,58000,"31,23122554",1,2
COLOMBO,Santos,Liones;Nibelheim;Savois;Aeusserst,58000,58000,"29,10039756",1,2
COLOMBO,Santos,Liones;Nibelheim;Savois;Tartarus,58000,58000,"29,80261209",1,2
COLOMBO,Santos,Liones;Aeusserst,58000,58000,"26,30744861",1,2
COLOMBO,Santos,Liones;Tartarus,58000,58000,"27,00646868",1,2
COLOMBO,Santos,Mondstadt,34500,34500,"37,78239952",1,2
COLOMBO,Santos,Mondstadt;Resembool,34500,34500,"39,61167488",1,2
COLOMBO,Santos,Mondstadt;Prontera,58000,58000,"31,95071662",1,2
COLOMBO,Santos,Mondstadt;Prontera;Resembool;Savois,58000,58000,"36,98541658",1,2
COLOMBO,Santos,Mondstadt;Prontera;Aeusserst,58000,58000,"32,75495405",1,2
COLOMBO,Santos,Mondstadt;Prontera;Tartarus,58000,58000,"33,42157314",1,2
COLOMBO,Santos,Mondstadt;Savois;Aeusserst,58000,58000,"30,98834459",1,2
COLOMBO,Santos,Mondstadt;Savois;Tartarus,58000,58000,"31,69055911",1,2
COLOMBO,Santos,Mondstadt;Aeusserst,58000,58000,"29,36676037",1,2
COLOMBO,Santos,Mondstadt;Tartarus,58000,58000,"30,030185",1,2
COLOMBO,Santos,Resembool,34500,34500,"38,04645749",1,2
COLOMBO,Santos,Resembool;Savois;Aeusserst,58000,58000,"31,34654609",1,2
COLOMBO,Santos,Resembool;Savois;Tartarus,58000,58000,"32,04876062",1,2
COLOMBO,Santos,Resembool;Aeusserst,58000,58000,"29,76541822",1,2
COLOMBO,Santos,Resembool;Tartarus,58000,58000,"30,4265611",1,2
COLOMBO,Santos,Prontera;Savois;Aeusserst,58000,58000,"30,51294186",1,2
COLOMBO,Santos,Prontera;Savois;Tartarus,58000,58000,"31,21515639",1,2
COLOMBO,Santos,Prontera;Aeusserst,58000,58000,"28,90181399",1,2
COLOMBO,Santos,Prontera;Tartarus,58000,58000,"29,56843308",1,2
COLOMBO,Santos,Savois;Aeusserst,58000,58000,"26,47802732",1,2
COLOMBO,Santos,Savois;Tartarus,58000,58000,"27,18024185",1,2
COLOMBO,Santos,Aeusserst,58000,58000,"24,95384972",1,2
COLOMBO,Santos,Tartarus,58000,58000,"24,89280326",1,2
COLOMBO,Santos;Portocel,Savois;Liones;Skellige;Resembool,58000,58000,"38,65955044",1,2
COLOMBO,Santos,Brakmar;Azkaban,58000,58000,"27,61696403",1,2
COLOMBO,Santos,Gerudo;Elzion;Azkaban,58000,58000,"31,32827134",1,2
COLOMBO,Santos,Gerudo;Elzion;Azkaban;Laputa,58000,58000,"34,07843508",1,2
COLOMBO,Santos,Gerudo;Azkaban,58000,58000,"29,05849323",1,2
COLOMBO,Santos,Gerudo;Azkaban;Laputa,58000,58000,"31,80865696",1,2
COLOMBO,Santos,Elzion;Azkaban,58000,58000,"28,38010759",1,2
COLOMBO,Santos,Elzion;Azkaban;Laputa,58000,58000,"30,74027132",1,2
COLOMBO,Santos,Azkaban,58000,58000,"26,16075633",1,2
COLOMBO,Santos,Azkaban;Laputa,58000,58000,"28,53092007",1,2
COLOMBO,Santos,Laputa,58000,58000,"25,71497554",1,2
COLOMBO,Portocel,Rlyeh;Promethea,20000,35000,"50,74266355",2,3
COLOMBO,Portocel,Rlyeh;Askr,20000,35000,"46,54266355",2,3
COLOMBO,Portocel,Rlyeh;Askr;Promethea,20000,35000,"52,04266355",2,3
COLOMBO,Portocel,Rlyeh;Askr;Seireitei,20000,35000,"52,04266355",2,3
COLOMBO,Portocel,Rlyeh;Askr;Dirtmouth,20000,35000,"47,84266355",2,3
COLOMBO,Portocel,Rlyeh;Askr;Konoha,20000,35000,"47,84266355",2,3
COLOMBO,Portocel,Rlyeh;Askr;Ulthar,20000,35000,"52,04266355",2,3
COLOMBO,Portocel,Rlyeh;Seireitei,20000,35000,"50,74266355",2,3
COLOMBO,Portocel,Rlyeh;Seireitei;Promethea,20000,35000,"52,04266355",2,3
COLOMBO,Portocel,Rlyeh;Seireitei;Ulthar,20000,35000,"52,04266355",2,3
COLOMBO,Portocel,Rlyeh;Nassauia,20000,35000,"45,54266355",2,3
COLOMBO,Portocel,Rlyeh;Nassauia;Promethea,20000,35000,"52,04266355",2,3
COLOMBO,Portocel,Rlyeh;Nassauia;Askr,20000,35000,"47,84266355",2,3
COLOMBO,Portocel,Rlyeh;Nassauia;Seireitei,20000,35000,"52,04266355",2,3
COLOMBO,Portocel,Rlyeh;Nassauia;Ngorim,20000,35000,"48,74266355",2,3
COLOMBO,Portocel,Rlyeh;Nassauia;Dirtmouth,20000,35000,"47,84266355",2,3
COLOMBO,Portocel,Rlyeh;Nassauia;Konoha,20000,35000,"46,84266355",2,3
COLOMBO,Portocel,Rlyeh;Nassauia;Marineford,20000,35000,"52,04266355",2,3
COLOMBO,Portocel,Rlyeh;Nassauia;Ulthar,20000,35000,"52,04266355",2,3
COLOMBO,Portocel,Rlyeh;Nassauia;Yjigar,20000,35000,"47,84266355",2,3
COLOMBO,Portocel,Rlyeh;Nassauia;Zuldazar,20000,35000,"46,84266355",2,3
COLOMBO,Portocel,Rlyeh;Ngorim,20000,35000,"47,44266355",2,3
COLOMBO,Portocel,Rlyeh;Ngorim;Promethea,20000,35000,"52,04266355",2,3
COLOMBO,Portocel,Rlyeh;Ngorim;Askr,20000,35000,"48,74266355",2,3
COLOMBO,Portocel,Rlyeh;Ngorim;Seireitei,20000,35000,"52,04266355",2,3
COLOMBO,Portocel,Rlyeh;Ngorim;Dirtmouth,20000,35000,"48,74266355",2,3
COLOMBO,Portocel,Rlyeh;Ngorim;Konoha,20000,35000,"48,74266355",2,3
COLOMBO,Portocel,Rlyeh;Ngorim;Marineford,20000,35000,"52,04266355",2,3
COLOMBO,Portocel,Rlyeh;Ngorim;Ulthar,20000,35000,"52,04266355",2,3
COLOMBO,Portocel,Rlyeh;Ngorim;Yjigar,20000,35000,"48,74266355",2,3
COLOMBO,Portocel,Rlyeh;Ngorim;Zuldazar,20000,35000,"48,74266355",2,3
COLOMBO,Portocel,Rlyeh;Dirtmouth,20000,35000,"46,54266355",2,3
COLOMBO,Portocel,Rlyeh;Dirtmouth;Promethea,20000,35000,"52,04266355",2,3
COLOMBO,Portocel,Rlyeh;Dirtmouth;Seireitei,20000,35000,"52,04266355",2,3
COLOMBO,Portocel,Rlyeh;Dirtmouth;Konoha,20000,35000,"47,84266355",2,3
COLOMBO,Portocel,Rlyeh;Dirtmouth;Ulthar,20000,35000,"52,04266355",2,3
COLOMBO,Portocel,Rlyeh;Konoha,20000,35000,"45,54266355",2,3
COLOMBO,Portocel,Rlyeh;Konoha;Promethea,20000,35000,"52,04266355",2,3
COLOMBO,Portocel,Rlyeh;Konoha;Seireitei,20000,35000,"52,04266355",2,3
COLOMBO,Portocel,Rlyeh;Konoha;Ulthar,20000,35000,"52,04266355",2,3
COLOMBO,Portocel,Rlyeh;Marineford,20000,35000,"50,74266355",2,3
COLOMBO,Portocel,Rlyeh;Marineford;Promethea,20000,35000,"52,04266355",2,3
COLOMBO,Portocel,Rlyeh;Marineford;Askr,20000,35000,"52,04266355",2,3
COLOMBO,Portocel,Rlyeh;Marineford;Seireitei,20000,35000,"52,04266355",2,3
COLOMBO,Portocel,Rlyeh;Marineford;Dirtmouth,20000,35000,"52,04266355",2,3
COLOMBO,Portocel,Rlyeh;Marineford;Konoha,20000,35000,"52,04266355",2,3
COLOMBO,Portocel,Rlyeh;Marineford;Ulthar,20000,35000,"52,04266355",2,3
COLOMBO,Portocel,Rlyeh;Ulthar,20000,35000,"50,74266355",2,3
COLOMBO,Portocel,Rlyeh;Ulthar;Promethea,20000,35000,"52,04266355",2,3
COLOMBO,Portocel,Rlyeh;Yjigar,20000,35000,"46,54266355",2,3
COLOMBO,Portocel,Rlyeh;Yjigar;Promethea,20000,35000,"52,04266355",2,3
COLOMBO,Portocel,Rlyeh;Yjigar;Askr,20000,35000,"47,84266355",2,3
COLOMBO,Portocel,Rlyeh;Yjigar;Seireitei,20000,35000,"52,04266355",2,3
COLOMBO,Portocel,Rlyeh;Yjigar;Dirtmouth,20000,35000,"47,84266355",2,3
COLOMBO,Portocel,Rlyeh;Yjigar;Konoha,20000,35000,"47,84266355",2,3
COLOMBO,Portocel,Rlyeh;Yjigar;Marineford,20000,35000,"52,04266355",2,3
COLOMBO,Portocel,Rlyeh;Yjigar;Ulthar,20000,35000,"52,04266355",2,3
COLOMBO,Portocel,Rlyeh;Zuldazar,20000,35000,"45,54266355",2,3
COLOMBO,Portocel,Rlyeh;Zuldazar;Promethea,20000,35000,"52,04266355",2,3
COLOMBO,Portocel,Rlyeh;Zuldazar;Askr,20000,35000,"47,84266355",2,3
COLOMBO,Portocel,Rlyeh;Zuldazar;Seireitei,20000,35000,"52,04266355",2,3
COLOMBO,Portocel,Rlyeh;Zuldazar;Dirtmouth,20000,35000,"47,84266355",2,3
COLOMBO,Portocel,Rlyeh;Zuldazar;Konoha,20000,35000,"46,84266355",2,3
COLOMBO,Portocel,Rlyeh;Zuldazar;Marineford,20000,35000,"52,04266355",2,3
COLOMBO,Portocel,Rlyeh;Zuldazar;Ulthar,20000,35000,"52,04266355",2,3
COLOMBO,Portocel,Rlyeh;Zuldazar;Yjigar,20000,35000,"47,84266355",2,3
COLOMBO,Portocel,Askr;Promethea,20000,35000,"50,74266355",2,3
COLOMBO,Portocel,Askr;Seireitei,20000,35000,"50,74266355",2,3
COLOMBO,Portocel,Askr;Seireitei;Promethea,20000,35000,"52,04266355",2,3
COLOMBO,Portocel,Askr;Seireitei;Ulthar,20000,35000,"52,04266355",2,3
COLOMBO,Portocel,Askr;Dirtmouth,20000,35000,"46,54266355",2,3
COLOMBO,Portocel,Askr;Dirtmouth;Promethea,20000,35000,"52,04266355",2,3
COLOMBO,Portocel,Askr;Dirtmouth;Seireitei,20000,35000,"52,04266355",2,3
COLOMBO,Portocel,Askr;Dirtmouth;Konoha,20000,35000,"47,84266355",2,3
COLOMBO,Portocel,Askr;Dirtmouth;Ulthar,20000,35000,"52,04266355",2,3
COLOMBO,Portocel,Askr;Konoha,20000,35000,"46,54266355",2,3
COLOMBO,Portocel,Askr;Konoha;Promethea,20000,35000,"52,04266355",2,3
COLOMBO,Portocel,Askr;Konoha;Seireitei,20000,35000,"52,04266355",2,3
COLOMBO,Portocel,Askr;Konoha;Ulthar,20000,35000,"52,04266355",2,3
COLOMBO,Portocel,Askr;Ulthar,20000,35000,"50,74266355",2,3
COLOMBO,Portocel,Askr;Ulthar;Promethea,20000,35000,"52,04266355",2,3
COLOMBO,Portocel,Lyngard;Rlyeh,20000,35000,"46,04266355",2,3
COLOMBO,Portocel,Lyngard;Rlyeh;Promethea,20000,35000,"52,04266355",2,3
COLOMBO,Portocel,Lyngard;Rlyeh;Askr,20000,35000,"47,84266355",2,3
COLOMBO,Portocel,Lyngard;Rlyeh;Seireitei,20000,35000,"52,04266355",2,3
COLOMBO,Portocel,Lyngard;Rlyeh;Nassauia,20000,35000,"47,34266355",2,3
COLOMBO,Portocel,Lyngard;Rlyeh;Ngorim,20000,35000,"48,74266355",2,3
COLOMBO,Portocel,Lyngard;Rlyeh;Dirtmouth,20000,35000,"47,84266355",2,3
COLOMBO,Portocel,Lyngard;Rlyeh;Konoha,20000,35000,"47,34266355",2,3
COLOMBO,Portocel,Lyngard;Rlyeh;Marineford,20000,35000,"52,04266355",2,3
COLOMBO,Portocel,Lyngard;Rlyeh;Ulthar,20000,35000,"52,04266355",2,3
COLOMBO,Portocel,Lyngard;Rlyeh;Yjigar,20000,35000,"47,84266355",2,3
COLOMBO,Portocel,Lyngard;Rlyeh;Zuldazar,20000,35000,"47,34266355",2,3
COLOMBO,Portocel,Lyngard;Promethea,20000,35000,"50,74266355",2,3
COLOMBO,Portocel,Lyngard;Askr,20000,35000,"46,54266355",2,3
COLOMBO,Portocel,Lyngard;Askr;Promethea,20000,35000,"52,04266355",2,3
COLOMBO,Portocel,Lyngard;Askr;Seireitei,20000,35000,"52,04266355",2,3
COLOMBO,Portocel,Lyngard;Askr;Dirtmouth,20000,35000,"47,84266355",2,3
COLOMBO,Portocel,Lyngard;Askr;Konoha,20000,35000,"47,84266355",2,3
COLOMBO,Portocel,Lyngard;Askr;Ulthar,20000,35000,"52,04266355",2,3
COLOMBO,Portocel,Lyngard;Seireitei,20000,35000,"50,74266355",2,3
COLOMBO,Portocel,Lyngard;Seireitei;Promethea,20000,35000,"52,04266355",2,3
COLOMBO,Portocel,Lyngard;Seireitei;Ulthar,20000,35000,"52,04266355",2,3
COLOMBO,Portocel,Lyngard;Nassauia,20000,35000,"46,04266355",2,3
COLOMBO,Portocel,Lyngard;Nassauia;Promethea,20000,35000,"52,04266355",2,3
COLOMBO,Portocel,Lyngard;Nassauia;Askr,20000,35000,"47,84266355",2,3
COLOMBO,Portocel,Lyngard;Nassauia;Seireitei,20000,35000,"52,04266355",2,3
COLOMBO,Portocel,Lyngard;Nassauia;Ngorim,20000,35000,"48,74266355",2,3
COLOMBO,Portocel,Lyngard;Nassauia;Dirtmouth,20000,35000,"47,84266355",2,3
COLOMBO,Portocel,Lyngard;Nassauia;Konoha,20000,35000,"47,34266355",2,3
COLOMBO,Portocel,Lyngard;Nassauia;Marineford,20000,35000,"52,04266355",2,3
COLOMBO,Portocel,Lyngard;Nassauia;Ulthar,20000,35000,"52,04266355",2,3
COLOMBO,Portocel,Lyngard;Nassauia;Yjigar,20000,35000,"47,84266355",2,3
COLOMBO,Portocel,Lyngard;Nassauia;Zuldazar,20000,35000,"47,34266355",2,3
COLOMBO,Portocel,Lyngard;Ngorim,20000,35000,"47,44266355",2,3
COLOMBO,Portocel,Lyngard;Ngorim;Promethea,20000,35000,"52,04266355",2,3
COLOMBO,Portocel,Lyngard;Ngorim;Askr,20000,35000,"48,74266355",2,3
COLOMBO,Portocel,Lyngard;Ngorim;Seireitei,20000,35000,"52,04266355",2,3
COLOMBO,Portocel,Lyngard;Ngorim;Dirtmouth,20000,35000,"48,74266355",2,3
COLOMBO,Portocel,Lyngard;Ngorim;Konoha,20000,35000,"48,74266355",2,3
COLOMBO,Portocel,Lyngard;Ngorim;Marineford,20000,35000,"52,04266355",2,3
COLOMBO,Portocel,Lyngard;Ngorim;Ulthar,20000,35000,"52,04266355",2,3
COLOMBO,Portocel,Lyngard;Ngorim;Yjigar,20000,35000,"48,74266355",2,3
COLOMBO,Portocel,Lyngard;Ngorim;Zuldazar,20000,35000,"48,74266355",2,3
COLOMBO,Portocel,Lyngard;Dirtmouth,20000,35000,"46,54266355",2,3
COLOMBO,Portocel,Lyngard;Dirtmouth;Promethea,20000,35000,"52,04266355",2,3
COLOMBO,Portocel,Lyngard;Dirtmouth;Seireitei,20000,35000,"52,04266355",2,3
COLOMBO,Portocel,Lyngard;Dirtmouth;Konoha,20000,35000,"47,84266355",2,3
COLOMBO,Portocel,Lyngard;Dirtmouth;Ulthar,20000,35000,"52,04266355",2,3
COLOMBO,Portocel,Lyngard;Konoha,20000,35000,"46,04266355",2,3
COLOMBO,Portocel,Lyngard;Konoha;Promethea,20000,35000,"52,04266355",2,3
COLOMBO,Portocel,Lyngard;Konoha;Seireitei,20000,35000,"52,04266355",2,3
COLOMBO,Portocel,Lyngard;Konoha;Ulthar,20000,35000,"52,04266355",2,3
COLOMBO,Portocel,Lyngard;Marineford,20000,35000,"50,74266355",2,3
COLOMBO,Portocel,Lyngard;Marineford;Promethea,20000,35000,"52,04266355",2,3
COLOMBO,Portocel,Lyngard;Marineford;Askr,20000,35000,"52,04266355",2,3
COLOMBO,Portocel,Lyngard;Marineford;Seireitei,20000,35000,"52,04266355",2,3
COLOMBO,Portocel,Lyngard;Marineford;Dirtmouth,20000,35000,"52,04266355",2,3
COLOMBO,Portocel,Lyngard;Marineford;Konoha,20000,35000,"52,04266355",2,3
COLOMBO,Portocel,Lyngard;Marineford;Ulthar,20000,35000,"52,04266355",2,3
COLOMBO,Portocel,Lyngard;Ulthar,20000,35000,"50,74266355",2,3
COLOMBO,Portocel,Lyngard;Ulthar;Promethea,20000,35000,"52,04266355",2,3
COLOMBO,Portocel,Lyngard;Yjigar,20000,35000,"46,54266355",2,3
COLOMBO,Portocel,Lyngard;Yjigar;Promethea,20000,35000,"52,04266355",2,3
COLOMBO,Portocel,Lyngard;Yjigar;Askr,20000,35000,"47,84266355",2,3
COLOMBO,Portocel,Lyngard;Yjigar;Seireitei,20000,35000,"52,04266355",2,3
COLOMBO,Portocel,Lyngard;Yjigar;Dirtmouth,20000,35000,"47,84266355",2,3
COLOMBO,Portocel,Lyngard;Yjigar;Konoha,20000,35000,"47,84266355",2,3
COLOMBO,Portocel,Lyngard;Yjigar;Marineford,20000,35000,"52,04266355",2,3
COLOMBO,Portocel,Lyngard;Yjigar;Ulthar,20000,35000,"52,04266355",2,3
COLOMBO,Portocel,Lyngard;Zuldazar,20000,35000,"46,04266355",2,3
COLOMBO,Portocel,Lyngard;Zuldazar;Promethea,20000,35000,"52,04266355",2,3
COLOMBO,Portocel,Lyngard;Zuldazar;Askr,20000,35000,"47,84266355",2,3
COLOMBO,Portocel,Lyngard;Zuldazar;Seireitei,20000,35000,"52,04266355",2,3
COLOMBO,Portocel,Lyngard;Zuldazar;Dirtmouth,20000,35000,"47,84266355",2,3
COLOMBO,Portocel,Lyngard;Zuldazar;Konoha,20000,35000,"47,34266355",2,3
COLOMBO,Portocel,Lyngard;Zuldazar;Marineford,20000,35000,"52,04266355",2,3
COLOMBO,Portocel,Lyngard;Zuldazar;Ulthar,20000,35000,"52,04266355",2,3
COLOMBO,Portocel,Lyngard;Zuldazar;Yjigar,20000,35000,"47,84266355",2,3
COLOMBO,Portocel,Seireitei;Promethea,20000,35000,"50,74266355",2,3
COLOMBO,Portocel,Seireitei;Ulthar,20000,35000,"50,74266355",2,3
COLOMBO,Portocel,Seireitei;Ulthar;Promethea,20000,35000,"52,04266355",2,3
COLOMBO,Portocel,Nassauia;Promethea,20000,35000,"50,74266355",2,3
COLOMBO,Portocel,Nassauia;Askr,20000,35000,"46,54266355",2,3
COLOMBO,Portocel,Nassauia;Askr;Promethea,20000,35000,"52,04266355",2,3
COLOMBO,Portocel,Nassauia;Askr;Seireitei,20000,35000,"52,04266355",2,3
COLOMBO,Portocel,Nassauia;Askr;Dirtmouth,20000,35000,"47,84266355",2,3
COLOMBO,Portocel,Nassauia;Askr;Konoha,20000,35000,"47,84266355",2,3
COLOMBO,Portocel,Nassauia;Askr;Ulthar,20000,35000,"52,04266355",2,3
COLOMBO,Portocel,Nassauia;Seireitei,20000,35000,"50,74266355",2,3
COLOMBO,Portocel,Nassauia;Seireitei;Promethea,20000,35000,"52,04266355",2,3
COLOMBO,Portocel,Nassauia;Seireitei;Ulthar,20000,35000,"52,04266355",2,3
COLOMBO,Portocel,Nassauia;Ngorim,20000,35000,"47,44266355",2,3
COLOMBO,Portocel,Nassauia;Ngorim;Promethea,20000,35000,"52,04266355",2,3
COLOMBO,Portocel,Nassauia;Ngorim;Askr,20000,35000,"48,74266355",2,3
COLOMBO,Portocel,Nassauia;Ngorim;Seireitei,20000,35000,"52,04266355",2,3
COLOMBO,Portocel,Nassauia;Ngorim;Dirtmouth,20000,35000,"48,74266355",2,3
COLOMBO,Portocel,Nassauia;Ngorim;Konoha,20000,35000,"48,74266355",2,3
COLOMBO,Portocel,Nassauia;Ngorim;Marineford,20000,35000,"52,04266355",2,3
COLOMBO,Portocel,Nassauia;Ngorim;Ulthar,20000,35000,"52,04266355",2,3
COLOMBO,Portocel,Nassauia;Ngorim;Yjigar,20000,35000,"48,74266355",2,3
COLOMBO,Portocel,Nassauia;Ngorim;Zuldazar,20000,35000,"48,74266355",2,3
COLOMBO,Portocel,Nassauia;Dirtmouth,20000,35000,"46,54266355",2,3
COLOMBO,Portocel,Nassauia;Dirtmouth;Promethea,20000,35000,"52,04266355",2,3
COLOMBO,Portocel,Nassauia;Dirtmouth;Seireitei,20000,35000,"52,04266355",2,3
COLOMBO,Portocel,Nassauia;Dirtmouth;Konoha,20000,35000,"47,84266355",2,3
COLOMBO,Portocel,Nassauia;Dirtmouth;Ulthar,20000,35000,"52,04266355",2,3
COLOMBO,Portocel,Nassauia;Konoha,20000,35000,"45,54266355",2,3
COLOMBO,Portocel,Nassauia;Konoha;Promethea,20000,35000,"52,04266355",2,3
COLOMBO,Portocel,Nassauia;Konoha;Seireitei,20000,35000,"52,04266355",2,3
COLOMBO,Portocel,Nassauia;Konoha;Ulthar,20000,35000,"52,04266355",2,3
COLOMBO,Portocel,Nassauia;Marineford,20000,35000,"50,74266355",2,3
COLOMBO,Portocel,Nassauia;Marineford;Promethea,20000,35000,"52,04266355",2,3
COLOMBO,Portocel,Nassauia;Marineford;Askr,20000,35000,"52,04266355",2,3
COLOMBO,Portocel,Nassauia;Marineford;Seireitei,20000,35000,"52,04266355",2,3
COLOMBO,Portocel,Nassauia;Marineford;Dirtmouth,20000,35000,"52,04266355",2,3
COLOMBO,Portocel,Nassauia;Marineford;Konoha,20000,35000,"52,04266355",2,3
COLOMBO,Portocel,Nassauia;Marineford;Ulthar,20000,35000,"52,04266355",2,3
COLOMBO,Portocel,Nassauia;Ulthar,20000,35000,"50,74266355",2,3
COLOMBO,Portocel,Nassauia;Ulthar;Promethea,20000,35000,"52,04266355",2,3
COLOMBO,Portocel,Nassauia;Yjigar,20000,35000,"46,54266355",2,3
COLOMBO,Portocel,Nassauia;Yjigar;Promethea,20000,35000,"52,04266355",2,3
COLOMBO,Portocel,Nassauia;Yjigar;Askr,20000,35000,"47,84266355",2,3
COLOMBO,Portocel,Nassauia;Yjigar;Seireitei,20000,35000,"52,04266355",2,3
COLOMBO,Portocel,Nassauia;Yjigar;Dirtmouth,20000,35000,"47,84266355",2,3
COLOMBO,Portocel,Nassauia;Yjigar;Konoha,20000,35000,"47,84266355",2,3
COLOMBO,Portocel,Nassauia;Yjigar;Marineford,20000,35000,"52,04266355",2,3
COLOMBO,Portocel,Nassauia;Yjigar;Ulthar,20000,35000,"52,04266355",2,3
COLOMBO,Portocel,Nassauia;Zuldazar,20000,35000,"44,54266355",2,3
COLOMBO,Portocel,Nassauia;Zuldazar;Promethea,20000,35000,"52,04266355",2,3
COLOMBO,Portocel,Nassauia;Zuldazar;Askr,20000,35000,"47,84266355",2,3
COLOMBO,Portocel,Nassauia;Zuldazar;Seireitei,20000,35000,"52,04266355",2,3
COLOMBO,Portocel,Nassauia;Zuldazar;Dirtmouth,20000,35000,"47,84266355",2,3
COLOMBO,Portocel,Nassauia;Zuldazar;Konoha,20000,35000,"46,84266355",2,3
COLOMBO,Portocel,Nassauia;Zuldazar;Marineford,20000,35000,"52,04266355",2,3
COLOMBO,Portocel,Nassauia;Zuldazar;Ulthar,20000,35000,"52,04266355",2,3
COLOMBO,Portocel,Nassauia;Zuldazar;Yjigar,20000,35000,"47,84266355",2,3
COLOMBO,Portocel,Ngorim;Promethea,20000,35000,"50,74266355",2,3
COLOMBO,Portocel,Ngorim;Askr,20000,35000,"47,44266355",2,3
COLOMBO,Portocel,Ngorim;Askr;Promethea,20000,35000,"52,04266355",2,3
COLOMBO,Portocel,Ngorim;Askr;Seireitei,20000,35000,"52,04266355",2,3
COLOMBO,Portocel,Ngorim;Askr;Dirtmouth,20000,35000,"48,74266355",2,3
COLOMBO,Portocel,Ngorim;Askr;Konoha,20000,35000,"48,74266355",2,3
COLOMBO,Portocel,Ngorim;Askr;Ulthar,20000,35000,"52,04266355",2,3
COLOMBO,Portocel,Ngorim;Seireitei,20000,35000,"50,74266355",2,3
COLOMBO,Portocel,Ngorim;Seireitei;Promethea,20000,35000,"52,04266355",2,3
COLOMBO,Portocel,Ngorim;Seireitei;Ulthar,20000,35000,"52,04266355",2,3
COLOMBO,Portocel,Ngorim;Dirtmouth,20000,35000,"47,44266355",2,3
COLOMBO,Portocel,Ngorim;Dirtmouth;Promethea,20000,35000,"52,04266355",2,3
COLOMBO,Portocel,Ngorim;Dirtmouth;Seireitei,20000,35000,"52,04266355",2,3
COLOMBO,Portocel,Ngorim;Dirtmouth;Konoha,20000,35000,"48,74266355",2,3
COLOMBO,Portocel,Ngorim;Dirtmouth;Ulthar,20000,35000,"52,04266355",2,3
COLOMBO,Portocel,Ngorim;Konoha,20000,35000,"47,44266355",2,3
COLOMBO,Portocel,Ngorim;Konoha;Promethea,20000,35000,"52,04266355",2,3
COLOMBO,Portocel,Ngorim;Konoha;Seireitei,20000,35000,"52,04266355",2,3
COLOMBO,Portocel,Ngorim;Konoha;Ulthar,20000,35000,"52,04266355",2,3
COLOMBO,Portocel,Ngorim;Marineford,20000,35000,"50,74266355",2,3
COLOMBO,Portocel,Ngorim;Marineford;Promethea,20000,35000,"52,04266355",2,3
COLOMBO,Portocel,Ngorim;Marineford;Askr,20000,35000,"52,04266355",2,3
COLOMBO,Portocel,Ngorim;Marineford;Seireitei,20000,35000,"52,04266355",2,3
COLOMBO,Portocel,Ngorim;Marineford;Dirtmouth,20000,35000,"52,04266355",2,3
COLOMBO,Portocel,Ngorim;Marineford;Konoha,20000,35000,"52,04266355",2,3
COLOMBO,Portocel,Ngorim;Marineford;Ulthar,20000,35000,"52,04266355",2,3
COLOMBO,Portocel,Ngorim;Ulthar,20000,35000,"50,74266355",2,3
COLOMBO,Portocel,Ngorim;Ulthar;Promethea,20000,35000,"52,04266355",2,3
COLOMBO,Portocel,Ngorim;Yjigar,20000,35000,"47,44266355",2,3
COLOMBO,Portocel,Ngorim;Yjigar;Promethea,20000,35000,"52,04266355",2,3
COLOMBO,Portocel,Ngorim;Yjigar;Askr,20000,35000,"48,74266355",2,3
COLOMBO,Portocel,Ngorim;Yjigar;Seireitei,20000,35000,"52,04266355",2,3
COLOMBO,Portocel,Ngorim;Yjigar;Dirtmouth,20000,35000,"48,74266355",2,3
COLOMBO,Portocel,Ngorim;Yjigar;Konoha,20000,35000,"48,74266355",2,3
COLOMBO,Portocel,Ngorim;Yjigar;Marineford,20000,35000,"52,04266355",2,3
COLOMBO,Portocel,Ngorim;Yjigar;Ulthar,20000,35000,"52,04266355",2,3
COLOMBO,Portocel,Ngorim;Zuldazar,20000,35000,"47,44266355",2,3
COLOMBO,Portocel,Ngorim;Zuldazar;Promethea,20000,35000,"52,04266355",2,3
COLOMBO,Portocel,Ngorim;Zuldazar;Askr,20000,35000,"48,74266355",2,3
COLOMBO,Portocel,Ngorim;Zuldazar;Seireitei,20000,35000,"52,04266355",2,3
COLOMBO,Portocel,Ngorim;Zuldazar;Dirtmouth,20000,35000,"48,74266355",2,3
COLOMBO,Portocel,Ngorim;Zuldazar;Konoha,20000,35000,"48,74266355",2,3
COLOMBO,Portocel,Ngorim;Zuldazar;Marineford,20000,35000,"52,04266355",2,3
COLOMBO,Portocel,Ngorim;Zuldazar;Ulthar,20000,35000,"52,04266355",2,3
COLOMBO,Portocel,Ngorim;Zuldazar;Yjigar,20000,35000,"48,74266355",2,3
COLOMBO,Portocel,Tahlenwald;Rlyeh,20000,35000,"45,54266355",2,3
COLOMBO,Portocel,Tahlenwald;Rlyeh;Promethea,20000,35000,"52,04266355",2,3
COLOMBO,Portocel,Tahlenwald;Rlyeh;Askr,20000,35000,"47,84266355",2,3
COLOMBO,Portocel,Tahlenwald;Rlyeh;Seireitei,20000,35000,"52,04266355",2,3
COLOMBO,Portocel,Tahlenwald;Rlyeh;Nassauia,20000,35000,"46,84266355",2,3
COLOMBO,Portocel,Tahlenwald;Rlyeh;Ngorim,20000,35000,"48,74266355",2,3
COLOMBO,Portocel,Tahlenwald;Rlyeh;Dirtmouth,20000,35000,"47,84266355",2,3
COLOMBO,Portocel,Tahlenwald;Rlyeh;Konoha,20000,35000,"46,84266355",2,3
COLOMBO,Portocel,Tahlenwald;Rlyeh;Marineford,20000,35000,"52,04266355",2,3
COLOMBO,Portocel,Tahlenwald;Rlyeh;Ulthar,20000,35000,"52,04266355",2,3
COLOMBO,Portocel,Tahlenwald;Rlyeh;Yjigar,20000,35000,"47,84266355",2,3
COLOMBO,Portocel,Tahlenwald;Rlyeh;Zuldazar,20000,35000,"46,84266355",2,3
COLOMBO,Portocel,Tahlenwald;Promethea,20000,35000,"50,74266355",2,3
COLOMBO,Portocel,Tahlenwald;Askr,20000,35000,"46,54266355",2,3
COLOMBO,Portocel,Tahlenwald;Askr;Promethea,20000,35000,"52,04266355",2,3
COLOMBO,Portocel,Tahlenwald;Askr;Seireitei,20000,35000,"52,04266355",2,3
COLOMBO,Portocel,Tahlenwald;Askr;Dirtmouth,20000,35000,"47,84266355",2,3
COLOMBO,Portocel,Tahlenwald;Askr;Konoha,20000,35000,"47,84266355",2,3
COLOMBO,Portocel,Tahlenwald;Askr;Ulthar,20000,35000,"52,04266355",2,3
COLOMBO,Portocel,Tahlenwald;Lyngard,20000,35000,"46,04266355",2,3
COLOMBO,Portocel,Tahlenwald;Lyngard;Rlyeh,20000,35000,"47,34266355",2,3
COLOMBO,Portocel,Tahlenwald;Lyngard;Promethea,20000,35000,"52,04266355",2,3
COLOMBO,Portocel,Tahlenwald;Lyngard;Askr,20000,35000,"47,84266355",2,3
COLOMBO,Portocel,Tahlenwald;Lyngard;Seireitei,20000,35000,"52,04266355",2,3
COLOMBO,Portocel,Tahlenwald;Lyngard;Nassauia,20000,35000,"47,34266355",2,3
COLOMBO,Portocel,Tahlenwald;Lyngard;Ngorim,20000,35000,"48,74266355",2,3
COLOMBO,Portocel,Tahlenwald;Lyngard;Dirtmouth,20000,35000,"47,84266355",2,3
COLOMBO,Portocel,Tahlenwald;Lyngard;Konoha,20000,35000,"47,34266355",2,3
COLOMBO,Portocel,Tahlenwald;Lyngard;Marineford,20000,35000,"52,04266355",2,3
COLOMBO,Portocel,Tahlenwald;Lyngard;Ulthar,20000,35000,"52,04266355",2,3
COLOMBO,Portocel,Tahlenwald;Lyngard;Yjigar,20000,35000,"47,84266355",2,3
COLOMBO,Portocel,Tahlenwald;Lyngard;Zuldazar,20000,35000,"47,34266355",2,3
COLOMBO,Portocel,Tahlenwald;Seireitei,20000,35000,"50,74266355",2,3
COLOMBO,Portocel,Tahlenwald;Seireitei;Promethea,20000,35000,"52,04266355",2,3
COLOMBO,Portocel,Tahlenwald;Seireitei;Ulthar,20000,35000,"52,04266355",2,3
COLOMBO,Portocel,Tahlenwald;Nassauia,20000,35000,"45,54266355",2,3
COLOMBO,Portocel,Tahlenwald;Nassauia;Promethea,20000,35000,"52,04266355",2,3
COLOMBO,Portocel,Tahlenwald;Nassauia;Askr,20000,35000,"47,84266355",2,3
COLOMBO,Portocel,Tahlenwald;Nassauia;Seireitei,20000,35000,"52,04266355",2,3
COLOMBO,Portocel,Tahlenwald;Nassauia;Ngorim,20000,35000,"48,74266355",2,3
COLOMBO,Portocel,Tahlenwald;Nassauia;Dirtmouth,20000,35000,"47,84266355",2,3
COLOMBO,Portocel,Tahlenwald;Nassauia;Konoha,20000,35000,"46,84266355",2,3
COLOMBO,Portocel,Tahlenwald;Nassauia;Marineford,20000,35000,"52,04266355",2,3
COLOMBO,Portocel,Tahlenwald;Nassauia;Ulthar,20000,35000,"52,04266355",2,3
COLOMBO,Portocel,Tahlenwald;Nassauia;Yjigar,20000,35000,"47,84266355",2,3
COLOMBO,Portocel,Tahlenwald;Nassauia;Zuldazar,20000,35000,"46,84266355",2,3
COLOMBO,Portocel,Tahlenwald;Ngorim,20000,35000,"47,44266355",2,3
COLOMBO,Portocel,Tahlenwald;Ngorim;Promethea,20000,35000,"52,04266355",2,3
COLOMBO,Portocel,Tahlenwald;Ngorim;Askr,20000,35000,"48,74266355",2,3
COLOMBO,Portocel,Tahlenwald;Ngorim;Seireitei,20000,35000,"52,04266355",2,3
COLOMBO,Portocel,Tahlenwald;Ngorim;Dirtmouth,20000,35000,"48,74266355",2,3
COLOMBO,Portocel,Tahlenwald;Ngorim;Konoha,20000,35000,"48,74266355",2,3
COLOMBO,Portocel,Tahlenwald;Ngorim;Marineford,20000,35000,"52,04266355",2,3
COLOMBO,Portocel,Tahlenwald;Ngorim;Ulthar,20000,35000,"52,04266355",2,3
COLOMBO,Portocel,Tahlenwald;Ngorim;Yjigar,20000,35000,"48,74266355",2,3
COLOMBO,Portocel,Tahlenwald;Ngorim;Zuldazar,20000,35000,"48,74266355",2,3
COLOMBO,Portocel,Tahlenwald;Dirtmouth,20000,35000,"46,54266355",2,3
COLOMBO,Portocel,Tahlenwald;Dirtmouth;Promethea,20000,35000,"52,04266355",2,3
COLOMBO,Portocel,Tahlenwald;Dirtmouth;Seireitei,20000,35000,"52,04266355",2,3
COLOMBO,Portocel,Tahlenwald;Dirtmouth;Konoha,20000,35000,"47,84266355",2,3
COLOMBO,Portocel,Tahlenwald;Dirtmouth;Ulthar,20000,35000,"52,04266355",2,3
COLOMBO,Portocel,Tahlenwald;Konoha,20000,35000,"45,54266355",2,3
COLOMBO,Portocel,Tahlenwald;Konoha;Promethea,20000,35000,"52,04266355",2,3
COLOMBO,Portocel,Tahlenwald;Konoha;Seireitei,20000,35000,"52,04266355",2,3
COLOMBO,Portocel,Tahlenwald;Konoha;Ulthar,20000,35000,"52,04266355",2,3
COLOMBO,Portocel,Tahlenwald;Marineford,20000,35000,"50,74266355",2,3
COLOMBO,Portocel,Tahlenwald;Marineford;Promethea,20000,35000,"52,04266355",2,3
COLOMBO,Portocel,Tahlenwald;Marineford;Askr,20000,35000,"52,04266355",2,3
COLOMBO,Portocel,Tahlenwald;Marineford;Seireitei,20000,35000,"52,04266355",2,3
COLOMBO,Portocel,Tahlenwald;Marineford;Dirtmouth,20000,35000,"52,04266355",2,3
COLOMBO,Portocel,Tahlenwald;Marineford;Konoha,20000,35000,"52,04266355",2,3
COLOMBO,Portocel,Tahlenwald;Marineford;Ulthar,20000,35000,"52,04266355",2,3
COLOMBO,Portocel,Tahlenwald;Ulthar,20000,35000,"50,74266355",2,3
COLOMBO,Portocel,Tahlenwald;Ulthar;Promethea,20000,35000,"52,04266355",2,3
COLOMBO,Portocel,Tahlenwald;Yjigar,20000,35000,"46,54266355",2,3
COLOMBO,Portocel,Tahlenwald;Yjigar;Promethea,20000,35000,"52,04266355",2,3
COLOMBO,Portocel,Tahlenwald;Yjigar;Askr,20000,35000,"47,84266355",2,3
COLOMBO,Portocel,Tahlenwald;Yjigar;Seireitei,20000,35000,"52,04266355",2,3
COLOMBO,Portocel,Tahlenwald;Yjigar;Dirtmouth,20000,35000,"47,84266355",2,3
COLOMBO,Portocel,Tahlenwald;Yjigar;Konoha,20000,35000,"47,84266355",2,3
COLOMBO,Portocel,Tahlenwald;Yjigar;Marineford,20000,35000,"52,04266355",2,3
COLOMBO,Portocel,Tahlenwald;Yjigar;Ulthar,20000,35000,"52,04266355",2,3
COLOMBO,Portocel,Tahlenwald;Zuldazar,20000,35000,"45,54266355",2,3
COLOMBO,Portocel,Tahlenwald;Zuldazar;Promethea,20000,35000,"52,04266355",2,3
COLOMBO,Portocel,Tahlenwald;Zuldazar;Askr,20000,35000,"47,84266355",2,3
COLOMBO,Portocel,Tahlenwald;Zuldazar;Seireitei,20000,35000,"52,04266355",2,3
COLOMBO,Portocel,Tahlenwald;Zuldazar;Dirtmouth,20000,35000,"47,84266355",2,3
COLOMBO,Portocel,Tahlenwald;Zuldazar;Konoha,20000,35000,"46,84266355",2,3
COLOMBO,Portocel,Tahlenwald;Zuldazar;Marineford,20000,35000,"52,04266355",2,3
COLOMBO,Portocel,Tahlenwald;Zuldazar;Ulthar,20000,35000,"52,04266355",2,3
COLOMBO,Portocel,Tahlenwald;Zuldazar;Yjigar,20000,35000,"47,84266355",2,3
COLOMBO,Portocel,Dirtmouth;Promethea,20000,35000,"50,74266355",2,3
COLOMBO,Portocel,Dirtmouth;Seireitei,20000,35000,"50,74266355",2,3
COLOMBO,Portocel,Dirtmouth;Seireitei;Promethea,20000,35000,"52,04266355",2,3
COLOMBO,Portocel,Dirtmouth;Seireitei;Ulthar,20000,35000,"52,04266355",2,3
COLOMBO,Portocel,Dirtmouth;Konoha,20000,35000,"46,54266355",2,3
COLOMBO,Portocel,Dirtmouth;Konoha;Promethea,20000,35000,"52,04266355",2,3
COLOMBO,Portocel,Dirtmouth;Konoha;Seireitei,20000,35000,"52,04266355",2,3
COLOMBO,Portocel,Dirtmouth;Konoha;Ulthar,20000,35000,"52,04266355",2,3
COLOMBO,Portocel,Dirtmouth;Ulthar,20000,35000,"50,74266355",2,3
COLOMBO,Portocel,Dirtmouth;Ulthar;Promethea,20000,35000,"52,04266355",2,3
COLOMBO,Portocel,Konoha;Promethea,20000,35000,"50,74266355",2,3
COLOMBO,Portocel,Konoha;Seireitei,20000,35000,"50,74266355",2,3
COLOMBO,Portocel,Konoha;Seireitei;Promethea,20000,35000,"52,04266355",2,3
COLOMBO,Portocel,Konoha;Seireitei;Ulthar,20000,35000,"52,04266355",2,3
COLOMBO,Portocel,Konoha;Ulthar,20000,35000,"50,74266355",2,3
COLOMBO,Portocel,Konoha;Ulthar;Promethea,20000,35000,"52,04266355",2,3
COLOMBO,Portocel,Marineford;Promethea,20000,35000,"50,74266355",2,3
COLOMBO,Portocel,Marineford;Askr,20000,35000,"50,74266355",2,3
COLOMBO,Portocel,Marineford;Askr;Promethea,20000,35000,"52,04266355",2,3
COLOMBO,Portocel,Marineford;Askr;Seireitei,20000,35000,"52,04266355",2,3
COLOMBO,Portocel,Marineford;Askr;Dirtmouth,20000,35000,"52,04266355",2,3
COLOMBO,Portocel,Marineford;Askr;Konoha,20000,35000,"52,04266355",2,3
COLOMBO,Portocel,Marineford;Askr;Ulthar,20000,35000,"52,04266355",2,3
COLOMBO,Portocel,Marineford;Seireitei,20000,35000,"50,74266355",2,3
COLOMBO,Portocel,Marineford;Seireitei;Promethea,20000,35000,"52,04266355",2,3
COLOMBO,Portocel,Marineford;Seireitei;Ulthar,20000,35000,"52,04266355",2,3
COLOMBO,Portocel,Marineford;Dirtmouth,20000,35000,"50,74266355",2,3
COLOMBO,Portocel,Marineford;Dirtmouth;Promethea,20000,35000,"52,04266355",2,3
COLOMBO,Portocel,Marineford;Dirtmouth;Seireitei,20000,35000,"52,04266355",2,3
COLOMBO,Portocel,Marineford;Dirtmouth;Konoha,20000,35000,"52,04266355",2,3
COLOMBO,Portocel,Marineford;Dirtmouth;Ulthar,20000,35000,"52,04266355",2,3
COLOMBO,Portocel,Marineford;Konoha,20000,35000,"50,74266355",2,3
COLOMBO,Portocel,Marineford;Konoha;Promethea,20000,35000,"52,04266355",2,3
COLOMBO,Portocel,Marineford;Konoha;Seireitei,20000,35000,"52,04266355",2,3
COLOMBO,Portocel,Marineford;Konoha;Ulthar,20000,35000,"52,04266355",2,3
COLOMBO,Portocel,Marineford;Ulthar,20000,35000,"50,74266355",2,3
COLOMBO,Portocel,Marineford;Ulthar;Promethea,20000,35000,"52,04266355",2,3
COLOMBO,Portocel,Ulthar;Promethea,20000,35000,"50,74266355",2,3
COLOMBO,Portocel,Yjigar;Promethea,20000,35000,"50,74266355",2,3
COLOMBO,Portocel,Yjigar;Askr,20000,35000,"46,54266355",2,3
COLOMBO,Portocel,Yjigar;Askr;Promethea,20000,35000,"52,04266355",2,3
COLOMBO,Portocel,Yjigar;Askr;Seireitei,20000,35000,"52,04266355",2,3
COLOMBO,Portocel,Yjigar;Askr;Dirtmouth,20000,35000,"47,84266355",2,3
COLOMBO,Portocel,Yjigar;Askr;Konoha,20000,35000,"47,84266355",2,3
COLOMBO,Portocel,Yjigar;Askr;Ulthar,20000,35000,"52,04266355",2,3
COLOMBO,Portocel,Yjigar;Seireitei,20000,35000,"50,74266355",2,3
COLOMBO,Portocel,Yjigar;Seireitei;Promethea,20000,35000,"52,04266355",2,3
COLOMBO,Portocel,Yjigar;Seireitei;Ulthar,20000,35000,"52,04266355",2,3
COLOMBO,Portocel,Yjigar;Dirtmouth,20000,35000,"46,54266355",2,3
COLOMBO,Portocel,Yjigar;Dirtmouth;Promethea,20000,35000,"52,04266355",2,3
COLOMBO,Portocel,Yjigar;Dirtmouth;Seireitei,20000,35000,"52,04266355",2,3
COLOMBO,Portocel,Yjigar;Dirtmouth;Konoha,20000,35000,"47,84266355",2,3
COLOMBO,Portocel,Yjigar;Dirtmouth;Ulthar,20000,35000,"52,04266355",2,3
COLOMBO,Portocel,Yjigar;Konoha,20000,35000,"46,54266355",2,3
COLOMBO,Portocel,Yjigar;Konoha;Promethea,20000,35000,"52,04266355",2,3
COLOMBO,Portocel,Yjigar;Konoha;Seireitei,20000,35000,"52,04266355",2,3
COLOMBO,Portocel,Yjigar;Konoha;Ulthar,20000,35000,"52,04266355",2,3
COLOMBO,Portocel,Yjigar;Marineford,20000,35000,"50,74266355",2,3
COLOMBO,Portocel,Yjigar;Marineford;Promethea,20000,35000,"52,04266355",2,3
COLOMBO,Portocel,Yjigar;Marineford;Askr,20000,35000,"52,04266355",2,3
COLOMBO,Portocel,Yjigar;Marineford;Seireitei,20000,35000,"52,04266355",2,3
COLOMBO,Portocel,Yjigar;Marineford;Dirtmouth,20000,35000,"52,04266355",2,3
COLOMBO,Portocel,Yjigar;Marineford;Konoha,20000,35000,"52,04266355",2,3
COLOMBO,Portocel,Yjigar;Marineford;Ulthar,20000,35000,"52,04266355",2,3
COLOMBO,Portocel,Yjigar;Ulthar,20000,35000,"50,74266355",2,3
COLOMBO,Portocel,Yjigar;Ulthar;Promethea,20000,35000,"52,04266355",2,3
COLOMBO,Portocel,Zuldazar;Promethea,20000,35000,"50,74266355",2,3
COLOMBO,Portocel,Zuldazar;Askr,20000,35000,"46,54266355",2,3
COLOMBO,Portocel,Zuldazar;Askr;Promethea,20000,35000,"52,04266355",2,3
COLOMBO,Portocel,Zuldazar;Askr;Seireitei,20000,35000,"52,04266355",2,3
COLOMBO,Portocel,Zuldazar;Askr;Dirtmouth,20000,35000,"47,84266355",2,3
COLOMBO,Portocel,Zuldazar;Askr;Konoha,20000,35000,"47,84266355",2,3
COLOMBO,Portocel,Zuldazar;Askr;Ulthar,20000,35000,"52,04266355",2,3
COLOMBO,Portocel,Zuldazar;Seireitei,20000,35000,"50,74266355",2,3
COLOMBO,Portocel,Zuldazar;Seireitei;Promethea,20000,35000,"52,04266355",2,3
COLOMBO,Portocel,Zuldazar;Seireitei;Ulthar,20000,35000,"52,04266355",2,3
COLOMBO,Portocel,Zuldazar;Dirtmouth,20000,35000,"46,54266355",2,3
COLOMBO,Portocel,Zuldazar;Dirtmouth;Promethea,20000,35000,"52,04266355",2,3
COLOMBO,Portocel,Zuldazar;Dirtmouth;Seireitei,20000,35000,"52,04266355",2,3
COLOMBO,Portocel,Zuldazar;Dirtmouth;Konoha,20000,35000,"47,84266355",2,3
COLOMBO,Portocel,Zuldazar;Dirtmouth;Ulthar,20000,35000,"52,04266355",2,3
COLOMBO,Portocel,Zuldazar;Konoha,20000,35000,"45,54266355",2,3
COLOMBO,Portocel,Zuldazar;Konoha;Promethea,20000,35000,"52,04266355",2,3
COLOMBO,Portocel,Zuldazar;Konoha;Seireitei,20000,35000,"52,04266355",2,3
COLOMBO,Portocel,Zuldazar;Konoha;Ulthar,20000,35000,"52,04266355",2,3
COLOMBO,Portocel,Zuldazar;Marineford,20000,35000,"50,74266355",2,3
COLOMBO,Portocel,Zuldazar;Marineford;Promethea,20000,35000,"52,04266355",2,3
COLOMBO,Portocel,Zuldazar;Marineford;Askr,20000,35000,"52,04266355",2,3
COLOMBO,Portocel,Zuldazar;Marineford;Seireitei,20000,35000,"52,04266355",2,3
COLOMBO,Portocel,Zuldazar;Marineford;Dirtmouth,20000,35000,"52,04266355",2,3
COLOMBO,Portocel,Zuldazar;Marineford;Konoha,20000,35000,"52,04266355",2,3
COLOMBO,Portocel,Zuldazar;Marineford;Ulthar,20000,35000,"52,04266355",2,3
COLOMBO,Portocel,Zuldazar;Ulthar,20000,35000,"50,74266355",2,3
COLOMBO,Portocel,Zuldazar;Ulthar;Promethea,20000,35000,"52,04266355",2,3
COLOMBO,Portocel,Zuldazar;Yjigar,20000,35000,"46,54266355",2,3
COLOMBO,Portocel,Zuldazar;Yjigar;Promethea,20000,35000,"52,04266355",2,3
COLOMBO,Portocel,Zuldazar;Yjigar;Askr,20000,35000,"47,84266355",2,3
COLOMBO,Portocel,Zuldazar;Yjigar;Seireitei,20000,35000,"52,04266355",2,3
COLOMBO,Portocel,Zuldazar;Yjigar;Dirtmouth,20000,35000,"47,84266355",2,3
COLOMBO,Portocel,Zuldazar;Yjigar;Konoha,20000,35000,"47,84266355",2,3
COLOMBO,Portocel,Zuldazar;Yjigar;Marineford,20000,35000,"52,04266355",2,3
COLOMBO,Portocel,Zuldazar;Yjigar;Ulthar,20000,35000,"52,04266355",2,3
COLOMBO,Santos,Rlyeh;Promethea,20000,35000,"50,74266355",2,3
COLOMBO,Santos,Rlyeh;Askr,20000,35000,"46,54266355",2,3
COLOMBO,Santos,Rlyeh;Askr;Promethea,20000,35000,"52,04266355",2,3
COLOMBO,Santos,Rlyeh;Askr;Seireitei,20000,35000,"52,04266355",2,3
COLOMBO,Santos,Rlyeh;Askr;Dirtmouth,20000,35000,"47,84266355",2,3
COLOMBO,Santos,Rlyeh;Askr;Konoha,20000,35000,"47,84266355",2,3
COLOMBO,Santos,Rlyeh;Askr;Ulthar,20000,35000,"52,04266355",2,3
COLOMBO,Santos,Rlyeh;Seireitei,20000,35000,"50,74266355",2,3
COLOMBO,Santos,Rlyeh;Seireitei;Promethea,20000,35000,"52,04266355",2,3
COLOMBO,Santos,Rlyeh;Seireitei;Ulthar,20000,35000,"52,04266355",2,3
COLOMBO,Santos,Rlyeh;Nassauia,20000,35000,"45,54266355",2,3
COLOMBO,Santos,Rlyeh;Nassauia;Promethea,20000,35000,"52,04266355",2,3
COLOMBO,Santos,Rlyeh;Nassauia;Askr,20000,35000,"47,84266355",2,3
COLOMBO,Santos,Rlyeh;Nassauia;Seireitei,20000,35000,"52,04266355",2,3
COLOMBO,Santos,Rlyeh;Nassauia;Ngorim,20000,35000,"48,74266355",2,3
COLOMBO,Santos,Rlyeh;Nassauia;Dirtmouth,20000,35000,"47,84266355",2,3
COLOMBO,Santos,Rlyeh;Nassauia;Konoha,20000,35000,"46,84266355",2,3
COLOMBO,Santos,Rlyeh;Nassauia;Marineford,20000,35000,"52,04266355",2,3
COLOMBO,Santos,Rlyeh;Nassauia;Ulthar,20000,35000,"52,04266355",2,3
COLOMBO,Santos,Rlyeh;Nassauia;Yjigar,20000,35000,"47,84266355",2,3
COLOMBO,Santos,Rlyeh;Nassauia;Zuldazar,20000,35000,"46,84266355",2,3
COLOMBO,Santos,Rlyeh;Ngorim,20000,35000,"47,44266355",2,3
COLOMBO,Santos,Rlyeh;Ngorim;Promethea,20000,35000,"52,04266355",2,3
COLOMBO,Santos,Rlyeh;Ngorim;Askr,20000,35000,"48,74266355",2,3
COLOMBO,Santos,Rlyeh;Ngorim;Seireitei,20000,35000,"52,04266355",2,3
COLOMBO,Santos,Rlyeh;Ngorim;Dirtmouth,20000,35000,"48,74266355",2,3
COLOMBO,Santos,Rlyeh;Ngorim;Konoha,20000,35000,"48,74266355",2,3
COLOMBO,Santos,Rlyeh;Ngorim;Marineford,20000,35000,"52,04266355",2,3
COLOMBO,Santos,Rlyeh;Ngorim;Ulthar,20000,35000,"52,04266355",2,3
COLOMBO,Santos,Rlyeh;Ngorim;Yjigar,20000,35000,"48,74266355",2,3
COLOMBO,Santos,Rlyeh;Ngorim;Zuldazar,20000,35000,"48,74266355",2,3
COLOMBO,Santos,Rlyeh;Dirtmouth,20000,35000,"46,54266355",2,3
COLOMBO,Santos,Rlyeh;Dirtmouth;Promethea,20000,35000,"52,04266355",2,3
COLOMBO,Santos,Rlyeh;Dirtmouth;Seireitei,20000,35000,"52,04266355",2,3
COLOMBO,Santos,Rlyeh;Dirtmouth;Konoha,20000,35000,"47,84266355",2,3
COLOMBO,Santos,Rlyeh;Dirtmouth;Ulthar,20000,35000,"52,04266355",2,3
COLOMBO,Santos,Rlyeh;Konoha,20000,35000,"45,54266355",2,3
COLOMBO,Santos,Rlyeh;Konoha;Promethea,20000,35000,"52,04266355",2,3
COLOMBO,Santos,Rlyeh;Konoha;Seireitei,20000,35000,"52,04266355",2,3
COLOMBO,Santos,Rlyeh;Konoha;Ulthar,20000,35000,"52,04266355",2,3
COLOMBO,Santos,Rlyeh;Marineford,20000,35000,"50,74266355",2,3
COLOMBO,Santos,Rlyeh;Marineford;Promethea,20000,35000,"52,04266355",2,3
COLOMBO,Santos,Rlyeh;Marineford;Askr,20000,35000,"52,04266355",2,3
COLOMBO,Santos,Rlyeh;Marineford;Seireitei,20000,35000,"52,04266355",2,3
COLOMBO,Santos,Rlyeh;Marineford;Dirtmouth,20000,35000,"52,04266355",2,3
COLOMBO,Santos,Rlyeh;Marineford;Konoha,20000,35000,"52,04266355",2,3
COLOMBO,Santos,Rlyeh;Marineford;Ulthar,20000,35000,"52,04266355",2,3
COLOMBO,Santos,Rlyeh;Ulthar,20000,35000,"50,74266355",2,3
COLOMBO,Santos,Rlyeh;Ulthar;Promethea,20000,35000,"52,04266355",2,3
COLOMBO,Santos,Rlyeh;Yjigar,20000,35000,"46,54266355",2,3
COLOMBO,Santos,Rlyeh;Yjigar;Promethea,20000,35000,"52,04266355",2,3
COLOMBO,Santos,Rlyeh;Yjigar;Askr,20000,35000,"47,84266355",2,3
COLOMBO,Santos,Rlyeh;Yjigar;Seireitei,20000,35000,"52,04266355",2,3
COLOMBO,Santos,Rlyeh;Yjigar;Dirtmouth,20000,35000,"47,84266355",2,3
COLOMBO,Santos,Rlyeh;Yjigar;Konoha,20000,35000,"47,84266355",2,3
COLOMBO,Santos,Rlyeh;Yjigar;Marineford,20000,35000,"52,04266355",2,3
COLOMBO,Santos,Rlyeh;Yjigar;Ulthar,20000,35000,"52,04266355",2,3
COLOMBO,Santos,Rlyeh;Zuldazar,20000,35000,"45,54266355",2,3
COLOMBO,Santos,Rlyeh;Zuldazar;Promethea,20000,35000,"52,04266355",2,3
COLOMBO,Santos,Rlyeh;Zuldazar;Askr,20000,35000,"47,84266355",2,3
COLOMBO,Santos,Rlyeh;Zuldazar;Seireitei,20000,35000,"52,04266355",2,3
COLOMBO,Santos,Rlyeh;Zuldazar;Dirtmouth,20000,35000,"47,84266355",2,3
COLOMBO,Santos,Rlyeh;Zuldazar;Konoha,20000,35000,"46,84266355",2,3
COLOMBO,Santos,Rlyeh;Zuldazar;Marineford,20000,35000,"52,04266355",2,3
COLOMBO,Santos,Rlyeh;Zuldazar;Ulthar,20000,35000,"52,04266355",2,3
COLOMBO,Santos,Rlyeh;Zuldazar;Yjigar,20000,35000,"47,84266355",2,3
COLOMBO,Santos,Askr;Promethea,20000,35000,"50,74266355",2,3
COLOMBO,Santos,Askr;Seireitei,20000,35000,"50,74266355",2,3
COLOMBO,Santos,Askr;Seireitei;Promethea,20000,35000,"52,04266355",2,3
COLOMBO,Santos,Askr;Seireitei;Ulthar,20000,35000,"52,04266355",2,3
COLOMBO,Santos,Askr;Dirtmouth,20000,35000,"46,54266355",2,3
COLOMBO,Santos,Askr;Dirtmouth;Promethea,20000,35000,"52,04266355",2,3
COLOMBO,Santos,Askr;Dirtmouth;Seireitei,20000,35000,"52,04266355",2,3
COLOMBO,Santos,Askr;Dirtmouth;Konoha,20000,35000,"47,84266355",2,3
COLOMBO,Santos,Askr;Dirtmouth;Ulthar,20000,35000,"52,04266355",2,3
COLOMBO,Santos,Askr;Konoha,20000,35000,"46,54266355",2,3
COLOMBO,Santos,Askr;Konoha;Promethea,20000,35000,"52,04266355",2,3
COLOMBO,Santos,Askr;Konoha;Seireitei,20000,35000,"52,04266355",2,3
COLOMBO,Santos,Askr;Konoha;Ulthar,20000,35000,"52,04266355",2,3
COLOMBO,Santos,Askr;Ulthar,20000,35000,"50,74266355",2,3
COLOMBO,Santos,Askr;Ulthar;Promethea,20000,35000,"52,04266355",2,3
COLOMBO,Santos,Lyngard;Rlyeh,20000,35000,"46,04266355",2,3
COLOMBO,Santos,Lyngard;Rlyeh;Promethea,20000,35000,"52,04266355",2,3
COLOMBO,Santos,Lyngard;Rlyeh;Askr,20000,35000,"47,84266355",2,3
COLOMBO,Santos,Lyngard;Rlyeh;Seireitei,20000,35000,"52,04266355",2,3
COLOMBO,Santos,Lyngard;Rlyeh;Nassauia,20000,35000,"47,34266355",2,3
COLOMBO,Santos,Lyngard;Rlyeh;Ngorim,20000,35000,"48,74266355",2,3
COLOMBO,Santos,Lyngard;Rlyeh;Dirtmouth,20000,35000,"47,84266355",2,3
COLOMBO,Santos,Lyngard;Rlyeh;Konoha,20000,35000,"47,34266355",2,3
COLOMBO,Santos,Lyngard;Rlyeh;Marineford,20000,35000,"52,04266355",2,3
COLOMBO,Santos,Lyngard;Rlyeh;Ulthar,20000,35000,"52,04266355",2,3
COLOMBO,Santos,Lyngard;Rlyeh;Yjigar,20000,35000,"47,84266355",2,3
COLOMBO,Santos,Lyngard;Rlyeh;Zuldazar,20000,35000,"47,34266355",2,3
COLOMBO,Santos,Lyngard;Promethea,20000,35000,"50,74266355",2,3
COLOMBO,Santos,Lyngard;Askr,20000,35000,"46,54266355",2,3
COLOMBO,Santos,Lyngard;Askr;Promethea,20000,35000,"52,04266355",2,3
COLOMBO,Santos,Lyngard;Askr;Seireitei,20000,35000,"52,04266355",2,3
COLOMBO,Santos,Lyngard;Askr;Dirtmouth,20000,35000,"47,84266355",2,3
COLOMBO,Santos,Lyngard;Askr;Konoha,20000,35000,"47,84266355",2,3
COLOMBO,Santos,Lyngard;Askr;Ulthar,20000,35000,"52,04266355",2,3
COLOMBO,Santos,Lyngard;Seireitei,20000,35000,"50,74266355",2,3
COLOMBO,Santos,Lyngard;Seireitei;Promethea,20000,35000,"52,04266355",2,3
COLOMBO,Santos,Lyngard;Seireitei;Ulthar,20000,35000,"52,04266355",2,3
COLOMBO,Santos,Lyngard;Nassauia,20000,35000,"46,04266355",2,3
COLOMBO,Santos,Lyngard;Nassauia;Promethea,20000,35000,"52,04266355",2,3
COLOMBO,Santos,Lyngard;Nassauia;Askr,20000,35000,"47,84266355",2,3
COLOMBO,Santos,Lyngard;Nassauia;Seireitei,20000,35000,"52,04266355",2,3
COLOMBO,Santos,Lyngard;Nassauia;Ngorim,20000,35000,"48,74266355",2,3
COLOMBO,Santos,Lyngard;Nassauia;Dirtmouth,20000,35000,"47,84266355",2,3
COLOMBO,Santos,Lyngard;Nassauia;Konoha,20000,35000,"47,34266355",2,3
COLOMBO,Santos,Lyngard;Nassauia;Marineford,20000,35000,"52,04266355",2,3
COLOMBO,Santos,Lyngard;Nassauia;Ulthar,20000,35000,"52,04266355",2,3
COLOMBO,Santos,Lyngard;Nassauia;Yjigar,20000,35000,"47,84266355",2,3
COLOMBO,Santos,Lyngard;Nassauia;Zuldazar,20000,35000,"47,34266355",2,3
COLOMBO,Santos,Lyngard;Ngorim,20000,35000,"47,44266355",2,3
COLOMBO,Santos,Lyngard;Ngorim;Promethea,20000,35000,"52,04266355",2,3
COLOMBO,Santos,Lyngard;Ngorim;Askr,20000,35000,"48,74266355",2,3
COLOMBO,Santos,Lyngard;Ngorim;Seireitei,20000,35000,"52,04266355",2,3
COLOMBO,Santos,Lyngard;Ngorim;Dirtmouth,20000,35000,"48,74266355",2,3
COLOMBO,Santos,Lyngard;Ngorim;Konoha,20000,35000,"48,74266355",2,3
COLOMBO,Santos,Lyngard;Ngorim;Marineford,20000,35000,"52,04266355",2,3
COLOMBO,Santos,Lyngard;Ngorim;Ulthar,20000,35000,"52,04266355",2,3
COLOMBO,Santos,Lyngard;Ngorim;Yjigar,20000,35000,"48,74266355",2,3
COLOMBO,Santos,Lyngard;Ngorim;Zuldazar,20000,35000,"48,74266355",2,3
COLOMBO,Santos,Lyngard;Dirtmouth,20000,35000,"46,54266355",2,3
COLOMBO,Santos,Lyngard;Dirtmouth;Promethea,20000,35000,"52,04266355",2,3
COLOMBO,Santos,Lyngard;Dirtmouth;Seireitei,20000,35000,"52,04266355",2,3
COLOMBO,Santos,Lyngard;Dirtmouth;Konoha,20000,35000,"47,84266355",2,3
COLOMBO,Santos,Lyngard;Dirtmouth;Ulthar,20000,35000,"52,04266355",2,3
COLOMBO,Santos,Lyngard;Konoha,20000,35000,"46,04266355",2,3
COLOMBO,Santos,Lyngard;Konoha;Promethea,20000,35000,"52,04266355",2,3
COLOMBO,Santos,Lyngard;Konoha;Seireitei,20000,35000,"52,04266355",2,3
COLOMBO,Santos,Lyngard;Konoha;Ulthar,20000,35000,"52,04266355",2,3
COLOMBO,Santos,Lyngard;Marineford,20000,35000,"50,74266355",2,3
COLOMBO,Santos,Lyngard;Marineford;Promethea,20000,35000,"52,04266355",2,3
COLOMBO,Santos,Lyngard;Marineford;Askr,20000,35000,"52,04266355",2,3
COLOMBO,Santos,Lyngard;Marineford;Seireitei,20000,35000,"52,04266355",2,3
COLOMBO,Santos,Lyngard;Marineford;Dirtmouth,20000,35000,"52,04266355",2,3
COLOMBO,Santos,Lyngard;Marineford;Konoha,20000,35000,"52,04266355",2,3
COLOMBO,Santos,Lyngard;Marineford;Ulthar,20000,35000,"52,04266355",2,3
COLOMBO,Santos,Lyngard;Ulthar,20000,35000,"50,74266355",2,3
COLOMBO,Santos,Lyngard;Ulthar;Promethea,20000,35000,"52,04266355",2,3
COLOMBO,Santos,Lyngard;Yjigar,20000,35000,"46,54266355",2,3
COLOMBO,Santos,Lyngard;Yjigar;Promethea,20000,35000,"52,04266355",2,3
COLOMBO,Santos,Lyngard;Yjigar;Askr,20000,35000,"47,84266355",2,3
COLOMBO,Santos,Lyngard;Yjigar;Seireitei,20000,35000,"52,04266355",2,3
COLOMBO,Santos,Lyngard;Yjigar;Dirtmouth,20000,35000,"47,84266355",2,3
COLOMBO,Santos,Lyngard;Yjigar;Konoha,20000,35000,"47,84266355",2,3
COLOMBO,Santos,Lyngard;Yjigar;Marineford,20000,35000,"52,04266355",2,3
COLOMBO,Santos,Lyngard;Yjigar;Ulthar,20000,35000,"52,04266355",2,3
COLOMBO,Santos,Lyngard;Zuldazar,20000,35000,"46,04266355",2,3
COLOMBO,Santos,Lyngard;Zuldazar;Promethea,20000,35000,"52,04266355",2,3
COLOMBO,Santos,Lyngard;Zuldazar;Askr,20000,35000,"47,84266355",2,3
COLOMBO,Santos,Lyngard;Zuldazar;Seireitei,20000,35000,"52,04266355",2,3
COLOMBO,Santos,Lyngard;Zuldazar;Dirtmouth,20000,35000,"47,84266355",2,3
COLOMBO,Santos,Lyngard;Zuldazar;Konoha,20000,35000,"47,34266355",2,3
COLOMBO,Santos,Lyngard;Zuldazar;Marineford,20000,35000,"52,04266355",2,3
COLOMBO,Santos,Lyngard;Zuldazar;Ulthar,20000,35000,"52,04266355",2,3
COLOMBO,Santos,Lyngard;Zuldazar;Yjigar,20000,35000,"47,84266355",2,3
COLOMBO,Santos,Seireitei;Promethea,20000,35000,"50,74266355",2,3
COLOMBO,Santos,Seireitei;Ulthar,20000,35000,"50,74266355",2,3
COLOMBO,Santos,Seireitei;Ulthar;Promethea,20000,35000,"52,04266355",2,3
COLOMBO,Santos,Nassauia;Promethea,20000,35000,"50,74266355",2,3
COLOMBO,Santos,Nassauia;Askr,20000,35000,"46,54266355",2,3
COLOMBO,Santos,Nassauia;Askr;Promethea,20000,35000,"52,04266355",2,3
COLOMBO,Santos,Nassauia;Askr;Seireitei,20000,35000,"52,04266355",2,3
COLOMBO,Santos,Nassauia;Askr;Dirtmouth,20000,35000,"47,84266355",2,3
COLOMBO,Santos,Nassauia;Askr;Konoha,20000,35000,"47,84266355",2,3
COLOMBO,Santos,Nassauia;Askr;Ulthar,20000,35000,"52,04266355",2,3
COLOMBO,Santos,Nassauia;Seireitei,20000,35000,"50,74266355",2,3
COLOMBO,Santos,Nassauia;Seireitei;Promethea,20000,35000,"52,04266355",2,3
COLOMBO,Santos,Nassauia;Seireitei;Ulthar,20000,35000,"52,04266355",2,3
COLOMBO,Santos,Nassauia;Ngorim,20000,35000,"47,44266355",2,3
COLOMBO,Santos,Nassauia;Ngorim;Promethea,20000,35000,"52,04266355",2,3
COLOMBO,Santos,Nassauia;Ngorim;Askr,20000,35000,"48,74266355",2,3
COLOMBO,Santos,Nassauia;Ngorim;Seireitei,20000,35000,"52,04266355",2,3
COLOMBO,Santos,Nassauia;Ngorim;Dirtmouth,20000,35000,"48,74266355",2,3
COLOMBO,Santos,Nassauia;Ngorim;Konoha,20000,35000,"48,74266355",2,3
COLOMBO,Santos,Nassauia;Ngorim;Marineford,20000,35000,"52,04266355",2,3
COLOMBO,Santos,Nassauia;Ngorim;Ulthar,20000,35000,"52,04266355",2,3
COLOMBO,Santos,Nassauia;Ngorim;Yjigar,20000,35000,"48,74266355",2,3
COLOMBO,Santos,Nassauia;Ngorim;Zuldazar,20000,35000,"48,74266355",2,3
COLOMBO,Santos,Nassauia;Dirtmouth,20000,35000,"46,54266355",2,3
COLOMBO,Santos,Nassauia;Dirtmouth;Promethea,20000,35000,"52,04266355",2,3
COLOMBO,Santos,Nassauia;Dirtmouth;Seireitei,20000,35000,"52,04266355",2,3
COLOMBO,Santos,Nassauia;Dirtmouth;Konoha,20000,35000,"47,84266355",2,3
COLOMBO,Santos,Nassauia;Dirtmouth;Ulthar,20000,35000,"52,04266355",2,3
COLOMBO,Santos,Nassauia;Konoha,20000,35000,"45,54266355",2,3
COLOMBO,Santos,Nassauia;Konoha;Promethea,20000,35000,"52,04266355",2,3
COLOMBO,Santos,Nassauia;Konoha;Seireitei,20000,35000,"52,04266355",2,3
COLOMBO,Santos,Nassauia;Konoha;Ulthar,20000,35000,"52,04266355",2,3
COLOMBO,Santos,Nassauia;Marineford,20000,35000,"50,74266355",2,3
COLOMBO,Santos,Nassauia;Marineford;Promethea,20000,35000,"52,04266355",2,3
COLOMBO,Santos,Nassauia;Marineford;Askr,20000,35000,"52,04266355",2,3
COLOMBO,Santos,Nassauia;Marineford;Seireitei,20000,35000,"52,04266355",2,3
COLOMBO,Santos,Nassauia;Marineford;Dirtmouth,20000,35000,"52,04266355",2,3
COLOMBO,Santos,Nassauia;Marineford;Konoha,20000,35000,"52,04266355",2,3
COLOMBO,Santos,Nassauia;Marineford;Ulthar,20000,35000,"52,04266355",2,3
COLOMBO,Santos,Nassauia;Ulthar,20000,35000,"50,74266355",2,3
COLOMBO,Santos,Nassauia;Ulthar;Promethea,20000,35000,"52,04266355",2,3
COLOMBO,Santos,Nassauia;Yjigar,20000,35000,"46,54266355",2,3
COLOMBO,Santos,Nassauia;Yjigar;Promethea,20000,35000,"52,04266355",2,3
COLOMBO,Santos,Nassauia;Yjigar;Askr,20000,35000,"47,84266355",2,3
COLOMBO,Santos,Nassauia;Yjigar;Seireitei,20000,35000,"52,04266355",2,3
COLOMBO,Santos,Nassauia;Yjigar;Dirtmouth,20000,35000,"47,84266355",2,3
COLOMBO,Santos,Nassauia;Yjigar;Konoha,20000,35000,"47,84266355",2,3
COLOMBO,Santos,Nassauia;Yjigar;Marineford,20000,35000,"52,04266355",2,3
COLOMBO,Santos,Nassauia;Yjigar;Ulthar,20000,35000,"52,04266355",2,3
COLOMBO,Santos,Nassauia;Zuldazar,20000,35000,"44,54266355",2,3
COLOMBO,Santos,Nassauia;Zuldazar;Promethea,20000,35000,"52,04266355",2,3
COLOMBO,Santos,Nassauia;Zuldazar;Askr,20000,35000,"47,84266355",2,3
COLOMBO,Santos,Nassauia;Zuldazar;Seireitei,20000,35000,"52,04266355",2,3
COLOMBO,Santos,Nassauia;Zuldazar;Dirtmouth,20000,35000,"47,84266355",2,3
COLOMBO,Santos,Nassauia;Zuldazar;Konoha,20000,35000,"46,84266355",2,3
COLOMBO,Santos,Nassauia;Zuldazar;Marineford,20000,35000,"52,04266355",2,3
COLOMBO,Santos,Nassauia;Zuldazar;Ulthar,20000,35000,"52,04266355",2,3
COLOMBO,Santos,Nassauia;Zuldazar;Yjigar,20000,35000,"47,84266355",2,3
COLOMBO,Santos,Ngorim;Promethea,20000,35000,"50,74266355",2,3
COLOMBO,Santos,Ngorim;Askr,20000,35000,"47,44266355",2,3
COLOMBO,Santos,Ngorim;Askr;Promethea,20000,35000,"52,04266355",2,3
COLOMBO,Santos,Ngorim;Askr;Seireitei,20000,35000,"52,04266355",2,3
COLOMBO,Santos,Ngorim;Askr;Dirtmouth,20000,35000,"48,74266355",2,3
COLOMBO,Santos,Ngorim;Askr;Konoha,20000,35000,"48,74266355",2,3
COLOMBO,Santos,Ngorim;Askr;Ulthar,20000,35000,"52,04266355",2,3
COLOMBO,Santos,Ngorim;Seireitei,20000,35000,"50,74266355",2,3
COLOMBO,Santos,Ngorim;Seireitei;Promethea,20000,35000,"52,04266355",2,3
COLOMBO,Santos,Ngorim;Seireitei;Ulthar,20000,35000,"52,04266355",2,3
COLOMBO,Santos,Ngorim;Dirtmouth,20000,35000,"47,44266355",2,3
COLOMBO,Santos,Ngorim;Dirtmouth;Promethea,20000,35000,"52,04266355",2,3
COLOMBO,Santos,Ngorim;Dirtmouth;Seireitei,20000,35000,"52,04266355",2,3
COLOMBO,Santos,Ngorim;Dirtmouth;Konoha,20000,35000,"48,74266355",2,3
COLOMBO,Santos,Ngorim;Dirtmouth;Ulthar,20000,35000,"52,04266355",2,3
COLOMBO,Santos,Ngorim;Konoha,20000,35000,"47,44266355",2,3
COLOMBO,Santos,Ngorim;Konoha;Promethea,20000,35000,"52,04266355",2,3
COLOMBO,Santos,Ngorim;Konoha;Seireitei,20000,35000,"52,04266355",2,3
COLOMBO,Santos,Ngorim;Konoha;Ulthar,20000,35000,"52,04266355",2,3
COLOMBO,Santos,Ngorim;Marineford,20000,35000,"50,74266355",2,3
COLOMBO,Santos,Ngorim;Marineford;Promethea,20000,35000,"52,04266355",2,3
COLOMBO,Santos,Ngorim;Marineford;Askr,20000,35000,"52,04266355",2,3
COLOMBO,Santos,Ngorim;Marineford;Seireitei,20000,35000,"52,04266355",2,3
COLOMBO,Santos,Ngorim;Marineford;Dirtmouth,20000,35000,"52,04266355",2,3
COLOMBO,Santos,Ngorim;Marineford;Konoha,20000,35000,"52,04266355",2,3
COLOMBO,Santos,Ngorim;Marineford;Ulthar,20000,35000,"52,04266355",2,3
COLOMBO,Santos,Ngorim;Ulthar,20000,35000,"50,74266355",2,3
COLOMBO,Santos,Ngorim;Ulthar;Promethea,20000,35000,"52,04266355",2,3
COLOMBO,Santos,Ngorim;Yjigar,20000,35000,"47,44266355",2,3
COLOMBO,Santos,Ngorim;Yjigar;Promethea,20000,35000,"52,04266355",2,3
COLOMBO,Santos,Ngorim;Yjigar;Askr,20000,35000,"48,74266355",2,3
COLOMBO,Santos,Ngorim;Yjigar;Seireitei,20000,35000,"52,04266355",2,3
COLOMBO,Santos,Ngorim;Yjigar;Dirtmouth,20000,35000,"48,74266355",2,3
COLOMBO,Santos,Ngorim;Yjigar;Konoha,20000,35000,"48,74266355",2,3
COLOMBO,Santos,Ngorim;Yjigar;Marineford,20000,35000,"52,04266355",2,3
COLOMBO,Santos,Ngorim;Yjigar;Ulthar,20000,35000,"52,04266355",2,3
COLOMBO,Santos,Ngorim;Zuldazar,20000,35000,"47,44266355",2,3
COLOMBO,Santos,Ngorim;Zuldazar;Promethea,20000,35000,"52,04266355",2,3
COLOMBO,Santos,Ngorim;Zuldazar;Askr,20000,35000,"48,74266355",2,3
COLOMBO,Santos,Ngorim;Zuldazar;Seireitei,20000,35000,"52,04266355",2,3
COLOMBO,Santos,Ngorim;Zuldazar;Dirtmouth,20000,35000,"48,74266355",2,3
COLOMBO,Santos,Ngorim;Zuldazar;Konoha,20000,35000,"48,74266355",2,3
COLOMBO,Santos,Ngorim;Zuldazar;Marineford,20000,35000,"52,04266355",2,3
COLOMBO,Santos,Ngorim;Zuldazar;Ulthar,20000,35000,"52,04266355",2,3
COLOMBO,Santos,Ngorim;Zuldazar;Yjigar,20000,35000,"48,74266355",2,3
COLOMBO,Santos,Tahlenwald;Rlyeh,20000,35000,"45,54266355",2,3
COLOMBO,Santos,Tahlenwald;Rlyeh;Promethea,20000,35000,"52,04266355",2,3
COLOMBO,Santos,Tahlenwald;Rlyeh;Askr,20000,35000,"47,84266355",2,3
COLOMBO,Santos,Tahlenwald;Rlyeh;Seireitei,20000,35000,"52,04266355",2,3
COLOMBO,Santos,Tahlenwald;Rlyeh;Nassauia,20000,35000,"46,84266355",2,3
COLOMBO,Santos,Tahlenwald;Rlyeh;Ngorim,20000,35000,"48,74266355",2,3
COLOMBO,Santos,Tahlenwald;Rlyeh;Dirtmouth,20000,35000,"47,84266355",2,3
COLOMBO,Santos,Tahlenwald;Rlyeh;Konoha,20000,35000,"46,84266355",2,3
COLOMBO,Santos,Tahlenwald;Rlyeh;Marineford,20000,35000,"52,04266355",2,3
COLOMBO,Santos,Tahlenwald;Rlyeh;Ulthar,20000,35000,"52,04266355",2,3
COLOMBO,Santos,Tahlenwald;Rlyeh;Yjigar,20000,35000,"47,84266355",2,3
COLOMBO,Santos,Tahlenwald;Rlyeh;Zuldazar,20000,35000,"46,84266355",2,3
COLOMBO,Santos,Tahlenwald;Promethea,20000,35000,"50,74266355",2,3
COLOMBO,Santos,Tahlenwald;Askr,20000,35000,"46,54266355",2,3
COLOMBO,Santos,Tahlenwald;Askr;Promethea,20000,35000,"52,04266355",2,3
COLOMBO,Santos,Tahlenwald;Askr;Seireitei,20000,35000,"52,04266355",2,3
COLOMBO,Santos,Tahlenwald;Askr;Dirtmouth,20000,35000,"47,84266355",2,3
COLOMBO,Santos,Tahlenwald;Askr;Konoha,20000,35000,"47,84266355",2,3
COLOMBO,Santos,Tahlenwald;Askr;Ulthar,20000,35000,"52,04266355",2,3
COLOMBO,Santos,Tahlenwald;Lyngard,20000,35000,"46,04266355",2,3
COLOMBO,Santos,Tahlenwald;Lyngard;Rlyeh,20000,35000,"47,34266355",2,3
COLOMBO,Santos,Tahlenwald;Lyngard;Promethea,20000,35000,"52,04266355",2,3
COLOMBO,Santos,Tahlenwald;Lyngard;Askr,20000,35000,"47,84266355",2,3
COLOMBO,Santos,Tahlenwald;Lyngard;Seireitei,20000,35000,"52,04266355",2,3
COLOMBO,Santos,Tahlenwald;Lyngard;Nassauia,20000,35000,"47,34266355",2,3
COLOMBO,Santos,Tahlenwald;Lyngard;Ngorim,20000,35000,"48,74266355",2,3
COLOMBO,Santos,Tahlenwald;Lyngard;Dirtmouth,20000,35000,"47,84266355",2,3
COLOMBO,Santos,Tahlenwald;Lyngard;Konoha,20000,35000,"47,34266355",2,3
COLOMBO,Santos,Tahlenwald;Lyngard;Marineford,20000,35000,"52,04266355",2,3
COLOMBO,Santos,Tahlenwald;Lyngard;Ulthar,20000,35000,"52,04266355",2,3
COLOMBO,Santos,Tahlenwald;Lyngard;Yjigar,20000,35000,"47,84266355",2,3
COLOMBO,Santos,Tahlenwald;Lyngard;Zuldazar,20000,35000,"47,34266355",2,3
COLOMBO,Santos,Tahlenwald;Seireitei,20000,35000,"50,74266355",2,3
COLOMBO,Santos,Tahlenwald;Seireitei;Promethea,20000,35000,"52,04266355",2,3
COLOMBO,Santos,Tahlenwald;Seireitei;Ulthar,20000,35000,"52,04266355",2,3
COLOMBO,Santos,Tahlenwald;Nassauia,20000,35000,"45,54266355",2,3
COLOMBO,Santos,Tahlenwald;Nassauia;Promethea,20000,35000,"52,04266355",2,3
COLOMBO,Santos,Tahlenwald;Nassauia;Askr,20000,35000,"47,84266355",2,3
COLOMBO,Santos,Tahlenwald;Nassauia;Seireitei,20000,35000,"52,04266355",2,3
COLOMBO,Santos,Tahlenwald;Nassauia;Ngorim,20000,35000,"48,74266355",2,3
COLOMBO,Santos,Tahlenwald;Nassauia;Dirtmouth,20000,35000,"47,84266355",2,3
COLOMBO,Santos,Tahlenwald;Nassauia;Konoha,20000,35000,"46,84266355",2,3
COLOMBO,Santos,Tahlenwald;Nassauia;Marineford,20000,35000,"52,04266355",2,3
COLOMBO,Santos,Tahlenwald;Nassauia;Ulthar,20000,35000,"52,04266355",2,3
COLOMBO,Santos,Tahlenwald;Nassauia;Yjigar,20000,35000,"47,84266355",2,3
COLOMBO,Santos,Tahlenwald;Nassauia;Zuldazar,20000,35000,"46,84266355",2,3
COLOMBO,Santos,Tahlenwald;Ngorim,20000,35000,"47,44266355",2,3
COLOMBO,Santos,Tahlenwald;Ngorim;Promethea,20000,35000,"52,04266355",2,3
COLOMBO,Santos,Tahlenwald;Ngorim;Askr,20000,35000,"48,74266355",2,3
COLOMBO,Santos,Tahlenwald;Ngorim;Seireitei,20000,35000,"52,04266355",2,3
COLOMBO,Santos,Tahlenwald;Ngorim;Dirtmouth,20000,35000,"48,74266355",2,3
COLOMBO,Santos,Tahlenwald;Ngorim;Konoha,20000,35000,"48,74266355",2,3
COLOMBO,Santos,Tahlenwald;Ngorim;Marineford,20000,35000,"52,04266355",2,3
COLOMBO,Santos,Tahlenwald;Ngorim;Ulthar,20000,35000,"52,04266355",2,3
COLOMBO,Santos,Tahlenwald;Ngorim;Yjigar,20000,35000,"48,74266355",2,3
COLOMBO,Santos,Tahlenwald;Ngorim;Zuldazar,20000,35000,"48,74266355",2,3
COLOMBO,Santos,Tahlenwald;Dirtmouth,20000,35000,"46,54266355",2,3
COLOMBO,Santos,Tahlenwald;Dirtmouth;Promethea,20000,35000,"52,04266355",2,3
COLOMBO,Santos,Tahlenwald;Dirtmouth;Seireitei,20000,35000,"52,04266355",2,3
COLOMBO,Santos,Tahlenwald;Dirtmouth;Konoha,20000,35000,"47,84266355",2,3
COLOMBO,Santos,Tahlenwald;Dirtmouth;Ulthar,20000,35000,"52,04266355",2,3
COLOMBO,Santos,Tahlenwald;Konoha,20000,35000,"45,54266355",2,3
COLOMBO,Santos,Tahlenwald;Konoha;Promethea,20000,35000,"52,04266355",2,3
COLOMBO,Santos,Tahlenwald;Konoha;Seireitei,20000,35000,"52,04266355",2,3
COLOMBO,Santos,Tahlenwald;Konoha;Ulthar,20000,35000,"52,04266355",2,3
COLOMBO,Santos,Tahlenwald;Marineford,20000,35000,"50,74266355",2,3
COLOMBO,Santos,Tahlenwald;Marineford;Promethea,20000,35000,"52,04266355",2,3
COLOMBO,Santos,Tahlenwald;Marineford;Askr,20000,35000,"52,04266355",2,3
COLOMBO,Santos,Tahlenwald;Marineford;Seireitei,20000,35000,"52,04266355",2,3
COLOMBO,Santos,Tahlenwald;Marineford;Dirtmouth,20000,35000,"52,04266355",2,3
COLOMBO,Santos,Tahlenwald;Marineford;Konoha,20000,35000,"52,04266355",2,3
COLOMBO,Santos,Tahlenwald;Marineford;Ulthar,20000,35000,"52,04266355",2,3
COLOMBO,Santos,Tahlenwald;Ulthar,20000,35000,"50,74266355",2,3
COLOMBO,Santos,Tahlenwald;Ulthar;Promethea,20000,35000,"52,04266355",2,3
COLOMBO,Santos,Tahlenwald;Yjigar,20000,35000,"46,54266355",2,3
COLOMBO,Santos,Tahlenwald;Yjigar;Promethea,20000,35000,"52,04266355",2,3
COLOMBO,Santos,Tahlenwald;Yjigar;Askr,20000,35000,"47,84266355",2,3
COLOMBO,Santos,Tahlenwald;Yjigar;Seireitei,20000,35000,"52,04266355",2,3
COLOMBO,Santos,Tahlenwald;Yjigar;Dirtmouth,20000,35000,"47,84266355",2,3
COLOMBO,Santos,Tahlenwald;Yjigar;Konoha,20000,35000,"47,84266355",2,3
COLOMBO,Santos,Tahlenwald;Yjigar;Marineford,20000,35000,"52,04266355",2,3
COLOMBO,Santos,Tahlenwald;Yjigar;Ulthar,20000,35000,"52,04266355",2,3
COLOMBO,Santos,Tahlenwald;Zuldazar,20000,35000,"45,54266355",2,3
COLOMBO,Santos,Tahlenwald;Zuldazar;Promethea,20000,35000,"52,04266355",2,3
COLOMBO,Santos,Tahlenwald;Zuldazar;Askr,20000,35000,"47,84266355",2,3
COLOMBO,Santos,Tahlenwald;Zuldazar;Seireitei,20000,35000,"52,04266355",2,3
COLOMBO,Santos,Tahlenwald;Zuldazar;Dirtmouth,20000,35000,"47,84266355",2,3
COLOMBO,Santos,Tahlenwald;Zuldazar;Konoha,20000,35000,"46,84266355",2,3
COLOMBO,Santos,Tahlenwald;Zuldazar;Marineford,20000,35000,"52,04266355",2,3
COLOMBO,Santos,Tahlenwald;Zuldazar;Ulthar,20000,35000,"52,04266355",2,3
COLOMBO,Santos,Tahlenwald;Zuldazar;Yjigar,20000,35000,"47,84266355",2,3
COLOMBO,Santos,Dirtmouth;Promethea,20000,35000,"50,74266355",2,3
COLOMBO,Santos,Dirtmouth;Seireitei,20000,35000,"50,74266355",2,3
COLOMBO,Santos,Dirtmouth;Seireitei;Promethea,20000,35000,"52,04266355",2,3
COLOMBO,Santos,Dirtmouth;Seireitei;Ulthar,20000,35000,"52,04266355",2,3
COLOMBO,Santos,Dirtmouth;Konoha,20000,35000,"46,54266355",2,3
COLOMBO,Santos,Dirtmouth;Konoha;Promethea,20000,35000,"52,04266355",2,3
COLOMBO,Santos,Dirtmouth;Konoha;Seireitei,20000,35000,"52,04266355",2,3
COLOMBO,Santos,Dirtmouth;Konoha;Ulthar,20000,35000,"52,04266355",2,3
COLOMBO,Santos,Dirtmouth;Ulthar,20000,35000,"50,74266355",2,3
COLOMBO,Santos,Dirtmouth;Ulthar;Promethea,20000,35000,"52,04266355",2,3
COLOMBO,Santos,Konoha;Promethea,20000,35000,"50,74266355",2,3
COLOMBO,Santos,Konoha;Seireitei,20000,35000,"50,74266355",2,3
COLOMBO,Santos,Konoha;Seireitei;Promethea,20000,35000,"52,04266355",2,3
COLOMBO,Santos,Konoha;Seireitei;Ulthar,20000,35000,"52,04266355",2,3
COLOMBO,Santos,Konoha;Ulthar,20000,35000,"50,74266355",2,3
COLOMBO,Santos,Konoha;Ulthar;Promethea,20000,35000,"52,04266355",2,3
COLOMBO,Santos,Marineford;Promethea,20000,35000,"50,74266355",2,3
COLOMBO,Santos,Marineford;Askr,20000,35000,"50,74266355",2,3
COLOMBO,Santos,Marineford;Askr;Promethea,20000,35000,"52,04266355",2,3
COLOMBO,Santos,Marineford;Askr;Seireitei,20000,35000,"52,04266355",2,3
COLOMBO,Santos,Marineford;Askr;Dirtmouth,20000,35000,"52,04266355",2,3
COLOMBO,Santos,Marineford;Askr;Konoha,20000,35000,"52,04266355",2,3
COLOMBO,Santos,Marineford;Askr;Ulthar,20000,35000,"52,04266355",2,3
COLOMBO,Santos,Marineford;Seireitei,20000,35000,"50,74266355",2,3
COLOMBO,Santos,Marineford;Seireitei;Promethea,20000,35000,"52,04266355",2,3
COLOMBO,Santos,Marineford;Seireitei;Ulthar,20000,35000,"52,04266355",2,3
COLOMBO,Santos,Marineford;Dirtmouth,20000,35000,"50,74266355",2,3
COLOMBO,Santos,Marineford;Dirtmouth;Promethea,20000,35000,"52,04266355",2,3
COLOMBO,Santos,Marineford;Dirtmouth;Seireitei,20000,35000,"52,04266355",2,3
COLOMBO,Santos,Marineford;Dirtmouth;Konoha,20000,35000,"52,04266355",2,3
COLOMBO,Santos,Marineford;Dirtmouth;Ulthar,20000,35000,"52,04266355",2,3
COLOMBO,Santos,Marineford;Konoha,20000,35000,"50,74266355",2,3
COLOMBO,Santos,Marineford;Konoha;Promethea,20000,35000,"52,04266355",2,3
COLOMBO,Santos,Marineford;Konoha;Seireitei,20000,35000,"52,04266355",2,3
COLOMBO,Santos,Marineford;Konoha;Ulthar,20000,35000,"52,04266355",2,3
COLOMBO,Santos,Marineford;Ulthar,20000,35000,"50,74266355",2,3
COLOMBO,Santos,Marineford;Ulthar;Promethea,20000,35000,"52,04266355",2,3
COLOMBO,Santos,Ulthar;Promethea,20000,35000,"50,74266355",2,3
COLOMBO,Santos,Yjigar;Promethea,20000,35000,"50,74266355",2,3
COLOMBO,Santos,Yjigar;Askr,20000,35000,"46,54266355",2,3
COLOMBO,Santos,Yjigar;Askr;Promethea,20000,35000,"52,04266355",2,3
COLOMBO,Santos,Yjigar;Askr;Seireitei,20000,35000,"52,04266355",2,3
COLOMBO,Santos,Yjigar;Askr;Dirtmouth,20000,35000,"47,84266355",2,3
COLOMBO,Santos,Yjigar;Askr;Konoha,20000,35000,"47,84266355",2,3
COLOMBO,Santos,Yjigar;Askr;Ulthar,20000,35000,"52,04266355",2,3
COLOMBO,Santos,Yjigar;Seireitei,20000,35000,"50,74266355",2,3
COLOMBO,Santos,Yjigar;Seireitei;Promethea,20000,35000,"52,04266355",2,3
COLOMBO,Santos,Yjigar;Seireitei;Ulthar,20000,35000,"52,04266355",2,3
COLOMBO,Santos,Yjigar;Dirtmouth,20000,35000,"46,54266355",2,3
COLOMBO,Santos,Yjigar;Dirtmouth;Promethea,20000,35000,"52,04266355",2,3
COLOMBO,Santos,Yjigar;Dirtmouth;Seireitei,20000,35000,"52,04266355",2,3
COLOMBO,Santos,Yjigar;Dirtmouth;Konoha,20000,35000,"47,84266355",2,3
COLOMBO,Santos,Yjigar;Dirtmouth;Ulthar,20000,35000,"52,04266355",2,3
COLOMBO,Santos,Yjigar;Konoha,20000,35000,"46,54266355",2,3
COLOMBO,Santos,Yjigar;Konoha;Promethea,20000,35000,"52,04266355",2,3
COLOMBO,Santos,Yjigar;Konoha;Seireitei,20000,35000,"52,04266355",2,3
COLOMBO,Santos,Yjigar;Konoha;Ulthar,20000,35000,"52,04266355",2,3
COLOMBO,Santos,Yjigar;Marineford,20000,35000,"50,74266355",2,3
COLOMBO,Santos,Yjigar;Marineford;Promethea,20000,35000,"52,04266355",2,3
COLOMBO,Santos,Yjigar;Marineford;Askr,20000,35000,"52,04266355",2,3
COLOMBO,Santos,Yjigar;Marineford;Seireitei,20000,35000,"52,04266355",2,3
COLOMBO,Santos,Yjigar;Marineford;Dirtmouth,20000,35000,"52,04266355",2,3
COLOMBO,Santos,Yjigar;Marineford;Konoha,20000,35000,"52,04266355",2,3
COLOMBO,Santos,Yjigar;Marineford;Ulthar,20000,35000,"52,04266355",2,3
COLOMBO,Santos,Yjigar;Ulthar,20000,35000,"50,74266355",2,3
COLOMBO,Santos,Yjigar;Ulthar;Promethea,20000,35000,"52,04266355",2,3
COLOMBO,Santos,Zuldazar;Promethea,20000,35000,"50,74266355",2,3
COLOMBO,Santos,Zuldazar;Askr,20000,35000,"46,54266355",2,3
COLOMBO,Santos,Zuldazar;Askr;Promethea,20000,35000,"52,04266355",2,3
COLOMBO,Santos,Zuldazar;Askr;Seireitei,20000,35000,"52,04266355",2,3
COLOMBO,Santos,Zuldazar;Askr;Dirtmouth,20000,35000,"47,84266355",2,3
COLOMBO,Santos,Zuldazar;Askr;Konoha,20000,35000,"47,84266355",2,3
COLOMBO,Santos,Zuldazar;Askr;Ulthar,20000,35000,"52,04266355",2,3
COLOMBO,Santos,Zuldazar;Seireitei,20000,35000,"50,74266355",2,3
COLOMBO,Santos,Zuldazar;Seireitei;Promethea,20000,35000,"52,04266355",2,3
COLOMBO,Santos,Zuldazar;Seireitei;Ulthar,20000,35000,"52,04266355",2,3
COLOMBO,Santos,Zuldazar;Dirtmouth,20000,35000,"46,54266355",2,3
COLOMBO,Santos,Zuldazar;Dirtmouth;Promethea,20000,35000,"52,04266355",2,3
COLOMBO,Santos,Zuldazar;Dirtmouth;Seireitei,20000,35000,"52,04266355",2,3
COLOMBO,Santos,Zuldazar;Dirtmouth;Konoha,20000,35000,"47,84266355",2,3
COLOMBO,Santos,Zuldazar;Dirtmouth;Ulthar,20000,35000,"52,04266355",2,3
COLOMBO,Santos,Zuldazar;Konoha,20000,35000,"45,54266355",2,3
COLOMBO,Santos,Zuldazar;Konoha;Promethea,20000,35000,"52,04266355",2,3
COLOMBO,Santos,Zuldazar;Konoha;Seireitei,20000,35000,"52,04266355",2,3
COLOMBO,Santos,Zuldazar;Konoha;Ulthar,20000,35000,"52,04266355",2,3
COLOMBO,Santos,Zuldazar;Marineford,20000,35000,"50,74266355",2,3
COLOMBO,Santos,Zuldazar;Marineford;Promethea,20000,35000,"52,04266355",2,3
COLOMBO,Santos,Zuldazar;Marineford;Askr,20000,35000,"52,04266355",2,3
COLOMBO,Santos,Zuldazar;Marineford;Seireitei,20000,35000,"52,04266355",2,3
COLOMBO,Santos,Zuldazar;Marineford;Dirtmouth,20000,35000,"52,04266355",2,3
COLOMBO,Santos,Zuldazar;Marineford;Konoha,20000,35000,"52,04266355",2,3
COLOMBO,Santos,Zuldazar;Marineford;Ulthar,20000,35000,"52,04266355",2,3
COLOMBO,Santos,Zuldazar;Ulthar,20000,35000,"50,74266355",2,3
COLOMBO,Santos,Zuldazar;Ulthar;Promethea,20000,35000,"52,04266355",2,3
COLOMBO,Santos,Zuldazar;Yjigar,20000,35000,"46,54266355",2,3
COLOMBO,Santos,Zuldazar;Yjigar;Promethea,20000,35000,"52,04266355",2,3
COLOMBO,Santos,Zuldazar;Yjigar;Askr,20000,35000,"47,84266355",2,3
COLOMBO,Santos,Zuldazar;Yjigar;Seireitei,20000,35000,"52,04266355",2,3
COLOMBO,Santos,Zuldazar;Yjigar;Dirtmouth,20000,35000,"47,84266355",2,3
COLOMBO,Santos,Zuldazar;Yjigar;Konoha,20000,35000,"47,84266355",2,3
COLOMBO,Santos,Zuldazar;Yjigar;Marineford,20000,35000,"52,04266355",2,3
COLOMBO,Santos,Zuldazar;Yjigar;Ulthar,20000,35000,"52,04266355",2,3
COLOMBO,Santos;Portocel,Rlyeh;Promethea,20000,35000,"52,197209",2,3
COLOMBO,Santos;Portocel,Rlyeh;Askr,20000,35000,"47,997209",2,3
COLOMBO,Santos;Portocel,Rlyeh;Askr;Promethea,20000,35000,"53,497209",2,3
COLOMBO,Santos;Portocel,Rlyeh;Askr;Seireitei,20000,35000,"53,497209",2,3
COLOMBO,Santos;Portocel,Rlyeh;Askr;Dirtmouth,20000,35000,"49,297209",2,3
COLOMBO,Santos;Portocel,Rlyeh;Askr;Konoha,20000,35000,"49,297209",2,3
COLOMBO,Santos;Portocel,Rlyeh;Askr;Ulthar,20000,35000,"53,497209",2,3
COLOMBO,Santos;Portocel,Rlyeh;Seireitei,20000,35000,"52,197209",2,3
COLOMBO,Santos;Portocel,Rlyeh;Seireitei;Promethea,20000,35000,"53,497209",2,3
COLOMBO,Santos;Portocel,Rlyeh;Seireitei;Ulthar,20000,35000,"53,497209",2,3
COLOMBO,Santos;Portocel,Rlyeh;Nassauia,20000,35000,"46,997209",2,3
COLOMBO,Santos;Portocel,Rlyeh;Nassauia;Promethea,20000,35000,"53,497209",2,3
COLOMBO,Santos;Portocel,Rlyeh;Nassauia;Askr,20000,35000,"49,297209",2,3
COLOMBO,Santos;Portocel,Rlyeh;Nassauia;Seireitei,20000,35000,"53,497209",2,3
COLOMBO,Santos;Portocel,Rlyeh;Nassauia;Ngorim,20000,35000,"50,197209",2,3
COLOMBO,Santos;Portocel,Rlyeh;Nassauia;Dirtmouth,20000,35000,"49,297209",2,3
COLOMBO,Santos;Portocel,Rlyeh;Nassauia;Konoha,20000,35000,"48,297209",2,3
COLOMBO,Santos;Portocel,Rlyeh;Nassauia;Marineford,20000,35000,"53,497209",2,3
COLOMBO,Santos;Portocel,Rlyeh;Nassauia;Ulthar,20000,35000,"53,497209",2,3
COLOMBO,Santos;Portocel,Rlyeh;Nassauia;Yjigar,20000,35000,"49,297209",2,3
COLOMBO,Santos;Portocel,Rlyeh;Nassauia;Zuldazar,20000,35000,"48,297209",2,3
COLOMBO,Santos;Portocel,Rlyeh;Ngorim,20000,35000,"48,897209",2,3
COLOMBO,Santos;Portocel,Rlyeh;Ngorim;Promethea,20000,35000,"53,497209",2,3
COLOMBO,Santos;Portocel,Rlyeh;Ngorim;Askr,20000,35000,"50,197209",2,3
COLOMBO,Santos;Portocel,Rlyeh;Ngorim;Seireitei,20000,35000,"53,497209",2,3
COLOMBO,Santos;Portocel,Rlyeh;Ngorim;Dirtmouth,20000,35000,"50,197209",2,3
COLOMBO,Santos;Portocel,Rlyeh;Ngorim;Konoha,20000,35000,"50,197209",2,3
COLOMBO,Santos;Portocel,Rlyeh;Ngorim;Marineford,20000,35000,"53,497209",2,3
COLOMBO,Santos;Portocel,Rlyeh;Ngorim;Ulthar,20000,35000,"53,497209",2,3
COLOMBO,Santos;Portocel,Rlyeh;Ngorim;Yjigar,20000,35000,"50,197209",2,3
COLOMBO,Santos;Portocel,Rlyeh;Ngorim;Zuldazar,20000,35000,"50,197209",2,3
COLOMBO,Santos;Portocel,Rlyeh;Dirtmouth,20000,35000,"47,997209",2,3
COLOMBO,Santos;Portocel,Rlyeh;Dirtmouth;Promethea,20000,35000,"53,497209",2,3
COLOMBO,Santos;Portocel,Rlyeh;Dirtmouth;Seireitei,20000,35000,"53,497209",2,3
COLOMBO,Santos;Portocel,Rlyeh;Dirtmouth;Konoha,20000,35000,"49,297209",2,3
COLOMBO,Santos;Portocel,Rlyeh;Dirtmouth;Ulthar,20000,35000,"53,497209",2,3
COLOMBO,Santos;Portocel,Rlyeh;Konoha,20000,35000,"46,997209",2,3
COLOMBO,Santos;Portocel,Rlyeh;Konoha;Promethea,20000,35000,"53,497209",2,3
COLOMBO,Santos;Portocel,Rlyeh;Konoha;Seireitei,20000,35000,"53,497209",2,3
COLOMBO,Santos;Portocel,Rlyeh;Konoha;Ulthar,20000,35000,"53,497209",2,3
COLOMBO,Santos;Portocel,Rlyeh;Marineford,20000,35000,"52,197209",2,3
COLOMBO,Santos;Portocel,Rlyeh;Marineford;Promethea,20000,35000,"53,497209",2,3
COLOMBO,Santos;Portocel,Rlyeh;Marineford;Askr,20000,35000,"53,497209",2,3
COLOMBO,Santos;Portocel,Rlyeh;Marineford;Seireitei,20000,35000,"53,497209",2,3
COLOMBO,Santos;Portocel,Rlyeh;Marineford;Dirtmouth,20000,35000,"53,497209",2,3
COLOMBO,Santos;Portocel,Rlyeh;Marineford;Konoha,20000,35000,"53,497209",2,3
COLOMBO,Santos;Portocel,Rlyeh;Marineford;Ulthar,20000,35000,"53,497209",2,3
COLOMBO,Santos;Portocel,Rlyeh;Ulthar,20000,35000,"52,197209",2,3
COLOMBO,Santos;Portocel,Rlyeh;Ulthar;Promethea,20000,35000,"53,497209",2,3
COLOMBO,Santos;Portocel,Rlyeh;Yjigar,20000,35000,"47,997209",2,3
COLOMBO,Santos;Portocel,Rlyeh;Yjigar;Promethea,20000,35000,"53,497209",2,3
COLOMBO,Santos;Portocel,Rlyeh;Yjigar;Askr,20000,35000,"49,297209",2,3
COLOMBO,Santos;Portocel,Rlyeh;Yjigar;Seireitei,20000,35000,"53,497209",2,3
COLOMBO,Santos;Portocel,Rlyeh;Yjigar;Dirtmouth,20000,35000,"49,297209",2,3
COLOMBO,Santos;Portocel,Rlyeh;Yjigar;Konoha,20000,35000,"49,297209",2,3
COLOMBO,Santos;Portocel,Rlyeh;Yjigar;Marineford,20000,35000,"53,497209",2,3
COLOMBO,Santos;Portocel,Rlyeh;Yjigar;Ulthar,20000,35000,"53,497209",2,3
COLOMBO,Santos;Portocel,Rlyeh;Zuldazar,20000,35000,"46,997209",2,3
COLOMBO,Santos;Portocel,Rlyeh;Zuldazar;Promethea,20000,35000,"53,497209",2,3
COLOMBO,Santos;Portocel,Rlyeh;Zuldazar;Askr,20000,35000,"49,297209",2,3
COLOMBO,Santos;Portocel,Rlyeh;Zuldazar;Seireitei,20000,35000,"53,497209",2,3
COLOMBO,Santos;Portocel,Rlyeh;Zuldazar;Dirtmouth,20000,35000,"49,297209",2,3
COLOMBO,Santos;Portocel,Rlyeh;Zuldazar;Konoha,20000,35000,"48,297209",2,3
COLOMBO,Santos;Portocel,Rlyeh;Zuldazar;Marineford,20000,35000,"53,497209",2,3
COLOMBO,Santos;Portocel,Rlyeh;Zuldazar;Ulthar,20000,35000,"53,497209",2,3
COLOMBO,Santos;Portocel,Rlyeh;Zuldazar;Yjigar,20000,35000,"49,297209",2,3
COLOMBO,Santos;Portocel,Askr;Promethea,20000,35000,"52,197209",2,3
COLOMBO,Santos;Portocel,Askr;Seireitei,20000,35000,"52,197209",2,3
COLOMBO,Santos;Portocel,Askr;Seireitei;Promethea,20000,35000,"53,497209",2,3
COLOMBO,Santos;Portocel,Askr;Seireitei;Ulthar,20000,35000,"53,497209",2,3
COLOMBO,Santos;Portocel,Askr;Dirtmouth,20000,35000,"47,997209",2,3
COLOMBO,Santos;Portocel,Askr;Dirtmouth;Promethea,20000,35000,"53,497209",2,3
COLOMBO,Santos;Portocel,Askr;Dirtmouth;Seireitei,20000,35000,"53,497209",2,3
COLOMBO,Santos;Portocel,Askr;Dirtmouth;Konoha,20000,35000,"49,297209",2,3
COLOMBO,Santos;Portocel,Askr;Dirtmouth;Ulthar,20000,35000,"53,497209",2,3
COLOMBO,Santos;Portocel,Askr;Konoha,20000,35000,"47,997209",2,3
COLOMBO,Santos;Portocel,Askr;Konoha;Promethea,20000,35000,"53,497209",2,3
COLOMBO,Santos;Portocel,Askr;Konoha;Seireitei,20000,35000,"53,497209",2,3
COLOMBO,Santos;Portocel,Askr;Konoha;Ulthar,20000,35000,"53,497209",2,3
COLOMBO,Santos;Portocel,Askr;Ulthar,20000,35000,"52,197209",2,3
COLOMBO,Santos;Portocel,Askr;Ulthar;Promethea,20000,35000,"53,497209",2,3
COLOMBO,Santos;Portocel,Lyngard;Rlyeh,20000,35000,"47,497209",2,3
COLOMBO,Santos;Portocel,Lyngard;Rlyeh;Promethea,20000,35000,"53,497209",2,3
COLOMBO,Santos;Portocel,Lyngard;Rlyeh;Askr,20000,35000,"49,297209",2,3
COLOMBO,Santos;Portocel,Lyngard;Rlyeh;Seireitei,20000,35000,"53,497209",2,3
COLOMBO,Santos;Portocel,Lyngard;Rlyeh;Nassauia,20000,35000,"48,797209",2,3
COLOMBO,Santos;Portocel,Lyngard;Rlyeh;Ngorim,20000,35000,"50,197209",2,3
COLOMBO,Santos;Portocel,Lyngard;Rlyeh;Dirtmouth,20000,35000,"49,297209",2,3
COLOMBO,Santos;Portocel,Lyngard;Rlyeh;Konoha,20000,35000,"48,797209",2,3
COLOMBO,Santos;Portocel,Lyngard;Rlyeh;Marineford,20000,35000,"53,497209",2,3
COLOMBO,Santos;Portocel,Lyngard;Rlyeh;Ulthar,20000,35000,"53,497209",2,3
COLOMBO,Santos;Portocel,Lyngard;Rlyeh;Yjigar,20000,35000,"49,297209",2,3
COLOMBO,Santos;Portocel,Lyngard;Rlyeh;Zuldazar,20000,35000,"48,797209",2,3
COLOMBO,Santos;Portocel,Lyngard;Promethea,20000,35000,"52,197209",2,3
COLOMBO,Santos;Portocel,Lyngard;Askr,20000,35000,"47,997209",2,3
COLOMBO,Santos;Portocel,Lyngard;Askr;Promethea,20000,35000,"53,497209",2,3
COLOMBO,Santos;Portocel,Lyngard;Askr;Seireitei,20000,35000,"53,497209",2,3
COLOMBO,Santos;Portocel,Lyngard;Askr;Dirtmouth,20000,35000,"49,297209",2,3
COLOMBO,Santos;Portocel,Lyngard;Askr;Konoha,20000,35000,"49,297209",2,3
COLOMBO,Santos;Portocel,Lyngard;Askr;Ulthar,20000,35000,"53,497209",2,3
COLOMBO,Santos;Portocel,Lyngard;Seireitei,20000,35000,"52,197209",2,3
COLOMBO,Santos;Portocel,Lyngard;Seireitei;Promethea,20000,35000,"53,497209",2,3
COLOMBO,Santos;Portocel,Lyngard;Seireitei;Ulthar,20000,35000,"53,497209",2,3
COLOMBO,Santos;Portocel,Lyngard;Nassauia,20000,35000,"47,497209",2,3
COLOMBO,Santos;Portocel,Lyngard;Nassauia;Promethea,20000,35000,"53,497209",2,3
COLOMBO,Santos;Portocel,Lyngard;Nassauia;Askr,20000,35000,"49,297209",2,3
COLOMBO,Santos;Portocel,Lyngard;Nassauia;Seireitei,20000,35000,"53,497209",2,3
COLOMBO,Santos;Portocel,Lyngard;Nassauia;Ngorim,20000,35000,"50,197209",2,3
COLOMBO,Santos;Portocel,Lyngard;Nassauia;Dirtmouth,20000,35000,"49,297209",2,3
COLOMBO,Santos;Portocel,Lyngard;Nassauia;Konoha,20000,35000,"48,797209",2,3
COLOMBO,Santos;Portocel,Lyngard;Nassauia;Marineford,20000,35000,"53,497209",2,3
COLOMBO,Santos;Portocel,Lyngard;Nassauia;Ulthar,20000,35000,"53,497209",2,3
COLOMBO,Santos;Portocel,Lyngard;Nassauia;Yjigar,20000,35000,"49,297209",2,3
COLOMBO,Santos;Portocel,Lyngard;Nassauia;Zuldazar,20000,35000,"48,797209",2,3
COLOMBO,Santos;Portocel,Lyngard;Ngorim,20000,35000,"48,897209",2,3
COLOMBO,Santos;Portocel,Lyngard;Ngorim;Promethea,20000,35000,"53,497209",2,3
COLOMBO,Santos;Portocel,Lyngard;Ngorim;Askr,20000,35000,"50,197209",2,3
COLOMBO,Santos;Portocel,Lyngard;Ngorim;Seireitei,20000,35000,"53,497209",2,3
COLOMBO,Santos;Portocel,Lyngard;Ngorim;Dirtmouth,20000,35000,"50,197209",2,3
COLOMBO,Santos;Portocel,Lyngard;Ngorim;Konoha,20000,35000,"50,197209",2,3
COLOMBO,Santos;Portocel,Lyngard;Ngorim;Marineford,20000,35000,"53,497209",2,3
COLOMBO,Santos;Portocel,Lyngard;Ngorim;Ulthar,20000,35000,"53,497209",2,3
COLOMBO,Santos;Portocel,Lyngard;Ngorim;Yjigar,20000,35000,"50,197209",2,3
COLOMBO,Santos;Portocel,Lyngard;Ngorim;Zuldazar,20000,35000,"50,197209",2,3
COLOMBO,Santos;Portocel,Lyngard;Dirtmouth,20000,35000,"47,997209",2,3
COLOMBO,Santos;Portocel,Lyngard;Dirtmouth;Promethea,20000,35000,"53,497209",2,3
COLOMBO,Santos;Portocel,Lyngard;Dirtmouth;Seireitei,20000,35000,"53,497209",2,3
COLOMBO,Santos;Portocel,Lyngard;Dirtmouth;Konoha,20000,35000,"49,297209",2,3
COLOMBO,Santos;Portocel,Lyngard;Dirtmouth;Ulthar,20000,35000,"53,497209",2,3
COLOMBO,Santos;Portocel,Lyngard;Konoha,20000,35000,"47,497209",2,3
COLOMBO,Santos;Portocel,Lyngard;Konoha;Promethea,20000,35000,"53,497209",2,3
COLOMBO,Santos;Portocel,Lyngard;Konoha;Seireitei,20000,35000,"53,497209",2,3
COLOMBO,Santos;Portocel,Lyngard;Konoha;Ulthar,20000,35000,"53,497209",2,3
COLOMBO,Santos;Portocel,Lyngard;Marineford,20000,35000,"52,197209",2,3
COLOMBO,Santos;Portocel,Lyngard;Marineford;Promethea,20000,35000,"53,497209",2,3
COLOMBO,Santos;Portocel,Lyngard;Marineford;Askr,20000,35000,"53,497209",2,3
COLOMBO,Santos;Portocel,Lyngard;Marineford;Seireitei,20000,35000,"53,497209",2,3
COLOMBO,Santos;Portocel,Lyngard;Marineford;Dirtmouth,20000,35000,"53,497209",2,3
COLOMBO,Santos;Portocel,Lyngard;Marineford;Konoha,20000,35000,"53,497209",2,3
COLOMBO,Santos;Portocel,Lyngard;Marineford;Ulthar,20000,35000,"53,497209",2,3
COLOMBO,Santos;Portocel,Lyngard;Ulthar,20000,35000,"52,197209",2,3
COLOMBO,Santos;Portocel,Lyngard;Ulthar;Promethea,20000,35000,"53,497209",2,3
COLOMBO,Santos;Portocel,Lyngard;Yjigar,20000,35000,"47,997209",2,3
COLOMBO,Santos;Portocel,Lyngard;Yjigar;Promethea,20000,35000,"53,497209",2,3
COLOMBO,Santos;Portocel,Lyngard;Yjigar;Askr,20000,35000,"49,297209",2,3
COLOMBO,Santos;Portocel,Lyngard;Yjigar;Seireitei,20000,35000,"53,497209",2,3
COLOMBO,Santos;Portocel,Lyngard;Yjigar;Dirtmouth,20000,35000,"49,297209",2,3
COLOMBO,Santos;Portocel,Lyngard;Yjigar;Konoha,20000,35000,"49,297209",2,3
COLOMBO,Santos;Portocel,Lyngard;Yjigar;Marineford,20000,35000,"53,497209",2,3
COLOMBO,Santos;Portocel,Lyngard;Yjigar;Ulthar,20000,35000,"53,497209",2,3
COLOMBO,Santos;Portocel,Lyngard;Zuldazar,20000,35000,"47,497209",2,3
COLOMBO,Santos;Portocel,Lyngard;Zuldazar;Promethea,20000,35000,"53,497209",2,3
COLOMBO,Santos;Portocel,Lyngard;Zuldazar;Askr,20000,35000,"49,297209",2,3
COLOMBO,Santos;Portocel,Lyngard;Zuldazar;Seireitei,20000,35000,"53,497209",2,3
COLOMBO,Santos;Portocel,Lyngard;Zuldazar;Dirtmouth,20000,35000,"49,297209",2,3
COLOMBO,Santos;Portocel,Lyngard;Zuldazar;Konoha,20000,35000,"48,797209",2,3
COLOMBO,Santos;Portocel,Lyngard;Zuldazar;Marineford,20000,35000,"53,497209",2,3
COLOMBO,Santos;Portocel,Lyngard;Zuldazar;Ulthar,20000,35000,"53,497209",2,3
COLOMBO,Santos;Portocel,Lyngard;Zuldazar;Yjigar,20000,35000,"49,297209",2,3
COLOMBO,Santos;Portocel,Seireitei;Promethea,20000,35000,"52,197209",2,3
COLOMBO,Santos;Portocel,Seireitei;Ulthar,20000,35000,"52,197209",2,3
COLOMBO,Santos;Portocel,Seireitei;Ulthar;Promethea,20000,35000,"53,497209",2,3
COLOMBO,Santos;Portocel,Nassauia;Promethea,20000,35000,"52,197209",2,3
COLOMBO,Santos;Portocel,Nassauia;Askr,20000,35000,"47,997209",2,3
COLOMBO,Santos;Portocel,Nassauia;Askr;Promethea,20000,35000,"53,497209",2,3
COLOMBO,Santos;Portocel,Nassauia;Askr;Seireitei,20000,35000,"53,497209",2,3
COLOMBO,Santos;Portocel,Nassauia;Askr;Dirtmouth,20000,35000,"49,297209",2,3
COLOMBO,Santos;Portocel,Nassauia;Askr;Konoha,20000,35000,"49,297209",2,3
COLOMBO,Santos;Portocel,Nassauia;Askr;Ulthar,20000,35000,"53,497209",2,3
COLOMBO,Santos;Portocel,Nassauia;Seireitei,20000,35000,"52,197209",2,3
COLOMBO,Santos;Portocel,Nassauia;Seireitei;Promethea,20000,35000,"53,497209",2,3
COLOMBO,Santos;Portocel,Nassauia;Seireitei;Ulthar,20000,35000,"53,497209",2,3
COLOMBO,Santos;Portocel,Nassauia;Ngorim,20000,35000,"48,897209",2,3
COLOMBO,Santos;Portocel,Nassauia;Ngorim;Promethea,20000,35000,"53,497209",2,3
COLOMBO,Santos;Portocel,Nassauia;Ngorim;Askr,20000,35000,"50,197209",2,3
COLOMBO,Santos;Portocel,Nassauia;Ngorim;Seireitei,20000,35000,"53,497209",2,3
COLOMBO,Santos;Portocel,Nassauia;Ngorim;Dirtmouth,20000,35000,"50,197209",2,3
COLOMBO,Santos;Portocel,Nassauia;Ngorim;Konoha,20000,35000,"50,197209",2,3
COLOMBO,Santos;Portocel,Nassauia;Ngorim;Marineford,20000,35000,"53,497209",2,3
COLOMBO,Santos;Portocel,Nassauia;Ngorim;Ulthar,20000,35000,"53,497209",2,3
COLOMBO,Santos;Portocel,Nassauia;Ngorim;Yjigar,20000,35000,"50,197209",2,3
COLOMBO,Santos;Portocel,Nassauia;Ngorim;Zuldazar,20000,35000,"50,197209",2,3
COLOMBO,Santos;Portocel,Nassauia;Dirtmouth,20000,35000,"47,997209",2,3
COLOMBO,Santos;Portocel,Nassauia;Dirtmouth;Promethea,20000,35000,"53,497209",2,3
COLOMBO,Santos;Portocel,Nassauia;Dirtmouth;Seireitei,20000,35000,"53,497209",2,3
COLOMBO,Santos;Portocel,Nassauia;Dirtmouth;Konoha,20000,35000,"49,297209",2,3
COLOMBO,Santos;Portocel,Nassauia;Dirtmouth;Ulthar,20000,35000,"53,497209",2,3
COLOMBO,Santos;Portocel,Nassauia;Konoha,20000,35000,"46,997209",2,3
COLOMBO,Santos;Portocel,Nassauia;Konoha;Promethea,20000,35000,"53,497209",2,3
COLOMBO,Santos;Portocel,Nassauia;Konoha;Seireitei,20000,35000,"53,497209",2,3
COLOMBO,Santos;Portocel,Nassauia;Konoha;Ulthar,20000,35000,"53,497209",2,3
COLOMBO,Santos;Portocel,Nassauia;Marineford,20000,35000,"52,197209",2,3
COLOMBO,Santos;Portocel,Nassauia;Marineford;Promethea,20000,35000,"53,497209",2,3
COLOMBO,Santos;Portocel,Nassauia;Marineford;Askr,20000,35000,"53,497209",2,3
COLOMBO,Santos;Portocel,Nassauia;Marineford;Seireitei,20000,35000,"53,497209",2,3
COLOMBO,Santos;Portocel,Nassauia;Marineford;Dirtmouth,20000,35000,"53,497209",2,3
COLOMBO,Santos;Portocel,Nassauia;Marineford;Konoha,20000,35000,"53,497209",2,3
COLOMBO,Santos;Portocel,Nassauia;Marineford;Ulthar,20000,35000,"53,497209",2,3
COLOMBO,Santos;Portocel,Nassauia;Ulthar,20000,35000,"52,197209",2,3
COLOMBO,Santos;Portocel,Nassauia;Ulthar;Promethea,20000,35000,"53,497209",2,3
COLOMBO,Santos;Portocel,Nassauia;Yjigar,20000,35000,"47,997209",2,3
COLOMBO,Santos;Portocel,Nassauia;Yjigar;Promethea,20000,35000,"53,497209",2,3
COLOMBO,Santos;Portocel,Nassauia;Yjigar;Askr,20000,35000,"49,297209",2,3
COLOMBO,Santos;Portocel,Nassauia;Yjigar;Seireitei,20000,35000,"53,497209",2,3
COLOMBO,Santos;Portocel,Nassauia;Yjigar;Dirtmouth,20000,35000,"49,297209",2,3
COLOMBO,Santos;Portocel,Nassauia;Yjigar;Konoha,20000,35000,"49,297209",2,3
COLOMBO,Santos;Portocel,Nassauia;Yjigar;Marineford,20000,35000,"53,497209",2,3
COLOMBO,Santos;Portocel,Nassauia;Yjigar;Ulthar,20000,35000,"53,497209",2,3
COLOMBO,Santos;Portocel,Nassauia;Zuldazar,20000,35000,"45,997209",2,3
COLOMBO,Santos;Portocel,Nassauia;Zuldazar;Promethea,20000,35000,"53,497209",2,3
COLOMBO,Santos;Portocel,Nassauia;Zuldazar;Askr,20000,35000,"49,297209",2,3
COLOMBO,Santos;Portocel,Nassauia;Zuldazar;Seireitei,20000,35000,"53,497209",2,3
COLOMBO,Santos;Portocel,Nassauia;Zuldazar;Dirtmouth,20000,35000,"49,297209",2,3
COLOMBO,Santos;Portocel,Nassauia;Zuldazar;Konoha,20000,35000,"48,297209",2,3
COLOMBO,Santos;Portocel,Nassauia;Zuldazar;Marineford,20000,35000,"53,497209",2,3
COLOMBO,Santos;Portocel,Nassauia;Zuldazar;Ulthar,20000,35000,"53,497209",2,3
COLOMBO,Santos;Portocel,Nassauia;Zuldazar;Yjigar,20000,35000,"49,297209",2,3
COLOMBO,Santos;Portocel,Ngorim;Promethea,20000,35000,"52,197209",2,3
COLOMBO,Santos;Portocel,Ngorim;Askr,20000,35000,"48,897209",2,3
COLOMBO,Santos;Portocel,Ngorim;Askr;Promethea,20000,35000,"53,497209",2,3
COLOMBO,Santos;Portocel,Ngorim;Askr;Seireitei,20000,35000,"53,497209",2,3
COLOMBO,Santos;Portocel,Ngorim;Askr;Dirtmouth,20000,35000,"50,197209",2,3
COLOMBO,Santos;Portocel,Ngorim;Askr;Konoha,20000,35000,"50,197209",2,3
COLOMBO,Santos;Portocel,Ngorim;Askr;Ulthar,20000,35000,"53,497209",2,3
COLOMBO,Santos;Portocel,Ngorim;Seireitei,20000,35000,"52,197209",2,3
COLOMBO,Santos;Portocel,Ngorim;Seireitei;Promethea,20000,35000,"53,497209",2,3
COLOMBO,Santos;Portocel,Ngorim;Seireitei;Ulthar,20000,35000,"53,497209",2,3
COLOMBO,Santos;Portocel,Ngorim;Dirtmouth,20000,35000,"48,897209",2,3
COLOMBO,Santos;Portocel,Ngorim;Dirtmouth;Promethea,20000,35000,"53,497209",2,3
COLOMBO,Santos;Portocel,Ngorim;Dirtmouth;Seireitei,20000,35000,"53,497209",2,3
COLOMBO,Santos;Portocel,Ngorim;Dirtmouth;Konoha,20000,35000,"50,197209",2,3
COLOMBO,Santos;Portocel,Ngorim;Dirtmouth;Ulthar,20000,35000,"53,497209",2,3
COLOMBO,Santos;Portocel,Ngorim;Konoha,20000,35000,"48,897209",2,3
COLOMBO,Santos;Portocel,Ngorim;Konoha;Promethea,20000,35000,"53,497209",2,3
COLOMBO,Santos;Portocel,Ngorim;Konoha;Seireitei,20000,35000,"53,497209",2,3
COLOMBO,Santos;Portocel,Ngorim;Konoha;Ulthar,20000,35000,"53,497209",2,3
COLOMBO,Santos;Portocel,Ngorim;Marineford,20000,35000,"52,197209",2,3
COLOMBO,Santos;Portocel,Ngorim;Marineford;Promethea,20000,35000,"53,497209",2,3
COLOMBO,Santos;Portocel,Ngorim;Marineford;Askr,20000,35000,"53,497209",2,3
COLOMBO,Santos;Portocel,Ngorim;Marineford;Seireitei,20000,35000,"53,497209",2,3
COLOMBO,Santos;Portocel,Ngorim;Marineford;Dirtmouth,20000,35000,"53,497209",2,3
COLOMBO,Santos;Portocel,Ngorim;Marineford;Konoha,20000,35000,"53,497209",2,3
COLOMBO,Santos;Portocel,Ngorim;Marineford;Ulthar,20000,35000,"53,497209",2,3
COLOMBO,Santos;Portocel,Ngorim;Ulthar,20000,35000,"52,197209",2,3
COLOMBO,Santos;Portocel,Ngorim;Ulthar;Promethea,20000,35000,"53,497209",2,3
COLOMBO,Santos;Portocel,Ngorim;Yjigar,20000,35000,"48,897209",2,3
COLOMBO,Santos;Portocel,Ngorim;Yjigar;Promethea,20000,35000,"53,497209",2,3
COLOMBO,Santos;Portocel,Ngorim;Yjigar;Askr,20000,35000,"50,197209",2,3
COLOMBO,Santos;Portocel,Ngorim;Yjigar;Seireitei,20000,35000,"53,497209",2,3
COLOMBO,Santos;Portocel,Ngorim;Yjigar;Dirtmouth,20000,35000,"50,197209",2,3
COLOMBO,Santos;Portocel,Ngorim;Yjigar;Konoha,20000,35000,"50,197209",2,3
COLOMBO,Santos;Portocel,Ngorim;Yjigar;Marineford,20000,35000,"53,497209",2,3
COLOMBO,Santos;Portocel,Ngorim;Yjigar;Ulthar,20000,35000,"53,497209",2,3
COLOMBO,Santos;Portocel,Ngorim;Zuldazar,20000,35000,"48,897209",2,3
COLOMBO,Santos;Portocel,Ngorim;Zuldazar;Promethea,20000,35000,"53,497209",2,3
COLOMBO,Santos;Portocel,Ngorim;Zuldazar;Askr,20000,35000,"50,197209",2,3
COLOMBO,Santos;Portocel,Ngorim;Zuldazar;Seireitei,20000,35000,"53,497209",2,3
COLOMBO,Santos;Portocel,Ngorim;Zuldazar;Dirtmouth,20000,35000,"50,197209",2,3
COLOMBO,Santos;Portocel,Ngorim;Zuldazar;Konoha,20000,35000,"50,197209",2,3
COLOMBO,Santos;Portocel,Ngorim;Zuldazar;Marineford,20000,35000,"53,497209",2,3
COLOMBO,Santos;Portocel,Ngorim;Zuldazar;Ulthar,20000,35000,"53,497209",2,3
COLOMBO,Santos;Portocel,Ngorim;Zuldazar;Yjigar,20000,35000,"50,197209",2,3
COLOMBO,Santos;Portocel,Tahlenwald;Rlyeh,20000,35000,"46,997209",2,3
COLOMBO,Santos;Portocel,Tahlenwald;Rlyeh;Promethea,20000,35000,"53,497209",2,3
COLOMBO,Santos;Portocel,Tahlenwald;Rlyeh;Askr,20000,35000,"49,297209",2,3
COLOMBO,Santos;Portocel,Tahlenwald;Rlyeh;Seireitei,20000,35000,"53,497209",2,3
COLOMBO,Santos;Portocel,Tahlenwald;Rlyeh;Nassauia,20000,35000,"48,297209",2,3
COLOMBO,Santos;Portocel,Tahlenwald;Rlyeh;Ngorim,20000,35000,"50,197209",2,3
COLOMBO,Santos;Portocel,Tahlenwald;Rlyeh;Dirtmouth,20000,35000,"49,297209",2,3
COLOMBO,Santos;Portocel,Tahlenwald;Rlyeh;Konoha,20000,35000,"48,297209",2,3
COLOMBO,Santos;Portocel,Tahlenwald;Rlyeh;Marineford,20000,35000,"53,497209",2,3
COLOMBO,Santos;Portocel,Tahlenwald;Rlyeh;Ulthar,20000,35000,"53,497209",2,3
COLOMBO,Santos;Portocel,Tahlenwald;Rlyeh;Yjigar,20000,35000,"49,297209",2,3
COLOMBO,Santos;Portocel,Tahlenwald;Rlyeh;Zuldazar,20000,35000,"48,297209",2,3
COLOMBO,Santos;Portocel,Tahlenwald;Promethea,20000,35000,"52,197209",2,3
COLOMBO,Santos;Portocel,Tahlenwald;Askr,20000,35000,"47,997209",2,3
COLOMBO,Santos;Portocel,Tahlenwald;Askr;Promethea,20000,35000,"53,497209",2,3
COLOMBO,Santos;Portocel,Tahlenwald;Askr;Seireitei,20000,35000,"53,497209",2,3
COLOMBO,Santos;Portocel,Tahlenwald;Askr;Dirtmouth,20000,35000,"49,297209",2,3
COLOMBO,Santos;Portocel,Tahlenwald;Askr;Konoha,20000,35000,"49,297209",2,3
COLOMBO,Santos;Portocel,Tahlenwald;Askr;Ulthar,20000,35000,"53,497209",2,3
COLOMBO,Santos;Portocel,Tahlenwald;Lyngard,20000,35000,"47,497209",2,3
COLOMBO,Santos;Portocel,Tahlenwald;Lyngard;Rlyeh,20000,35000,"48,797209",2,3
COLOMBO,Santos;Portocel,Tahlenwald;Lyngard;Promethea,20000,35000,"53,497209",2,3
COLOMBO,Santos;Portocel,Tahlenwald;Lyngard;Askr,20000,35000,"49,297209",2,3
COLOMBO,Santos;Portocel,Tahlenwald;Lyngard;Seireitei,20000,35000,"53,497209",2,3
COLOMBO,Santos;Portocel,Tahlenwald;Lyngard;Nassauia,20000,35000,"48,797209",2,3
COLOMBO,Santos;Portocel,Tahlenwald;Lyngard;Ngorim,20000,35000,"50,197209",2,3
COLOMBO,Santos;Portocel,Tahlenwald;Lyngard;Dirtmouth,20000,35000,"49,297209",2,3
COLOMBO,Santos;Portocel,Tahlenwald;Lyngard;Konoha,20000,35000,"48,797209",2,3
COLOMBO,Santos;Portocel,Tahlenwald;Lyngard;Marineford,20000,35000,"53,497209",2,3
COLOMBO,Santos;Portocel,Tahlenwald;Lyngard;Ulthar,20000,35000,"53,497209",2,3
COLOMBO,Santos;Portocel,Tahlenwald;Lyngard;Yjigar,20000,35000,"49,297209",2,3
COLOMBO,Santos;Portocel,Tahlenwald;Lyngard;Zuldazar,20000,35000,"48,797209",2,3
COLOMBO,Santos;Portocel,Tahlenwald;Seireitei,20000,35000,"52,197209",2,3
COLOMBO,Santos;Portocel,Tahlenwald;Seireitei;Promethea,20000,35000,"53,497209",2,3
COLOMBO,Santos;Portocel,Tahlenwald;Seireitei;Ulthar,20000,35000,"53,497209",2,3
COLOMBO,Santos;Portocel,Tahlenwald;Nassauia,20000,35000,"46,997209",2,3
COLOMBO,Santos;Portocel,Tahlenwald;Nassauia;Promethea,20000,35000,"53,497209",2,3
COLOMBO,Santos;Portocel,Tahlenwald;Nassauia;Askr,20000,35000,"49,297209",2,3
COLOMBO,Santos;Portocel,Tahlenwald;Nassauia;Seireitei,20000,35000,"53,497209",2,3
COLOMBO,Santos;Portocel,Tahlenwald;Nassauia;Ngorim,20000,35000,"50,197209",2,3
COLOMBO,Santos;Portocel,Tahlenwald;Nassauia;Dirtmouth,20000,35000,"49,297209",2,3
COLOMBO,Santos;Portocel,Tahlenwald;Nassauia;Konoha,20000,35000,"48,297209",2,3
COLOMBO,Santos;Portocel,Tahlenwald;Nassauia;Marineford,20000,35000,"53,497209",2,3
COLOMBO,Santos;Portocel,Tahlenwald;Nassauia;Ulthar,20000,35000,"53,497209",2,3
COLOMBO,Santos;Portocel,Tahlenwald;Nassauia;Yjigar,20000,35000,"49,297209",2,3
COLOMBO,Santos;Portocel,Tahlenwald;Nassauia;Zuldazar,20000,35000,"48,297209",2,3
COLOMBO,Santos;Portocel,Tahlenwald;Ngorim,20000,35000,"48,897209",2,3
COLOMBO,Santos;Portocel,Tahlenwald;Ngorim;Promethea,20000,35000,"53,497209",2,3
COLOMBO,Santos;Portocel,Tahlenwald;Ngorim;Askr,20000,35000,"50,197209",2,3
COLOMBO,Santos;Portocel,Tahlenwald;Ngorim;Seireitei,20000,35000,"53,497209",2,3
COLOMBO,Santos;Portocel,Tahlenwald;Ngorim;Dirtmouth,20000,35000,"50,197209",2,3
COLOMBO,Santos;Portocel,Tahlenwald;Ngorim;Konoha,20000,35000,"50,197209",2,3
COLOMBO,Santos;Portocel,Tahlenwald;Ngorim;Marineford,20000,35000,"53,497209",2,3
COLOMBO,Santos;Portocel,Tahlenwald;Ngorim;Ulthar,20000,35000,"53,497209",2,3
COLOMBO,Santos;Portocel,Tahlenwald;Ngorim;Yjigar,20000,35000,"50,197209",2,3
COLOMBO,Santos;Portocel,Tahlenwald;Ngorim;Zuldazar,20000,35000,"50,197209",2,3
COLOMBO,Santos;Portocel,Tahlenwald;Dirtmouth,20000,35000,"47,997209",2,3
COLOMBO,Santos;Portocel,Tahlenwald;Dirtmouth;Promethea,20000,35000,"53,497209",2,3
COLOMBO,Santos;Portocel,Tahlenwald;Dirtmouth;Seireitei,20000,35000,"53,497209",2,3
COLOMBO,Santos;Portocel,Tahlenwald;Dirtmouth;Konoha,20000,35000,"49,297209",2,3
COLOMBO,Santos;Portocel,Tahlenwald;Dirtmouth;Ulthar,20000,35000,"53,497209",2,3
COLOMBO,Santos;Portocel,Tahlenwald;Konoha,20000,35000,"46,997209",2,3
COLOMBO,Santos;Portocel,Tahlenwald;Konoha;Promethea,20000,35000,"53,497209",2,3
COLOMBO,Santos;Portocel,Tahlenwald;Konoha;Seireitei,20000,35000,"53,497209",2,3
COLOMBO,Santos;Portocel,Tahlenwald;Konoha;Ulthar,20000,35000,"53,497209",2,3
COLOMBO,Santos;Portocel,Tahlenwald;Marineford,20000,35000,"52,197209",2,3
COLOMBO,Santos;Portocel,Tahlenwald;Marineford;Promethea,20000,35000,"53,497209",2,3
COLOMBO,Santos;Portocel,Tahlenwald;Marineford;Askr,20000,35000,"53,497209",2,3
COLOMBO,Santos;Portocel,Tahlenwald;Marineford;Seireitei,20000,35000,"53,497209",2,3
COLOMBO,Santos;Portocel,Tahlenwald;Marineford;Dirtmouth,20000,35000,"53,497209",2,3
COLOMBO,Santos;Portocel,Tahlenwald;Marineford;Konoha,20000,35000,"53,497209",2,3
COLOMBO,Santos;Portocel,Tahlenwald;Marineford;Ulthar,20000,35000,"53,497209",2,3
COLOMBO,Santos;Portocel,Tahlenwald;Ulthar,20000,35000,"52,197209",2,3
COLOMBO,Santos;Portocel,Tahlenwald;Ulthar;Promethea,20000,35000,"53,497209",2,3
COLOMBO,Santos;Portocel,Tahlenwald;Yjigar,20000,35000,"47,997209",2,3
COLOMBO,Santos;Portocel,Tahlenwald;Yjigar;Promethea,20000,35000,"53,497209",2,3
COLOMBO,Santos;Portocel,Tahlenwald;Yjigar;Askr,20000,35000,"49,297209",2,3
COLOMBO,Santos;Portocel,Tahlenwald;Yjigar;Seireitei,20000,35000,"53,497209",2,3
COLOMBO,Santos;Portocel,Tahlenwald;Yjigar;Dirtmouth,20000,35000,"49,297209",2,3
COLOMBO,Santos;Portocel,Tahlenwald;Yjigar;Konoha,20000,35000,"49,297209",2,3
COLOMBO,Santos;Portocel,Tahlenwald;Yjigar;Marineford,20000,35000,"53,497209",2,3
COLOMBO,Santos;Portocel,Tahlenwald;Yjigar;Ulthar,20000,35000,"53,497209",2,3
COLOMBO,Santos;Portocel,Tahlenwald;Zuldazar,20000,35000,"46,997209",2,3
COLOMBO,Santos;Portocel,Tahlenwald;Zuldazar;Promethea,20000,35000,"53,497209",2,3
COLOMBO,Santos;Portocel,Tahlenwald;Zuldazar;Askr,20000,35000,"49,297209",2,3
COLOMBO,Santos;Portocel,Tahlenwald;Zuldazar;Seireitei,20000,35000,"53,497209",2,3
COLOMBO,Santos;Portocel,Tahlenwald;Zuldazar;Dirtmouth,20000,35000,"49,297209",2,3
COLOMBO,Santos;Portocel,Tahlenwald;Zuldazar;Konoha,20000,35000,"48,297209",2,3
COLOMBO,Santos;Portocel,Tahlenwald;Zuldazar;Marineford,20000,35000,"53,497209",2,3
COLOMBO,Santos;Portocel,Tahlenwald;Zuldazar;Ulthar,20000,35000,"53,497209",2,3
COLOMBO,Santos;Portocel,Tahlenwald;Zuldazar;Yjigar,20000,35000,"49,297209",2,3
COLOMBO,Santos;Portocel,Dirtmouth;Promethea,20000,35000,"52,197209",2,3
COLOMBO,Santos;Portocel,Dirtmouth;Seireitei,20000,35000,"52,197209",2,3
COLOMBO,Santos;Portocel,Dirtmouth;Seireitei;Promethea,20000,35000,"53,497209",2,3
COLOMBO,Santos;Portocel,Dirtmouth;Seireitei;Ulthar,20000,35000,"53,497209",2,3
COLOMBO,Santos;Portocel,Dirtmouth;Konoha,20000,35000,"47,997209",2,3
COLOMBO,Santos;Portocel,Dirtmouth;Konoha;Promethea,20000,35000,"53,497209",2,3
COLOMBO,Santos;Portocel,Dirtmouth;Konoha;Seireitei,20000,35000,"53,497209",2,3
COLOMBO,Santos;Portocel,Dirtmouth;Konoha;Ulthar,20000,35000,"53,497209",2,3
COLOMBO,Santos;Portocel,Dirtmouth;Ulthar,20000,35000,"52,197209",2,3
COLOMBO,Santos;Portocel,Dirtmouth;Ulthar;Promethea,20000,35000,"53,497209",2,3
COLOMBO,Santos;Portocel,Konoha;Promethea,20000,35000,"52,197209",2,3
COLOMBO,Santos;Portocel,Konoha;Seireitei,20000,35000,"52,197209",2,3
COLOMBO,Santos;Portocel,Konoha;Seireitei;Promethea,20000,35000,"53,497209",2,3
COLOMBO,Santos;Portocel,Konoha;Seireitei;Ulthar,20000,35000,"53,497209",2,3
COLOMBO,Santos;Portocel,Konoha;Ulthar,20000,35000,"52,197209",2,3
COLOMBO,Santos;Portocel,Konoha;Ulthar;Promethea,20000,35000,"53,497209",2,3
COLOMBO,Santos;Portocel,Marineford;Promethea,20000,35000,"52,197209",2,3
COLOMBO,Santos;Portocel,Marineford;Askr,20000,35000,"52,197209",2,3
COLOMBO,Santos;Portocel,Marineford;Askr;Promethea,20000,35000,"53,497209",2,3
COLOMBO,Santos;Portocel,Marineford;Askr;Seireitei,20000,35000,"53,497209",2,3
COLOMBO,Santos;Portocel,Marineford;Askr;Dirtmouth,20000,35000,"53,497209",2,3
COLOMBO,Santos;Portocel,Marineford;Askr;Konoha,20000,35000,"53,497209",2,3
COLOMBO,Santos;Portocel,Marineford;Askr;Ulthar,20000,35000,"53,497209",2,3
COLOMBO,Santos;Portocel,Marineford;Seireitei,20000,35000,"52,197209",2,3
COLOMBO,Santos;Portocel,Marineford;Seireitei;Promethea,20000,35000,"53,497209",2,3
COLOMBO,Santos;Portocel,Marineford;Seireitei;Ulthar,20000,35000,"53,497209",2,3
COLOMBO,Santos;Portocel,Marineford;Dirtmouth,20000,35000,"52,197209",2,3
COLOMBO,Santos;Portocel,Marineford;Dirtmouth;Promethea,20000,35000,"53,497209",2,3
COLOMBO,Santos;Portocel,Marineford;Dirtmouth;Seireitei,20000,35000,"53,497209",2,3
COLOMBO,Santos;Portocel,Marineford;Dirtmouth;Konoha,20000,35000,"53,497209",2,3
COLOMBO,Santos;Portocel,Marineford;Dirtmouth;Ulthar,20000,35000,"53,497209",2,3
COLOMBO,Santos;Portocel,Marineford;Konoha,20000,35000,"52,197209",2,3
COLOMBO,Santos;Portocel,Marineford;Konoha;Promethea,20000,35000,"53,497209",2,3
COLOMBO,Santos;Portocel,Marineford;Konoha;Seireitei,20000,35000,"53,497209",2,3
COLOMBO,Santos;Portocel,Marineford;Konoha;Ulthar,20000,35000,"53,497209",2,3
COLOMBO,Santos;Portocel,Marineford;Ulthar,20000,35000,"52,197209",2,3
COLOMBO,Santos;Portocel,Marineford;Ulthar;Promethea,20000,35000,"53,497209",2,3
COLOMBO,Santos;Portocel,Ulthar;Promethea,20000,35000,"52,197209",2,3
COLOMBO,Santos;Portocel,Yjigar;Promethea,20000,35000,"52,197209",2,3
COLOMBO,Santos;Portocel,Yjigar;Askr,20000,35000,"47,997209",2,3
COLOMBO,Santos;Portocel,Yjigar;Askr;Promethea,20000,35000,"53,497209",2,3
COLOMBO,Santos;Portocel,Yjigar;Askr;Seireitei,20000,35000,"53,497209",2,3
COLOMBO,Santos;Portocel,Yjigar;Askr;Dirtmouth,20000,35000,"49,297209",2,3
COLOMBO,Santos;Portocel,Yjigar;Askr;Konoha,20000,35000,"49,297209",2,3
COLOMBO,Santos;Portocel,Yjigar;Askr;Ulthar,20000,35000,"53,497209",2,3
COLOMBO,Santos;Portocel,Yjigar;Seireitei,20000,35000,"52,197209",2,3
COLOMBO,Santos;Portocel,Yjigar;Seireitei;Promethea,20000,35000,"53,497209",2,3
COLOMBO,Santos;Portocel,Yjigar;Seireitei;Ulthar,20000,35000,"53,497209",2,3
COLOMBO,Santos;Portocel,Yjigar;Dirtmouth,20000,35000,"47,997209",2,3
COLOMBO,Santos;Portocel,Yjigar;Dirtmouth;Promethea,20000,35000,"53,497209",2,3
COLOMBO,Santos;Portocel,Yjigar;Dirtmouth;Seireitei,20000,35000,"53,497209",2,3
COLOMBO,Santos;Portocel,Yjigar;Dirtmouth;Konoha,20000,35000,"49,297209",2,3
COLOMBO,Santos;Portocel,Yjigar;Dirtmouth;Ulthar,20000,35000,"53,497209",2,3
COLOMBO,Santos;Portocel,Yjigar;Konoha,20000,35000,"47,997209",2,3
COLOMBO,Santos;Portocel,Yjigar;Konoha;Promethea,20000,35000,"53,497209",2,3
COLOMBO,Santos;Portocel,Yjigar;Konoha;Seireitei,20000,35000,"53,497209",2,3
COLOMBO,Santos;Portocel,Yjigar;Konoha;Ulthar,20000,35000,"53,497209",2,3
COLOMBO,Santos;Portocel,Yjigar;Marineford,20000,35000,"52,197209",2,3
COLOMBO,Santos;Portocel,Yjigar;Marineford;Promethea,20000,35000,"53,497209",2,3
COLOMBO,Santos;Portocel,Yjigar;Marineford;Askr,20000,35000,"53,497209",2,3
COLOMBO,Santos;Portocel,Yjigar;Marineford;Seireitei,20000,35000,"53,497209",2,3
COLOMBO,Santos;Portocel,Yjigar;Marineford;Dirtmouth,20000,35000,"53,497209",2,3
COLOMBO,Santos;Portocel,Yjigar;Marineford;Konoha,20000,35000,"53,497209",2,3
COLOMBO,Santos;Portocel,Yjigar;Marineford;Ulthar,20000,35000,"53,497209",2,3
COLOMBO,Santos;Portocel,Yjigar;Ulthar,20000,35000,"52,197209",2,3
COLOMBO,Santos;Portocel,Yjigar;Ulthar;Promethea,20000,35000,"53,497209",2,3
COLOMBO,Santos;Portocel,Zuldazar;Promethea,20000,35000,"52,197209",2,3
COLOMBO,Santos;Portocel,Zuldazar;Askr,20000,35000,"47,997209",2,3
COLOMBO,Santos;Portocel,Zuldazar;Askr;Promethea,20000,35000,"53,497209",2,3
COLOMBO,Santos;Portocel,Zuldazar;Askr;Seireitei,20000,35000,"53,497209",2,3
COLOMBO,Santos;Portocel,Zuldazar;Askr;Dirtmouth,20000,35000,"49,297209",2,3
COLOMBO,Santos;Portocel,Zuldazar;Askr;Konoha,20000,35000,"49,297209",2,3
COLOMBO,Santos;Portocel,Zuldazar;Askr;Ulthar,20000,35000,"53,497209",2,3
COLOMBO,Santos;Portocel,Zuldazar;Seireitei,20000,35000,"52,197209",2,3
COLOMBO,Santos;Portocel,Zuldazar;Seireitei;Promethea,20000,35000,"53,497209",2,3
COLOMBO,Santos;Portocel,Zuldazar;Seireitei;Ulthar,20000,35000,"53,497209",2,3
COLOMBO,Santos;Portocel,Zuldazar;Dirtmouth,20000,35000,"47,997209",2,3
COLOMBO,Santos;Portocel,Zuldazar;Dirtmouth;Promethea,20000,35000,"53,497209",2,3
COLOMBO,Santos;Portocel,Zuldazar;Dirtmouth;Seireitei,20000,35000,"53,497209",2,3
COLOMBO,Santos;Portocel,Zuldazar;Dirtmouth;Konoha,20000,35000,"49,297209",2,3
COLOMBO,Santos;Portocel,Zuldazar;Dirtmouth;Ulthar,20000,35000,"53,497209",2,3
COLOMBO,Santos;Portocel,Zuldazar;Konoha,20000,35000,"46,997209",2,3
COLOMBO,Santos;Portocel,Zuldazar;Konoha;Promethea,20000,35000,"53,497209",2,3
COLOMBO,Santos;Portocel,Zuldazar;Konoha;Seireitei,20000,35000,"53,497209",2,3
COLOMBO,Santos;Portocel,Zuldazar;Konoha;Ulthar,20000,35000,"53,497209",2,3
COLOMBO,Santos;Portocel,Zuldazar;Marineford,20000,35000,"52,197209",2,3
COLOMBO,Santos;Portocel,Zuldazar;Marineford;Promethea,20000,35000,"53,497209",2,3
COLOMBO,Santos;Portocel,Zuldazar;Marineford;Askr,20000,35000,"53,497209",2,3
COLOMBO,Santos;Portocel,Zuldazar;Marineford;Seireitei,20000,35000,"53,497209",2,3
COLOMBO,Santos;Portocel,Zuldazar;Marineford;Dirtmouth,20000,35000,"53,497209",2,3
COLOMBO,Santos;Portocel,Zuldazar;Marineford;Konoha,20000,35000,"53,497209",2,3
COLOMBO,Santos;Portocel,Zuldazar;Marineford;Ulthar,20000,35000,"53,497209",2,3
COLOMBO,Santos;Portocel,Zuldazar;Ulthar,20000,35000,"52,197209",2,3
COLOMBO,Santos;Portocel,Zuldazar;Ulthar;Promethea,20000,35000,"53,497209",2,3
COLOMBO,Santos;Portocel,Zuldazar;Yjigar,20000,35000,"47,997209",2,3
COLOMBO,Santos;Portocel,Zuldazar;Yjigar;Promethea,20000,35000,"53,497209",2,3
COLOMBO,Santos;Portocel,Zuldazar;Yjigar;Askr,20000,35000,"49,297209",2,3
COLOMBO,Santos;Portocel,Zuldazar;Yjigar;Seireitei,20000,35000,"53,497209",2,3
COLOMBO,Santos;Portocel,Zuldazar;Yjigar;Dirtmouth,20000,35000,"49,297209",2,3
COLOMBO,Santos;Portocel,Zuldazar;Yjigar;Konoha,20000,35000,"49,297209",2,3
COLOMBO,Santos;Portocel,Zuldazar;Yjigar;Marineford,20000,35000,"53,497209",2,3
COLOMBO,Santos;Portocel,Zuldazar;Yjigar;Ulthar,20000,35000,"53,497209",2,3
COLOMBO,Portocel,Rlyeh,20000,35000,"44,34266355",2,3
COLOMBO,Portocel,Ngorim,20000,35000,"46,14266355",2,3
COLOMBO,Portocel,Konoha,20000,35000,"44,34266355",2,3
COLOMBO,Santos,Rlyeh,20000,35000,"44,34266355",2,3
COLOMBO,Santos,Ngorim,20000,35000,"46,14266355",2,3
COLOMBO,Santos,Konoha,20000,35000,"44,34266355",2,3
COLOMBO,Santos;Portocel,Rlyeh,20000,35000,"45,797209",2,3
COLOMBO,Santos;Portocel,Ngorim,20000,35000,"47,597209",2,3
COLOMBO,Santos;Portocel,Konoha,20000,35000,"45,797209",2,3
COLOMBO,Portocel,Lyngard,20000,35000,"44,84266355",2,3
COLOMBO,Portocel,Tahlenwald,20000,35000,"44,34266355",2,3
COLOMBO,Portocel,Dirtmouth,20000,35000,"45,34266355",2,3
COLOMBO,Portocel,Marineford,20000,35000,"49,54266355",2,3
COLOMBO,Santos,Promethea,20000,35000,"49,54266355",2,3
COLOMBO,Santos,Lyngard,20000,35000,"44,84266355",2,3
COLOMBO,Santos,Tahlenwald,20000,35000,"44,34266355",2,3
COLOMBO,Santos,Dirtmouth,20000,35000,"45,34266355",2,3
COLOMBO,Santos,Marineford,20000,35000,"49,54266355",2,3
COLOMBO,Santos;Portocel,Lyngard,20000,35000,"46,297209",2,3
COLOMBO,Santos;Portocel,Tahlenwald,20000,35000,"45,797209",2,3
COLOMBO,Santos;Portocel,Dirtmouth,20000,35000,"46,797209",2,3
COLOMBO,Santos;Portocel,Marineford,20000,35000,"50,997209",2,3
COLOMBO,Portocel,Nassauia,20000,35000,"43,34266355",2,3
COLOMBO,Portocel,Yjigar,20000,35000,"45,34266355",2,3
COLOMBO,Portocel,Zuldazar,20000,35000,"43,34266355",2,3
COLOMBO,Santos,Nassauia,20000,35000,"43,34266355",2,3
COLOMBO,Santos,Yjigar,20000,35000,"45,34266355",2,3
COLOMBO,Santos,Zuldazar,20000,35000,"43,34266355",2,3
COLOMBO,Santos;Portocel,Nassauia,20000,35000,"44,797209",2,3
COLOMBO,Santos;Portocel,Yjigar,20000,35000,"46,797209",2,3
COLOMBO,Santos;Portocel,Zuldazar,20000,35000,"44,797209",2,3
COLOMBO,Portocel,Promethea,20000,35000,"49,54266355",2,3
COLOMBO,Portocel,Seireitei,20000,35000,"49,54266355",2,3
COLOMBO,Portocel,Ulthar,20000,35000,"49,54266355",2,3
COLOMBO,Santos,Seireitei,20000,35000,"49,54266355",2,3
COLOMBO,Santos,Ulthar,20000,35000,"49,54266355",2,3
COLOMBO,Santos;Portocel,Promethea,20000,35000,"50,997209",2,3
COLOMBO,Santos;Portocel,Seireitei,20000,35000,"50,997209",2,3
COLOMBO,Santos;Portocel,Ulthar,20000,35000,"50,997209",2,3
COLOMBO,Portocel,Askr,20000,35000,"45,34266355",2,3
COLOMBO,Santos,Askr,20000,35000,"45,34266355",2,3
COLOMBO,Santos;Portocel,Askr,20000,35000,"46,797209",2,3
COLOMBO,Portocel,Midgar,20000,35000,"50,97832406",1,2
COLOMBO,Santos,Midgar,20000,35000,"50,97832406",1,2
COLOMBO,Santos;Portocel,Midgar,20000,35000,"52,43286951",1,2
COLOMBO,Portocel,Skellige;Limoria,20000,35000,"34,48681322",1,2
COLOMBO,Portocel,Skellige;Resembool,20000,35000,"38,08681322",1,2
COLOMBO,Portocel,Liones;Drinmoor,20000,35000,"38,18205173",1,2
COLOMBO,Portocel,Liones;Limoria,20000,35000,"38,18339758",1,2
COLOMBO,Portocel,Liones;Limoria;Drinmoor,20000,35000,"40,23364851",1,2
COLOMBO,Portocel,Liones;Mondstadt,20000,35000,"38,22754477",1,2
COLOMBO,Portocel,Liones;Mondstadt;Drinmoor,20000,35000,"40,33454575",1,2
COLOMBO,Portocel,Liones;Mondstadt;Limoria,20000,35000,"40,33544298",1,2
COLOMBO,Portocel,Liones;Mondstadt;Limoria;Drinmoor,20000,35000,"42,88569392",1,2
COLOMBO,Portocel,Liones;Resembool,20000,35000,"41,89398165",1,2
COLOMBO,Portocel,Liones;Resembool;Drinmoor,20000,35000,"44,27867653",1,2
COLOMBO,Portocel,Liones;Resembool;Limoria,20000,35000,"44,27957376",1,2
COLOMBO,Portocel,Liones;Resembool;Limoria;Drinmoor,20000,35000,"46,8298247",1,2
COLOMBO,Portocel,Liones;Resembool;Mondstadt,20000,35000,"44,22372095",1,2
COLOMBO,Portocel,Liones;Resembool;Mondstadt;Drinmoor,20000,35000,"46,83072193",1,2
COLOMBO,Portocel,Liones;Resembool;Mondstadt;Limoria,20000,35000,"46,83161916",1,2
COLOMBO,Portocel,Liones;Resembool;Mondstadt;Limoria;Drinmoor,20000,35000,"49,3818701",1,2
COLOMBO,Portocel,Liones;Prontera,20000,35000,"37,33426183",1,2
COLOMBO,Portocel,Liones;Prontera;Drinmoor,20000,35000,"40,68091961",1,2
COLOMBO,Portocel,Liones;Prontera;Limoria,20000,35000,"40,68181684",1,2
COLOMBO,Portocel,Liones;Prontera;Limoria;Drinmoor,20000,35000,"43,23206778",1,2
COLOMBO,Portocel,Liones;Prontera;Mondstadt,20000,35000,"40,72641265",1,2
COLOMBO,Portocel,Liones;Prontera;Mondstadt;Drinmoor,20000,35000,"43,33341363",1,2
COLOMBO,Portocel,Liones;Prontera;Mondstadt;Limoria,20000,35000,"43,33431086",1,2
COLOMBO,Portocel,Liones;Prontera;Mondstadt;Limoria;Drinmoor,20000,35000,"45,8845618",1,2
COLOMBO,Portocel,Liones;Prontera;Resembool,20000,35000,"44,39060645",1,2
COLOMBO,Portocel,Liones;Prontera;Resembool;Drinmoor,20000,35000,"47,27530133",1,2
COLOMBO,Portocel,Liones;Prontera;Resembool;Limoria,20000,35000,"47,27619856",1,2
COLOMBO,Portocel,Liones;Prontera;Resembool;Limoria;Drinmoor,20000,35000,"49,8264495",1,2
COLOMBO,Portocel,Liones;Prontera;Resembool;Mondstadt,20000,35000,"47,22034575",1,2
COLOMBO,Portocel,Liones;Prontera;Resembool;Mondstadt;Drinmoor,20000,35000,"49,82734673",1,2
COLOMBO,Portocel,Liones;Prontera;Resembool;Mondstadt;Limoria,20000,35000,"49,82824396",1,2
COLOMBO,Portocel,Liones;Nibelheim,20000,35000,"30,69236195",1,2
COLOMBO,Portocel,Liones;Nibelheim;Drinmoor,20000,35000,"40,23903192",1,2
COLOMBO,Portocel,Liones;Nibelheim;Limoria,20000,35000,"40,23992915",1,2
COLOMBO,Portocel,Liones;Nibelheim;Limoria;Drinmoor,20000,35000,"42,79018009",1,2
COLOMBO,Portocel,Liones;Nibelheim;Mondstadt,20000,35000,"40,28452496",1,2
COLOMBO,Portocel,Liones;Nibelheim;Mondstadt;Drinmoor,20000,35000,"42,89152594",1,2
COLOMBO,Portocel,Liones;Nibelheim;Mondstadt;Limoria,20000,35000,"42,89242317",1,2
COLOMBO,Portocel,Liones;Nibelheim;Mondstadt;Limoria;Drinmoor,20000,35000,"45,44267411",1,2
COLOMBO,Portocel,Liones;Nibelheim;Resembool,20000,35000,"43,95051323",1,2
COLOMBO,Portocel,Liones;Nibelheim;Resembool;Drinmoor,20000,35000,"46,8352081",1,2
COLOMBO,Portocel,Liones;Nibelheim;Resembool;Limoria,20000,35000,"46,83610533",1,2
COLOMBO,Portocel,Liones;Nibelheim;Resembool;Limoria;Drinmoor,20000,35000,"49,38635627",1,2
COLOMBO,Portocel,Liones;Nibelheim;Resembool;Mondstadt,20000,35000,"46,78025252",1,2
COLOMBO,Portocel,Liones;Nibelheim;Resembool;Mondstadt;Drinmoor,20000,35000,"49,3872535",1,2
COLOMBO,Portocel,Liones;Nibelheim;Resembool;Mondstadt;Limoria,20000,35000,"49,38815074",1,2
COLOMBO,Portocel,Liones;Nibelheim;Prontera,20000,35000,"38,39124202",1,2
COLOMBO,Portocel,Liones;Nibelheim;Prontera;Drinmoor,20000,35000,"43,2378998",1,2
COLOMBO,Portocel,Liones;Nibelheim;Prontera;Limoria,20000,35000,"43,23879703",1,2
COLOMBO,Portocel,Liones;Nibelheim;Prontera;Limoria;Drinmoor,20000,35000,"45,78904797",1,2
COLOMBO,Portocel,Liones;Nibelheim;Prontera;Mondstadt,20000,35000,"43,28339284",1,2
COLOMBO,Portocel,Liones;Nibelheim;Prontera;Mondstadt;Drinmoor,20000,35000,"45,89039382",1,2
COLOMBO,Portocel,Liones;Nibelheim;Prontera;Mondstadt;Limoria,20000,35000,"45,89129105",1,2
COLOMBO,Portocel,Liones;Nibelheim;Prontera;Resembool,20000,35000,"46,94758664",1,2
COLOMBO,Portocel,Liones;Nibelheim;Prontera;Resembool;Drinmoor,20000,35000,"49,83228152",1,2
COLOMBO,Portocel,Liones;Nibelheim;Prontera;Resembool;Limoria,20000,35000,"49,83317875",1,2
COLOMBO,Portocel,Liones;Nibelheim;Prontera;Resembool;Mondstadt,20000,35000,"49,77732594",1,2
COLOMBO,Portocel,Liones;Savois,20000,35000,"30,18671266",1,2
COLOMBO,Portocel,Liones;Savois;Drinmoor,20000,35000,"40,30632446",1,2
COLOMBO,Portocel,Liones;Savois;Limoria,20000,35000,"40,30722169",1,2
COLOMBO,Portocel,Liones;Savois;Limoria;Drinmoor,20000,35000,"42,85747263",1,2
COLOMBO,Portocel,Liones;Savois;Mondstadt,20000,35000,"40,3518175",1,2
COLOMBO,Portocel,Liones;Savois;Mondstadt;Drinmoor,20000,35000,"42,95881848",1,2
COLOMBO,Portocel,Liones;Savois;Mondstadt;Limoria,20000,35000,"42,95971571",1,2
COLOMBO,Portocel,Liones;Savois;Mondstadt;Limoria;Drinmoor,20000,35000,"45,50996665",1,2
COLOMBO,Portocel,Liones;Savois;Resembool,20000,35000,"44,01780577",1,2
COLOMBO,Portocel,Liones;Savois;Resembool;Drinmoor,20000,35000,"46,90250064",1,2
COLOMBO,Portocel,Liones;Savois;Resembool;Limoria,20000,35000,"46,90339788",1,2
COLOMBO,Portocel,Liones;Savois;Resembool;Limoria;Drinmoor,20000,35000,"49,45364881",1,2
COLOMBO,Portocel,Liones;Savois;Resembool;Mondstadt,20000,35000,"46,84754506",1,2
COLOMBO,Portocel,Liones;Savois;Resembool;Mondstadt;Drinmoor,20000,35000,"49,45454604",1,2
COLOMBO,Portocel,Liones;Savois;Resembool;Mondstadt;Limoria,20000,35000,"49,45544328",1,2
COLOMBO,Portocel,Liones;Savois;Prontera,20000,35000,"38,45853456",1,2
COLOMBO,Portocel,Liones;Savois;Prontera;Drinmoor,20000,35000,"43,30519234",1,2
COLOMBO,Portocel,Liones;Savois;Prontera;Limoria,20000,35000,"43,30608958",1,2
COLOMBO,Portocel,Liones;Savois;Prontera;Limoria;Drinmoor,20000,35000,"45,85634051",1,2
COLOMBO,Portocel,Liones;Savois;Prontera;Mondstadt,20000,35000,"43,35068538",1,2
COLOMBO,Portocel,Liones;Savois;Prontera;Mondstadt;Drinmoor,20000,35000,"45,95768636",1,2
COLOMBO,Portocel,Liones;Savois;Prontera;Mondstadt;Limoria,20000,35000,"45,9585836",1,2
COLOMBO,Portocel,Liones;Savois;Prontera;Resembool,20000,35000,"47,01487919",1,2
COLOMBO,Portocel,Liones;Savois;Prontera;Resembool;Drinmoor,20000,35000,"49,89957406",1,2
COLOMBO,Portocel,Liones;Savois;Prontera;Resembool;Limoria,20000,35000,"49,90047129",1,2
COLOMBO,Portocel,Liones;Savois;Prontera;Resembool;Mondstadt,20000,35000,"49,84461848",1,2
COLOMBO,Portocel,Liones;Savois;Nibelheim,20000,35000,"32,51663468",1,2
COLOMBO,Portocel,Liones;Savois;Nibelheim;Drinmoor,20000,35000,"42,86330465",1,2
COLOMBO,Portocel,Liones;Savois;Nibelheim;Limoria,20000,35000,"42,86420188",1,2
COLOMBO,Portocel,Liones;Savois;Nibelheim;Limoria;Drinmoor,20000,35000,"45,41445282",1,2
COLOMBO,Portocel,Liones;Savois;Nibelheim;Mondstadt,20000,35000,"42,90879769",1,2
COLOMBO,Portocel,Liones;Savois;Nibelheim;Mondstadt;Drinmoor,20000,35000,"45,51579867",1,2
COLOMBO,Portocel,Liones;Savois;Nibelheim;Mondstadt;Limoria,20000,35000,"45,5166959",1,2
COLOMBO,Portocel,Liones;Savois;Nibelheim;Resembool,20000,35000,"46,57478596",1,2
COLOMBO,Portocel,Liones;Savois;Nibelheim;Resembool;Drinmoor,20000,35000,"49,45948083",1,2
COLOMBO,Portocel,Liones;Savois;Nibelheim;Resembool;Limoria,20000,35000,"49,46037806",1,2
COLOMBO,Portocel,Liones;Savois;Nibelheim;Resembool;Mondstadt,20000,35000,"49,40452525",1,2
COLOMBO,Portocel,Liones;Savois;Nibelheim;Prontera,20000,35000,"41,34352392",1,2
COLOMBO,Portocel,Liones;Savois;Nibelheim;Prontera;Drinmoor,20000,35000,"45,86217253",1,2
COLOMBO,Portocel,Liones;Savois;Nibelheim;Prontera;Limoria,20000,35000,"45,86306977",1,2
COLOMBO,Portocel,Liones;Savois;Nibelheim;Prontera;Mondstadt,20000,35000,"45,90766557",1,2
COLOMBO,Portocel,Liones;Savois;Nibelheim;Prontera;Resembool,20000,35000,"49,57185938",1,2
COLOMBO,Portocel,Resembool;Limoria;Drinmoor,20000,35000,"40,08681322",1,2
COLOMBO,Portocel,Resembool;Mondstadt;Drinmoor,20000,35000,"40,08681322",1,2
COLOMBO,Portocel,Resembool;Mondstadt;Limoria,20000,35000,"40,08681322",1,2
COLOMBO,Portocel,Resembool;Mondstadt;Limoria;Drinmoor,20000,35000,"42,58681322",1,2
COLOMBO,Portocel,Prontera;Drinmoor,20000,35000,"38,33727319",1,2
COLOMBO,Portocel,Prontera;Limoria,20000,35000,"38,33817042",1,2
COLOMBO,Portocel,Prontera;Limoria;Drinmoor,20000,35000,"40,38842136",1,2
COLOMBO,Portocel,Prontera;Mondstadt,20000,35000,"38,38276623",1,2
COLOMBO,Portocel,Prontera;Mondstadt;Drinmoor,20000,35000,"40,48976721",1,2
COLOMBO,Portocel,Prontera;Mondstadt;Limoria,20000,35000,"40,49066444",1,2
COLOMBO,Portocel,Prontera;Mondstadt;Limoria;Drinmoor,20000,35000,"43,04091538",1,2
COLOMBO,Portocel,Prontera;Resembool,20000,35000,"42,04696003",1,2
COLOMBO,Portocel,Prontera;Resembool;Drinmoor,20000,35000,"44,43165491",1,2
COLOMBO,Portocel,Prontera;Resembool;Limoria,20000,35000,"44,43255214",1,2
COLOMBO,Portocel,Prontera;Resembool;Limoria;Drinmoor,20000,35000,"46,98280308",1,2
COLOMBO,Portocel,Prontera;Resembool;Mondstadt,20000,35000,"44,37669933",1,2
COLOMBO,Portocel,Prontera;Resembool;Mondstadt;Drinmoor,20000,35000,"46,98370031",1,2
COLOMBO,Portocel,Prontera;Resembool;Mondstadt;Limoria,20000,35000,"46,98459754",1,2
COLOMBO,Portocel,Prontera;Resembool;Mondstadt;Limoria;Drinmoor,20000,35000,"49,53484848",1,2
COLOMBO,Portocel,Nibelheim;Drinmoor,20000,35000,"38,0992819",1,2
COLOMBO,Portocel,Nibelheim;Limoria,20000,35000,"38,10017913",1,2
COLOMBO,Portocel,Nibelheim;Limoria;Drinmoor,20000,35000,"40,15043007",1,2
COLOMBO,Portocel,Nibelheim;Mondstadt,20000,35000,"38,14477494",1,2
COLOMBO,Portocel,Nibelheim;Mondstadt;Drinmoor,20000,35000,"40,25177592",1,2
COLOMBO,Portocel,Nibelheim;Mondstadt;Limoria,20000,35000,"40,25267315",1,2
COLOMBO,Portocel,Nibelheim;Mondstadt;Limoria;Drinmoor,20000,35000,"42,80292409",1,2
COLOMBO,Portocel,Nibelheim;Resembool,20000,35000,"41,81076321",1,2
COLOMBO,Portocel,Nibelheim;Resembool;Drinmoor,20000,35000,"44,19545808",1,2
COLOMBO,Portocel,Nibelheim;Resembool;Limoria,20000,35000,"44,19635532",1,2
COLOMBO,Portocel,Nibelheim;Resembool;Limoria;Drinmoor,20000,35000,"46,74660625",1,2
COLOMBO,Portocel,Nibelheim;Resembool;Mondstadt,20000,35000,"44,14050251",1,2
COLOMBO,Portocel,Nibelheim;Resembool;Mondstadt;Drinmoor,20000,35000,"46,74750349",1,2
COLOMBO,Portocel,Nibelheim;Resembool;Mondstadt;Limoria,20000,35000,"46,74840072",1,2
COLOMBO,Portocel,Nibelheim;Resembool;Mondstadt;Limoria;Drinmoor,20000,35000,"49,29865165",1,2
COLOMBO,Portocel,Nibelheim;Prontera,20000,35000,"37,251492",1,2
COLOMBO,Portocel,Nibelheim;Prontera;Drinmoor,20000,35000,"40,59814978",1,2
COLOMBO,Portocel,Nibelheim;Prontera;Limoria,20000,35000,"40,59904702",1,2
COLOMBO,Portocel,Nibelheim;Prontera;Limoria;Drinmoor,20000,35000,"43,14929795",1,2
COLOMBO,Portocel,Nibelheim;Prontera;Mondstadt,20000,35000,"40,64364282",1,2
COLOMBO,Portocel,Nibelheim;Prontera;Mondstadt;Drinmoor,20000,35000,"43,2506438",1,2
COLOMBO,Portocel,Nibelheim;Prontera;Mondstadt;Limoria,20000,35000,"43,25154104",1,2
COLOMBO,Portocel,Nibelheim;Prontera;Mondstadt;Limoria;Drinmoor,20000,35000,"45,80179197",1,2
COLOMBO,Portocel,Nibelheim;Prontera;Resembool,20000,35000,"44,30783663",1,2
COLOMBO,Portocel,Nibelheim;Prontera;Resembool;Drinmoor,20000,35000,"47,1925315",1,2
COLOMBO,Portocel,Nibelheim;Prontera;Resembool;Limoria,20000,35000,"47,19342873",1,2
COLOMBO,Portocel,Nibelheim;Prontera;Resembool;Limoria;Drinmoor,20000,35000,"49,74367967",1,2
COLOMBO,Portocel,Nibelheim;Prontera;Resembool;Mondstadt,20000,35000,"47,13757592",1,2
COLOMBO,Portocel,Nibelheim;Prontera;Resembool;Mondstadt;Drinmoor,20000,35000,"49,7445769",1,2
COLOMBO,Portocel,Nibelheim;Prontera;Resembool;Mondstadt;Limoria,20000,35000,"49,74547414",1,2
COLOMBO,Portocel,Savois;Drinmoor,20000,35000,"38,21076321",1,2
COLOMBO,Portocel,Savois;Limoria,20000,35000,"38,21166044",1,2
COLOMBO,Portocel,Savois;Limoria;Drinmoor,20000,35000,"40,26191138",1,2
COLOMBO,Portocel,Savois;Mondstadt,20000,35000,"38,25625625",1,2
COLOMBO,Portocel,Savois;Mondstadt;Drinmoor,20000,35000,"40,36325723",1,2
COLOMBO,Portocel,Savois;Mondstadt;Limoria,20000,35000,"40,36415446",1,2
COLOMBO,Portocel,Savois;Mondstadt;Limoria;Drinmoor,20000,35000,"42,9144054",1,2
COLOMBO,Portocel,Savois;Resembool,20000,35000,"41,92224452",1,2
COLOMBO,Portocel,Savois;Resembool;Drinmoor,20000,35000,"44,30693939",1,2
COLOMBO,Portocel,Savois;Resembool;Limoria,20000,35000,"44,30783663",1,2
COLOMBO,Portocel,Savois;Resembool;Limoria;Drinmoor,20000,35000,"46,85808756",1,2
COLOMBO,Portocel,Savois;Resembool;Mondstadt,20000,35000,"44,25198382",1,2
COLOMBO,Portocel,Savois;Resembool;Mondstadt;Drinmoor,20000,35000,"46,8589848",1,2
COLOMBO,Portocel,Savois;Resembool;Mondstadt;Limoria,20000,35000,"46,85988203",1,2
COLOMBO,Portocel,Savois;Resembool;Mondstadt;Limoria;Drinmoor,20000,35000,"49,41013297",1,2
COLOMBO,Portocel,Savois;Prontera,20000,35000,"37,36297332",1,2
COLOMBO,Portocel,Savois;Prontera;Drinmoor,20000,35000,"40,7096311",1,2
COLOMBO,Portocel,Savois;Prontera;Limoria,20000,35000,"40,71052833",1,2
COLOMBO,Portocel,Savois;Prontera;Limoria;Drinmoor,20000,35000,"43,26077926",1,2
COLOMBO,Portocel,Savois;Prontera;Mondstadt,20000,35000,"40,75512414",1,2
COLOMBO,Portocel,Savois;Prontera;Mondstadt;Drinmoor,20000,35000,"43,36212512",1,2
COLOMBO,Portocel,Savois;Prontera;Mondstadt;Limoria,20000,35000,"43,36302235",1,2
COLOMBO,Portocel,Savois;Prontera;Mondstadt;Limoria;Drinmoor,20000,35000,"45,91327329",1,2
COLOMBO,Portocel,Savois;Prontera;Resembool,20000,35000,"44,41931794",1,2
COLOMBO,Portocel,Savois;Prontera;Resembool;Drinmoor,20000,35000,"47,30401281",1,2
COLOMBO,Portocel,Savois;Prontera;Resembool;Limoria,20000,35000,"47,30491004",1,2
COLOMBO,Portocel,Savois;Prontera;Resembool;Limoria;Drinmoor,20000,35000,"49,85516098",1,2
COLOMBO,Portocel,Savois;Prontera;Resembool;Mondstadt,20000,35000,"47,24905723",1,2
COLOMBO,Portocel,Savois;Prontera;Resembool;Mondstadt;Drinmoor,20000,35000,"49,85605821",1,2
COLOMBO,Portocel,Savois;Prontera;Resembool;Mondstadt;Limoria,20000,35000,"49,85695545",1,2
COLOMBO,Portocel,Savois;Nibelheim,20000,35000,"30,72107343",1,2
COLOMBO,Portocel,Savois;Nibelheim;Drinmoor,20000,35000,"40,2677434",1,2
COLOMBO,Portocel,Savois;Nibelheim;Limoria,20000,35000,"40,26864063",1,2
COLOMBO,Portocel,Savois;Nibelheim;Limoria;Drinmoor,20000,35000,"42,81889157",1,2
COLOMBO,Portocel,Savois;Nibelheim;Mondstadt,20000,35000,"40,31323644",1,2
COLOMBO,Portocel,Savois;Nibelheim;Mondstadt;Drinmoor,20000,35000,"42,92023742",1,2
COLOMBO,Portocel,Savois;Nibelheim;Mondstadt;Limoria,20000,35000,"42,92113465",1,2
COLOMBO,Portocel,Savois;Nibelheim;Mondstadt;Limoria;Drinmoor,20000,35000,"45,47138559",1,2
COLOMBO,Portocel,Savois;Nibelheim;Resembool,20000,35000,"43,97922471",1,2
COLOMBO,Portocel,Savois;Nibelheim;Resembool;Drinmoor,20000,35000,"46,86391958",1,2
COLOMBO,Portocel,Savois;Nibelheim;Resembool;Limoria,20000,35000,"46,86481682",1,2
COLOMBO,Portocel,Savois;Nibelheim;Resembool;Limoria;Drinmoor,20000,35000,"49,41506775",1,2
COLOMBO,Portocel,Savois;Nibelheim;Resembool;Mondstadt,20000,35000,"46,80896401",1,2
COLOMBO,Portocel,Savois;Nibelheim;Resembool;Mondstadt;Drinmoor,20000,35000,"49,41596499",1,2
COLOMBO,Portocel,Savois;Nibelheim;Resembool;Mondstadt;Limoria,20000,35000,"49,41686222",1,2
COLOMBO,Portocel,Savois;Nibelheim;Prontera,20000,35000,"38,41995351",1,2
COLOMBO,Portocel,Savois;Nibelheim;Prontera;Drinmoor,20000,35000,"43,26661129",1,2
COLOMBO,Portocel,Savois;Nibelheim;Prontera;Limoria,20000,35000,"43,26750852",1,2
COLOMBO,Portocel,Savois;Nibelheim;Prontera;Limoria;Drinmoor,20000,35000,"45,81775945",1,2
COLOMBO,Portocel,Savois;Nibelheim;Prontera;Mondstadt,20000,35000,"43,31210433",1,2
COLOMBO,Portocel,Savois;Nibelheim;Prontera;Mondstadt;Drinmoor,20000,35000,"45,91910531",1,2
COLOMBO,Portocel,Savois;Nibelheim;Prontera;Mondstadt;Limoria,20000,35000,"45,92000254",1,2
COLOMBO,Portocel,Savois;Nibelheim;Prontera;Resembool,20000,35000,"46,97629813",1,2
COLOMBO,Portocel,Savois;Nibelheim;Prontera;Resembool;Drinmoor,20000,35000,"49,860993",1,2
COLOMBO,Portocel,Savois;Nibelheim;Prontera;Resembool;Limoria,20000,35000,"49,86189023",1,2
COLOMBO,Portocel,Savois;Nibelheim;Prontera;Resembool;Mondstadt,20000,35000,"49,80603742",1,2
COLOMBO,Portocel,Tartarus,20000,35000,"27,33234101",1,2
COLOMBO,Portocel,Tartarus;Drinmoor,20000,35000,"38,22601619",1,2
COLOMBO,Portocel,Tartarus;Limoria,20000,35000,"38,22736204",1,2
COLOMBO,Portocel,Tartarus;Limoria;Drinmoor,20000,35000,"40,27761297",1,2
COLOMBO,Portocel,Tartarus;Liones,20000,35000,"30,26252892",1,2
COLOMBO,Portocel,Tartarus;Liones;Drinmoor,20000,35000,"40,34535413",1,2
COLOMBO,Portocel,Tartarus;Liones;Limoria,20000,35000,"40,34669998",1,2
COLOMBO,Portocel,Tartarus;Liones;Limoria;Drinmoor,20000,35000,"42,89695092",1,2
COLOMBO,Portocel,Tartarus;Liones;Mondstadt,20000,35000,"40,39084717",1,2
COLOMBO,Portocel,Tartarus;Liones;Mondstadt;Drinmoor,20000,35000,"42,99784815",1,2
COLOMBO,Portocel,Tartarus;Liones;Mondstadt;Limoria,20000,35000,"42,99874539",1,2
COLOMBO,Portocel,Tartarus;Liones;Mondstadt;Limoria;Drinmoor,20000,35000,"45,54899632",1,2
COLOMBO,Portocel,Tartarus;Liones;Resembool,20000,35000,"44,05728406",1,2
COLOMBO,Portocel,Tartarus;Liones;Resembool;Drinmoor,20000,35000,"46,94197893",1,2
COLOMBO,Portocel,Tartarus;Liones;Resembool;Limoria,20000,35000,"46,94287617",1,2
COLOMBO,Portocel,Tartarus;Liones;Resembool;Limoria;Drinmoor,20000,35000,"49,4931271",1,2
COLOMBO,Portocel,Tartarus;Liones;Resembool;Mondstadt,20000,35000,"46,88702336",1,2
COLOMBO,Portocel,Tartarus;Liones;Resembool;Mondstadt;Drinmoor,20000,35000,"49,49402434",1,2
COLOMBO,Portocel,Tartarus;Liones;Resembool;Mondstadt;Limoria,20000,35000,"49,49492157",1,2
COLOMBO,Portocel,Tartarus;Liones;Prontera,20000,35000,"38,16955507",1,2
COLOMBO,Portocel,Tartarus;Liones;Prontera;Drinmoor,20000,35000,"43,34422202",1,2
COLOMBO,Portocel,Tartarus;Liones;Prontera;Limoria,20000,35000,"43,34511925",1,2
COLOMBO,Portocel,Tartarus;Liones;Prontera;Limoria;Drinmoor,20000,35000,"45,89537019",1,2
COLOMBO,Portocel,Tartarus;Liones;Prontera;Mondstadt,20000,35000,"43,38971506",1,2
COLOMBO,Portocel,Tartarus;Liones;Prontera;Mondstadt;Drinmoor,20000,35000,"45,99671604",1,2
COLOMBO,Portocel,Tartarus;Liones;Prontera;Mondstadt;Limoria,20000,35000,"45,99761327",1,2
COLOMBO,Portocel,Tartarus;Liones;Prontera;Resembool,20000,35000,"47,05390886",1,2
COLOMBO,Portocel,Tartarus;Liones;Prontera;Resembool;Drinmoor,20000,35000,"49,93860373",1,2
COLOMBO,Portocel,Tartarus;Liones;Prontera;Resembool;Limoria,20000,35000,"49,93950097",1,2
COLOMBO,Portocel,Tartarus;Liones;Prontera;Resembool;Mondstadt,20000,35000,"49,88364816",1,2
COLOMBO,Portocel,Tartarus;Liones;Nibelheim,20000,35000,"32,88367352",1,2
COLOMBO,Portocel,Tartarus;Liones;Nibelheim;Drinmoor,20000,35000,"42,90233432",1,2
COLOMBO,Portocel,Tartarus;Liones;Nibelheim;Limoria,20000,35000,"42,90323156",1,2
COLOMBO,Portocel,Tartarus;Liones;Nibelheim;Limoria;Drinmoor,20000,35000,"45,45348249",1,2
COLOMBO,Portocel,Tartarus;Liones;Nibelheim;Mondstadt,20000,35000,"42,94782736",1,2
COLOMBO,Portocel,Tartarus;Liones;Nibelheim;Mondstadt;Drinmoor,20000,35000,"45,55482834",1,2
COLOMBO,Portocel,Tartarus;Liones;Nibelheim;Mondstadt;Limoria,20000,35000,"45,55572558",1,2
COLOMBO,Portocel,Tartarus;Liones;Nibelheim;Resembool,20000,35000,"46,61381563",1,2
COLOMBO,Portocel,Tartarus;Liones;Nibelheim;Resembool;Drinmoor,20000,35000,"49,49851051",1,2
COLOMBO,Portocel,Tartarus;Liones;Nibelheim;Resembool;Limoria,20000,35000,"49,49940774",1,2
COLOMBO,Portocel,Tartarus;Liones;Nibelheim;Resembool;Mondstadt,20000,35000,"49,44355493",1,2
COLOMBO,Portocel,Tartarus;Liones;Nibelheim;Prontera,20000,35000,"41,3825536",1,2
COLOMBO,Portocel,Tartarus;Liones;Nibelheim;Prontera;Drinmoor,20000,35000,"45,90120221",1,2
COLOMBO,Portocel,Tartarus;Liones;Nibelheim;Prontera;Limoria,20000,35000,"45,90209944",1,2
COLOMBO,Portocel,Tartarus;Liones;Nibelheim;Prontera;Mondstadt,20000,35000,"45,94669525",1,2
COLOMBO,Portocel,Tartarus;Liones;Nibelheim;Prontera;Resembool,20000,35000,"49,61088905",1,2
COLOMBO,Portocel,Tartarus;Liones;Savois,20000,35000,"32,47802423",1,2
COLOMBO,Portocel,Tartarus;Liones;Savois;Drinmoor,20000,35000,"42,96962686",1,2
COLOMBO,Portocel,Tartarus;Liones;Savois;Limoria,20000,35000,"42,9705241",1,2
COLOMBO,Portocel,Tartarus;Liones;Savois;Limoria;Drinmoor,20000,35000,"45,52077503",1,2
COLOMBO,Portocel,Tartarus;Liones;Savois;Mondstadt,20000,35000,"43,01511991",1,2
COLOMBO,Portocel,Tartarus;Liones;Savois;Mondstadt;Drinmoor,20000,35000,"45,62212089",1,2
COLOMBO,Portocel,Tartarus;Liones;Savois;Mondstadt;Limoria,20000,35000,"45,62301812",1,2
COLOMBO,Portocel,Tartarus;Liones;Savois;Resembool,20000,35000,"46,68110818",1,2
COLOMBO,Portocel,Tartarus;Liones;Savois;Resembool;Drinmoor,20000,35000,"49,56580305",1,2
COLOMBO,Portocel,Tartarus;Liones;Savois;Resembool;Limoria,20000,35000,"49,56670028",1,2
COLOMBO,Portocel,Tartarus;Liones;Savois;Resembool;Mondstadt,20000,35000,"49,51084747",1,2
COLOMBO,Portocel,Tartarus;Liones;Savois;Prontera,20000,35000,"41,44984614",1,2
COLOMBO,Portocel,Tartarus;Liones;Savois;Prontera;Drinmoor,20000,35000,"45,96849475",1,2
COLOMBO,Portocel,Tartarus;Liones;Savois;Prontera;Limoria,20000,35000,"45,96939198",1,2
COLOMBO,Portocel,Tartarus;Liones;Savois;Prontera;Mondstadt,20000,35000,"46,01398779",1,2
COLOMBO,Portocel,Tartarus;Liones;Savois;Prontera;Resembool,20000,35000,"49,67818159",1,2
COLOMBO,Portocel,Tartarus;Liones;Savois;Nibelheim,20000,35000,"35,50794626",1,2
COLOMBO,Portocel,Tartarus;Liones;Savois;Nibelheim;Drinmoor,20000,35000,"45,52660705",1,2
COLOMBO,Portocel,Tartarus;Liones;Savois;Nibelheim;Limoria,20000,35000,"45,52750429",1,2
COLOMBO,Portocel,Tartarus;Liones;Savois;Nibelheim;Mondstadt,20000,35000,"45,5721001",1,2
COLOMBO,Portocel,Tartarus;Liones;Savois;Nibelheim;Resembool,20000,35000,"49,23808837",1,2
COLOMBO,Portocel,Tartarus;Liones;Savois;Nibelheim;Prontera,20000,35000,"44,00682633",1,2
COLOMBO,Portocel,Tartarus;Mondstadt,20000,35000,"38,27150923",1,2
COLOMBO,Portocel,Tartarus;Mondstadt;Drinmoor,20000,35000,"40,37851021",1,2
COLOMBO,Portocel,Tartarus;Mondstadt;Limoria,20000,35000,"40,37940744",1,2
COLOMBO,Portocel,Tartarus;Mondstadt;Limoria;Drinmoor,20000,35000,"42,92965838",1,2
COLOMBO,Portocel,Tartarus;Resembool,20000,35000,"41,93570303",1,2
COLOMBO,Portocel,Tartarus;Resembool;Drinmoor,20000,35000,"44,3203979",1,2
COLOMBO,Portocel,Tartarus;Resembool;Limoria,20000,35000,"44,32129514",1,2
COLOMBO,Portocel,Tartarus;Resembool;Limoria;Drinmoor,20000,35000,"46,87154607",1,2
COLOMBO,Portocel,Tartarus;Resembool;Mondstadt,20000,35000,"44,26544233",1,2
COLOMBO,Portocel,Tartarus;Resembool;Mondstadt;Drinmoor,20000,35000,"46,87244331",1,2
COLOMBO,Portocel,Tartarus;Resembool;Mondstadt;Limoria,20000,35000,"46,87334054",1,2
COLOMBO,Portocel,Tartarus;Resembool;Mondstadt;Limoria;Drinmoor,20000,35000,"49,42359148",1,2
COLOMBO,Portocel,Tartarus;Prontera,20000,35000,"37,38181523",1,2
COLOMBO,Portocel,Tartarus;Prontera;Drinmoor,20000,35000,"40,72847301",1,2
COLOMBO,Portocel,Tartarus;Prontera;Limoria,20000,35000,"40,72937024",1,2
COLOMBO,Portocel,Tartarus;Prontera;Limoria;Drinmoor,20000,35000,"43,27962118",1,2
COLOMBO,Portocel,Tartarus;Prontera;Mondstadt,20000,35000,"40,77396605",1,2
COLOMBO,Portocel,Tartarus;Prontera;Mondstadt;Drinmoor,20000,35000,"43,38096703",1,2
COLOMBO,Portocel,Tartarus;Prontera;Mondstadt;Limoria,20000,35000,"43,38186426",1,2
COLOMBO,Portocel,Tartarus;Prontera;Mondstadt;Limoria;Drinmoor,20000,35000,"45,9321152",1,2
COLOMBO,Portocel,Tartarus;Prontera;Resembool,20000,35000,"44,43815985",1,2
COLOMBO,Portocel,Tartarus;Prontera;Resembool;Drinmoor,20000,35000,"47,32285472",1,2
COLOMBO,Portocel,Tartarus;Prontera;Resembool;Limoria,20000,35000,"47,32375196",1,2
COLOMBO,Portocel,Tartarus;Prontera;Resembool;Limoria;Drinmoor,20000,35000,"49,87400289",1,2
COLOMBO,Portocel,Tartarus;Prontera;Resembool;Mondstadt,20000,35000,"47,26789915",1,2
COLOMBO,Portocel,Tartarus;Prontera;Resembool;Mondstadt;Drinmoor,20000,35000,"49,87490013",1,2
COLOMBO,Portocel,Tartarus;Prontera;Resembool;Mondstadt;Limoria,20000,35000,"49,87579736",1,2
COLOMBO,Portocel,Tartarus;Nibelheim,20000,35000,"30,76055172",1,2
COLOMBO,Portocel,Tartarus;Nibelheim;Drinmoor,20000,35000,"40,30722169",1,2
COLOMBO,Portocel,Tartarus;Nibelheim;Limoria,20000,35000,"40,30811893",1,2
COLOMBO,Portocel,Tartarus;Nibelheim;Limoria;Drinmoor,20000,35000,"42,85836986",1,2
COLOMBO,Portocel,Tartarus;Nibelheim;Mondstadt,20000,35000,"40,35271473",1,2
COLOMBO,Portocel,Tartarus;Nibelheim;Mondstadt;Drinmoor,20000,35000,"42,95971571",1,2
COLOMBO,Portocel,Tartarus;Nibelheim;Mondstadt;Limoria,20000,35000,"42,96061295",1,2
COLOMBO,Portocel,Tartarus;Nibelheim;Mondstadt;Limoria;Drinmoor,20000,35000,"45,51086388",1,2
COLOMBO,Portocel,Tartarus;Nibelheim;Resembool,20000,35000,"44,018703",1,2
COLOMBO,Portocel,Tartarus;Nibelheim;Resembool;Drinmoor,20000,35000,"46,90339788",1,2
COLOMBO,Portocel,Tartarus;Nibelheim;Resembool;Limoria,20000,35000,"46,90429511",1,2
COLOMBO,Portocel,Tartarus;Nibelheim;Resembool;Limoria;Drinmoor,20000,35000,"49,45454604",1,2
COLOMBO,Portocel,Tartarus;Nibelheim;Resembool;Mondstadt,20000,35000,"46,8484423",1,2
COLOMBO,Portocel,Tartarus;Nibelheim;Resembool;Mondstadt;Drinmoor,20000,35000,"49,45544328",1,2
COLOMBO,Portocel,Tartarus;Nibelheim;Resembool;Mondstadt;Limoria,20000,35000,"49,45634051",1,2
COLOMBO,Portocel,Tartarus;Nibelheim;Prontera,20000,35000,"38,13142263",1,2
COLOMBO,Portocel,Tartarus;Nibelheim;Prontera;Drinmoor,20000,35000,"43,30608958",1,2
COLOMBO,Portocel,Tartarus;Nibelheim;Prontera;Limoria,20000,35000,"43,30698681",1,2
COLOMBO,Portocel,Tartarus;Nibelheim;Prontera;Limoria;Drinmoor,20000,35000,"45,85723775",1,2
COLOMBO,Portocel,Tartarus;Nibelheim;Prontera;Mondstadt,20000,35000,"43,35158262",1,2
COLOMBO,Portocel,Tartarus;Nibelheim;Prontera;Mondstadt;Drinmoor,20000,35000,"45,9585836",1,2
COLOMBO,Portocel,Tartarus;Nibelheim;Prontera;Mondstadt;Limoria,20000,35000,"45,95948083",1,2
COLOMBO,Portocel,Tartarus;Nibelheim;Prontera;Resembool,20000,35000,"47,01577642",1,2
COLOMBO,Portocel,Tartarus;Nibelheim;Prontera;Resembool;Drinmoor,20000,35000,"49,90047129",1,2
COLOMBO,Portocel,Tartarus;Nibelheim;Prontera;Resembool;Limoria,20000,35000,"49,90136853",1,2
COLOMBO,Portocel,Tartarus;Nibelheim;Prontera;Resembool;Mondstadt,20000,35000,"49,84551572",1,2
COLOMBO,Portocel,Tartarus;Savois,20000,35000,"29,64413562",1,2
COLOMBO,Portocel,Tartarus;Savois;Drinmoor,20000,35000,"40,36374743",1,2
COLOMBO,Portocel,Tartarus;Savois;Limoria,20000,35000,"40,36464466",1,2
COLOMBO,Portocel,Tartarus;Savois;Limoria;Drinmoor,20000,35000,"42,9148956",1,2
COLOMBO,Portocel,Tartarus;Savois;Mondstadt,20000,35000,"40,40924047",1,2
COLOMBO,Portocel,Tartarus;Savois;Mondstadt;Drinmoor,20000,35000,"43,01624145",1,2
COLOMBO,Portocel,Tartarus;Savois;Mondstadt;Limoria,20000,35000,"43,01713868",1,2
COLOMBO,Portocel,Tartarus;Savois;Mondstadt;Limoria;Drinmoor,20000,35000,"45,56738962",1,2
COLOMBO,Portocel,Tartarus;Savois;Resembool,20000,35000,"44,07522874",1,2
COLOMBO,Portocel,Tartarus;Savois;Resembool;Drinmoor,20000,35000,"46,95992361",1,2
COLOMBO,Portocel,Tartarus;Savois;Resembool;Limoria,20000,35000,"46,96082084",1,2
COLOMBO,Portocel,Tartarus;Savois;Resembool;Limoria;Drinmoor,20000,35000,"49,51107178",1,2
COLOMBO,Portocel,Tartarus;Savois;Resembool;Mondstadt,20000,35000,"46,90496803",1,2
COLOMBO,Portocel,Tartarus;Savois;Resembool;Mondstadt;Drinmoor,20000,35000,"49,51196901",1,2
COLOMBO,Portocel,Tartarus;Savois;Resembool;Mondstadt;Limoria,20000,35000,"49,51286625",1,2
COLOMBO,Portocel,Tartarus;Savois;Prontera,20000,35000,"38,18794836",1,2
COLOMBO,Portocel,Tartarus;Savois;Prontera;Drinmoor,20000,35000,"43,36261531",1,2
COLOMBO,Portocel,Tartarus;Savois;Prontera;Limoria,20000,35000,"43,36351255",1,2
COLOMBO,Portocel,Tartarus;Savois;Prontera;Limoria;Drinmoor,20000,35000,"45,91376348",1,2
COLOMBO,Portocel,Tartarus;Savois;Prontera;Mondstadt,20000,35000,"43,40810835",1,2
COLOMBO,Portocel,Tartarus;Savois;Prontera;Mondstadt;Drinmoor,20000,35000,"46,01510933",1,2
COLOMBO,Portocel,Tartarus;Savois;Prontera;Mondstadt;Limoria,20000,35000,"46,01600657",1,2
COLOMBO,Portocel,Tartarus;Savois;Prontera;Resembool,20000,35000,"47,07230216",1,2
COLOMBO,Portocel,Tartarus;Savois;Prontera;Resembool;Drinmoor,20000,35000,"49,95699703",1,2
COLOMBO,Portocel,Tartarus;Savois;Prontera;Resembool;Limoria,20000,35000,"49,95789426",1,2
COLOMBO,Portocel,Tartarus;Savois;Prontera;Resembool;Mondstadt,20000,35000,"49,90204145",1,2
COLOMBO,Portocel,Tartarus;Savois;Nibelheim,20000,35000,"32,90206682",1,2
COLOMBO,Portocel,Tartarus;Savois;Nibelheim;Drinmoor,20000,35000,"42,92072762",1,2
COLOMBO,Portocel,Tartarus;Savois;Nibelheim;Limoria,20000,35000,"42,92162485",1,2
COLOMBO,Portocel,Tartarus;Savois;Nibelheim;Limoria;Drinmoor,20000,35000,"45,47187579",1,2
COLOMBO,Portocel,Tartarus;Savois;Nibelheim;Mondstadt,20000,35000,"42,96622066",1,2
COLOMBO,Portocel,Tartarus;Savois;Nibelheim;Mondstadt;Drinmoor,20000,35000,"45,57322164",1,2
COLOMBO,Portocel,Tartarus;Savois;Nibelheim;Mondstadt;Limoria,20000,35000,"45,57411887",1,2
COLOMBO,Portocel,Tartarus;Savois;Nibelheim;Resembool,20000,35000,"46,63220893",1,2
COLOMBO,Portocel,Tartarus;Savois;Nibelheim;Resembool;Drinmoor,20000,35000,"49,5169038",1,2
COLOMBO,Portocel,Tartarus;Savois;Nibelheim;Resembool;Limoria,20000,35000,"49,51780103",1,2
COLOMBO,Portocel,Tartarus;Savois;Nibelheim;Resembool;Mondstadt,20000,35000,"49,46194822",1,2
COLOMBO,Portocel,Tartarus;Savois;Nibelheim;Prontera,20000,35000,"41,40094689",1,2
COLOMBO,Portocel,Tartarus;Savois;Nibelheim;Prontera;Drinmoor,20000,35000,"45,9195955",1,2
COLOMBO,Portocel,Tartarus;Savois;Nibelheim;Prontera;Limoria,20000,35000,"45,92049274",1,2
COLOMBO,Portocel,Tartarus;Savois;Nibelheim;Prontera;Mondstadt,20000,35000,"45,96508854",1,2
COLOMBO,Portocel,Tartarus;Savois;Nibelheim;Prontera;Resembool,20000,35000,"49,62928235",1,2
COLOMBO,Portocel;Santos,Resembool;Liones,20000,35000,"43,24014484",1,2
COLOMBO,Portocel;Santos,Resembool;Prontera,20000,35000,"43,39760939",1,2
COLOMBO,Portocel;Santos,Tartarus;Savois;Liones,20000,35000,"34,67101208",1,2
COLOMBO,Santos,Skellige,20000,35000,"32,98681322",1,2
COLOMBO,Santos,Skellige;Limoria,20000,35000,"34,48681322",1,2
COLOMBO,Santos,Skellige;Resembool,20000,35000,"38,08681322",1,2
COLOMBO,Santos,Drinmoor,20000,35000,"32,98681322",1,2
COLOMBO,Santos,Liones,20000,35000,"28,53026424",1,2
COLOMBO,Santos,Liones;Drinmoor,20000,35000,"38,39447185",1,2
COLOMBO,Santos,Liones;Limoria,20000,35000,"38,3958177",1,2
COLOMBO,Santos,Liones;Limoria;Drinmoor,20000,35000,"40,44606864",1,2
COLOMBO,Santos,Liones;Mondstadt,20000,35000,"38,43996489",1,2
COLOMBO,Santos,Liones;Mondstadt;Drinmoor,20000,35000,"40,54696587",1,2
COLOMBO,Santos,Liones;Mondstadt;Limoria,20000,35000,"40,54786311",1,2
COLOMBO,Santos,Liones;Mondstadt;Limoria;Drinmoor,20000,35000,"43,09811404",1,2
COLOMBO,Santos,Liones;Resembool,20000,35000,"42,10640178",1,2
COLOMBO,Santos,Liones;Resembool;Drinmoor,20000,35000,"44,49109665",1,2
COLOMBO,Santos,Liones;Resembool;Limoria,20000,35000,"44,49199389",1,2
COLOMBO,Santos,Liones;Resembool;Limoria;Drinmoor,20000,35000,"47,04224482",1,2
COLOMBO,Santos,Liones;Resembool;Mondstadt,20000,35000,"44,43614108",1,2
COLOMBO,Santos,Liones;Resembool;Mondstadt;Drinmoor,20000,35000,"47,04314205",1,2
COLOMBO,Santos,Liones;Resembool;Mondstadt;Limoria,20000,35000,"47,04403929",1,2
COLOMBO,Santos,Liones;Resembool;Mondstadt;Limoria;Drinmoor,20000,35000,"49,59429022",1,2
COLOMBO,Santos,Liones;Prontera,20000,35000,"37,54668196",1,2
COLOMBO,Santos,Liones;Prontera;Drinmoor,20000,35000,"40,89333974",1,2
COLOMBO,Santos,Liones;Prontera;Limoria,20000,35000,"40,89423697",1,2
COLOMBO,Santos,Liones;Prontera;Limoria;Drinmoor,20000,35000,"43,44448791",1,2
COLOMBO,Santos,Liones;Prontera;Mondstadt,20000,35000,"40,93883278",1,2
COLOMBO,Santos,Liones;Prontera;Mondstadt;Drinmoor,20000,35000,"43,54583376",1,2
COLOMBO,Santos,Liones;Prontera;Mondstadt;Limoria,20000,35000,"43,54673099",1,2
COLOMBO,Santos,Liones;Prontera;Mondstadt;Limoria;Drinmoor,20000,35000,"46,09698193",1,2
COLOMBO,Santos,Liones;Prontera;Resembool,20000,35000,"44,60302658",1,2
COLOMBO,Santos,Liones;Prontera;Resembool;Drinmoor,20000,35000,"47,48772145",1,2
COLOMBO,Santos,Liones;Prontera;Resembool;Limoria,20000,35000,"47,48861869",1,2
COLOMBO,Santos,Liones;Prontera;Resembool;Limoria;Drinmoor,20000,35000,"50,03886962",1,2
COLOMBO,Santos,Liones;Prontera;Resembool;Mondstadt,20000,35000,"47,43276588",1,2
COLOMBO,Santos,Liones;Prontera;Resembool;Mondstadt;Drinmoor,20000,35000,"50,03976685",1,2
COLOMBO,Santos,Liones;Prontera;Resembool;Mondstadt;Limoria,20000,35000,"50,04066409",1,2
COLOMBO,Santos,Liones;Nibelheim,20000,35000,"30,90455776",1,2
COLOMBO,Santos,Liones;Nibelheim;Drinmoor,20000,35000,"40,45145204",1,2
COLOMBO,Santos,Liones;Nibelheim;Limoria,20000,35000,"40,45234928",1,2
COLOMBO,Santos,Liones;Nibelheim;Limoria;Drinmoor,20000,35000,"43,00260021",1,2
COLOMBO,Santos,Liones;Nibelheim;Mondstadt,20000,35000,"40,49694508",1,2
COLOMBO,Santos,Liones;Nibelheim;Mondstadt;Drinmoor,20000,35000,"43,10394606",1,2
COLOMBO,Santos,Liones;Nibelheim;Mondstadt;Limoria,20000,35000,"43,1048433",1,2
COLOMBO,Santos,Liones;Nibelheim;Mondstadt;Limoria;Drinmoor,20000,35000,"45,65509423",1,2
COLOMBO,Santos,Liones;Nibelheim;Resembool,20000,35000,"44,16293335",1,2
COLOMBO,Santos,Liones;Nibelheim;Resembool;Drinmoor,20000,35000,"47,04762822",1,2
COLOMBO,Santos,Liones;Nibelheim;Resembool;Limoria,20000,35000,"47,04852546",1,2
COLOMBO,Santos,Liones;Nibelheim;Resembool;Limoria;Drinmoor,20000,35000,"49,59877639",1,2
COLOMBO,Santos,Liones;Nibelheim;Resembool;Mondstadt,20000,35000,"46,99267265",1,2
COLOMBO,Santos,Liones;Nibelheim;Resembool;Mondstadt;Drinmoor,20000,35000,"49,59967363",1,2
COLOMBO,Santos,Liones;Nibelheim;Resembool;Mondstadt;Limoria,20000,35000,"49,60057086",1,2
COLOMBO,Santos,Liones;Nibelheim;Prontera,20000,35000,"38,60366215",1,2
COLOMBO,Santos,Liones;Nibelheim;Prontera;Drinmoor,20000,35000,"43,45031993",1,2
COLOMBO,Santos,Liones;Nibelheim;Prontera;Limoria,20000,35000,"43,45121716",1,2
COLOMBO,Santos,Liones;Nibelheim;Prontera;Limoria;Drinmoor,20000,35000,"46,0014681",1,2
COLOMBO,Santos,Liones;Nibelheim;Prontera;Mondstadt,20000,35000,"43,49581297",1,2
COLOMBO,Santos,Liones;Nibelheim;Prontera;Mondstadt;Drinmoor,20000,35000,"46,10281395",1,2
COLOMBO,Santos,Liones;Nibelheim;Prontera;Mondstadt;Limoria,20000,35000,"46,10371118",1,2
COLOMBO,Santos,Liones;Nibelheim;Prontera;Resembool,20000,35000,"47,16000677",1,2
COLOMBO,Santos,Liones;Nibelheim;Prontera;Resembool;Drinmoor,20000,35000,"50,04470164",1,2
COLOMBO,Santos,Liones;Nibelheim;Prontera;Resembool;Limoria,20000,35000,"50,04559888",1,2
COLOMBO,Santos,Liones;Nibelheim;Prontera;Resembool;Mondstadt,20000,35000,"49,98974606",1,2
COLOMBO,Santos,Liones;Savois,20000,35000,"30,31972758",1,2
COLOMBO,Santos,Liones;Savois;Drinmoor,20000,35000,"40,51874458",1,2
COLOMBO,Santos,Liones;Savois;Limoria,20000,35000,"40,51964182",1,2
COLOMBO,Santos,Liones;Savois;Limoria;Drinmoor,20000,35000,"43,06989275",1,2
COLOMBO,Santos,Liones;Savois;Mondstadt,20000,35000,"40,56423762",1,2
COLOMBO,Santos,Liones;Savois;Mondstadt;Drinmoor,20000,35000,"43,1712386",1,2
COLOMBO,Santos,Liones;Savois;Mondstadt;Limoria,20000,35000,"43,17213584",1,2
COLOMBO,Santos,Liones;Savois;Mondstadt;Limoria;Drinmoor,20000,35000,"45,72238677",1,2
COLOMBO,Santos,Liones;Savois;Resembool,20000,35000,"44,2302259",1,2
COLOMBO,Santos,Liones;Savois;Resembool;Drinmoor,20000,35000,"47,11492077",1,2
COLOMBO,Santos,Liones;Savois;Resembool;Limoria,20000,35000,"47,115818",1,2
COLOMBO,Santos,Liones;Savois;Resembool;Limoria;Drinmoor,20000,35000,"49,66606894",1,2
COLOMBO,Santos,Liones;Savois;Resembool;Mondstadt,20000,35000,"47,05996519",1,2
COLOMBO,Santos,Liones;Savois;Resembool;Mondstadt;Drinmoor,20000,35000,"49,66696617",1,2
COLOMBO,Santos,Liones;Savois;Resembool;Mondstadt;Limoria,20000,35000,"49,6678634",1,2
COLOMBO,Santos,Liones;Savois;Prontera,20000,35000,"38,67095469",1,2
COLOMBO,Santos,Liones;Savois;Prontera;Drinmoor,20000,35000,"43,51761247",1,2
COLOMBO,Santos,Liones;Savois;Prontera;Limoria,20000,35000,"43,5185097",1,2
COLOMBO,Santos,Liones;Savois;Prontera;Limoria;Drinmoor,20000,35000,"46,06876064",1,2
COLOMBO,Santos,Liones;Savois;Prontera;Mondstadt,20000,35000,"43,56310551",1,2
COLOMBO,Santos,Liones;Savois;Prontera;Mondstadt;Drinmoor,20000,35000,"46,17010649",1,2
COLOMBO,Santos,Liones;Savois;Prontera;Mondstadt;Limoria,20000,35000,"46,17100372",1,2
COLOMBO,Santos,Liones;Savois;Prontera;Resembool,20000,35000,"47,22729931",1,2
COLOMBO,Santos,Liones;Savois;Prontera;Resembool;Drinmoor,20000,35000,"50,11199418",1,2
COLOMBO,Santos,Liones;Savois;Prontera;Resembool;Limoria,20000,35000,"50,11289142",1,2
COLOMBO,Santos,Liones;Savois;Prontera;Resembool;Mondstadt,20000,35000,"50,05703861",1,2
COLOMBO,Santos,Liones;Savois;Nibelheim,20000,35000,"32,7288305",1,2
COLOMBO,Santos,Liones;Savois;Nibelheim;Drinmoor,20000,35000,"43,07572477",1,2
COLOMBO,Santos,Liones;Savois;Nibelheim;Limoria,20000,35000,"43,07662201",1,2
COLOMBO,Santos,Liones;Savois;Nibelheim;Limoria;Drinmoor,20000,35000,"45,62687294",1,2
COLOMBO,Santos,Liones;Savois;Nibelheim;Mondstadt,20000,35000,"43,12121781",1,2
COLOMBO,Santos,Liones;Savois;Nibelheim;Mondstadt;Drinmoor,20000,35000,"45,72821879",1,2
COLOMBO,Santos,Liones;Savois;Nibelheim;Mondstadt;Limoria,20000,35000,"45,72911603",1,2
COLOMBO,Santos,Liones;Savois;Nibelheim;Resembool,20000,35000,"46,78720609",1,2
COLOMBO,Santos,Liones;Savois;Nibelheim;Resembool;Drinmoor,20000,35000,"49,67190096",1,2
COLOMBO,Santos,Liones;Savois;Nibelheim;Resembool;Limoria,20000,35000,"49,67279819",1,2
COLOMBO,Santos,Liones;Savois;Nibelheim;Resembool;Mondstadt,20000,35000,"49,61694538",1,2
COLOMBO,Santos,Liones;Savois;Nibelheim;Prontera,20000,35000,"41,55594405",1,2
COLOMBO,Santos,Liones;Savois;Nibelheim;Prontera;Drinmoor,20000,35000,"46,07459266",1,2
COLOMBO,Santos,Liones;Savois;Nibelheim;Prontera;Limoria,20000,35000,"46,07548989",1,2
COLOMBO,Santos,Liones;Savois;Nibelheim;Prontera;Mondstadt,20000,35000,"46,1200857",1,2
COLOMBO,Santos,Liones;Savois;Nibelheim;Prontera;Resembool,20000,35000,"49,7842795",1,2
COLOMBO,Santos,Mondstadt,20000,35000,"33,08681322",1,2
COLOMBO,Santos,Resembool,20000,35000,"36,08681322",1,2
COLOMBO,Santos,Resembool;Limoria;Drinmoor,20000,35000,"40,08681322",1,2
COLOMBO,Santos,Resembool;Mondstadt;Drinmoor,20000,35000,"40,08681322",1,2
COLOMBO,Santos,Resembool;Mondstadt;Limoria,20000,35000,"40,08681322",1,2
COLOMBO,Santos,Resembool;Mondstadt;Limoria;Drinmoor,20000,35000,"42,58681322",1,2
COLOMBO,Santos,Prontera,20000,35000,"34,70841894",1,2
COLOMBO,Santos,Prontera;Drinmoor,20000,35000,"38,55507672",1,2
COLOMBO,Santos,Prontera;Limoria,20000,35000,"38,55597395",1,2
COLOMBO,Santos,Prontera;Limoria;Drinmoor,20000,35000,"40,60622489",1,2
COLOMBO,Santos,Prontera;Mondstadt,20000,35000,"38,60056976",1,2
COLOMBO,Santos,Prontera;Mondstadt;Drinmoor,20000,35000,"40,70757074",1,2
COLOMBO,Santos,Prontera;Mondstadt;Limoria,20000,35000,"40,70846797",1,2
COLOMBO,Santos,Prontera;Mondstadt;Limoria;Drinmoor,20000,35000,"43,25871891",1,2
COLOMBO,Santos,Prontera;Resembool,20000,35000,"42,26476356",1,2
COLOMBO,Santos,Prontera;Resembool;Drinmoor,20000,35000,"44,64945843",1,2
COLOMBO,Santos,Prontera;Resembool;Limoria,20000,35000,"44,65035567",1,2
COLOMBO,Santos,Prontera;Resembool;Limoria;Drinmoor,20000,35000,"47,2006066",1,2
COLOMBO,Santos,Prontera;Resembool;Mondstadt,20000,35000,"44,59450286",1,2
COLOMBO,Santos,Prontera;Resembool;Mondstadt;Drinmoor,20000,35000,"47,20150384",1,2
COLOMBO,Santos,Prontera;Resembool;Mondstadt;Limoria,20000,35000,"47,20240107",1,2
COLOMBO,Santos,Prontera;Resembool;Mondstadt;Limoria;Drinmoor,20000,35000,"49,75265201",1,2
COLOMBO,Santos,Nibelheim,20000,35000,"28,96480775",1,2
COLOMBO,Santos,Nibelheim;Skellige,20000,35000,"38,30901032",1,2
COLOMBO,Santos,Nibelheim;Drinmoor,20000,35000,"38,31170202",1,2
COLOMBO,Santos,Nibelheim;Limoria,20000,35000,"38,31259926",1,2
COLOMBO,Santos,Nibelheim;Limoria;Drinmoor,20000,35000,"40,36285019",1,2
COLOMBO,Santos,Nibelheim;Mondstadt,20000,35000,"38,35719506",1,2
COLOMBO,Santos,Nibelheim;Mondstadt;Drinmoor,20000,35000,"40,46419604",1,2
COLOMBO,Santos,Nibelheim;Mondstadt;Limoria,20000,35000,"40,46509328",1,2
COLOMBO,Santos,Nibelheim;Mondstadt;Limoria;Drinmoor,20000,35000,"43,01534421",1,2
COLOMBO,Santos,Nibelheim;Resembool,20000,35000,"42,02318334",1,2
COLOMBO,Santos,Nibelheim;Resembool;Drinmoor,20000,35000,"44,40787821",1,2
COLOMBO,Santos,Nibelheim;Resembool;Limoria,20000,35000,"44,40877544",1,2
COLOMBO,Santos,Nibelheim;Resembool;Limoria;Drinmoor,20000,35000,"46,95902638",1,2
COLOMBO,Santos,Nibelheim;Resembool;Mondstadt,20000,35000,"44,35292263",1,2
COLOMBO,Santos,Nibelheim;Resembool;Mondstadt;Drinmoor,20000,35000,"46,95992361",1,2
COLOMBO,Santos,Nibelheim;Resembool;Mondstadt;Limoria,20000,35000,"46,96082084",1,2
COLOMBO,Santos,Nibelheim;Resembool;Mondstadt;Limoria;Drinmoor,20000,35000,"49,51107178",1,2
COLOMBO,Santos,Nibelheim;Prontera,20000,35000,"37,46391213",1,2
COLOMBO,Santos,Nibelheim;Prontera;Drinmoor,20000,35000,"40,81056991",1,2
COLOMBO,Santos,Nibelheim;Prontera;Limoria,20000,35000,"40,81146714",1,2
COLOMBO,Santos,Nibelheim;Prontera;Limoria;Drinmoor,20000,35000,"43,36171808",1,2
COLOMBO,Santos,Nibelheim;Prontera;Mondstadt,20000,35000,"40,85606295",1,2
COLOMBO,Santos,Nibelheim;Prontera;Mondstadt;Drinmoor,20000,35000,"43,46306393",1,2
COLOMBO,Santos,Nibelheim;Prontera;Mondstadt;Limoria,20000,35000,"43,46396116",1,2
COLOMBO,Santos,Nibelheim;Prontera;Mondstadt;Limoria;Drinmoor,20000,35000,"46,0142121",1,2
COLOMBO,Santos,Nibelheim;Prontera;Resembool,20000,35000,"44,52025675",1,2
COLOMBO,Santos,Nibelheim;Prontera;Resembool;Drinmoor,20000,35000,"47,40495162",1,2
COLOMBO,Santos,Nibelheim;Prontera;Resembool;Limoria,20000,35000,"47,40584886",1,2
COLOMBO,Santos,Nibelheim;Prontera;Resembool;Limoria;Drinmoor,20000,35000,"49,95609979",1,2
COLOMBO,Santos,Nibelheim;Prontera;Resembool;Mondstadt,20000,35000,"47,34999605",1,2
COLOMBO,Santos,Nibelheim;Prontera;Resembool;Mondstadt;Drinmoor,20000,35000,"49,95699703",1,2
COLOMBO,Santos,Nibelheim;Prontera;Resembool;Mondstadt;Limoria,20000,35000,"49,95789426",1,2
COLOMBO,Santos,Savois,20000,35000,"28,15755891",1,2
COLOMBO,Santos,Savois;Drinmoor,20000,35000,"38,42856674",1,2
COLOMBO,Santos,Savois;Limoria,20000,35000,"38,42946397",1,2
COLOMBO,Santos,Savois;Limoria;Drinmoor,20000,35000,"40,47971491",1,2
COLOMBO,Santos,Savois;Mondstadt,20000,35000,"38,47405978",1,2
COLOMBO,Santos,Savois;Mondstadt;Drinmoor,20000,35000,"40,58106076",1,2
COLOMBO,Santos,Savois;Mondstadt;Limoria,20000,35000,"40,58195799",1,2
COLOMBO,Santos,Savois;Mondstadt;Limoria;Drinmoor,20000,35000,"43,13220893",1,2
COLOMBO,Santos,Savois;Resembool,20000,35000,"42,14004805",1,2
COLOMBO,Santos,Savois;Resembool;Drinmoor,20000,35000,"44,52474292",1,2
COLOMBO,Santos,Savois;Resembool;Limoria,20000,35000,"44,52564016",1,2
COLOMBO,Santos,Savois;Resembool;Limoria;Drinmoor,20000,35000,"47,07589109",1,2
COLOMBO,Santos,Savois;Resembool;Mondstadt,20000,35000,"44,46978735",1,2
COLOMBO,Santos,Savois;Resembool;Mondstadt;Drinmoor,20000,35000,"47,07678833",1,2
COLOMBO,Santos,Savois;Resembool;Mondstadt;Limoria,20000,35000,"47,07768556",1,2
COLOMBO,Santos,Savois;Resembool;Mondstadt;Limoria;Drinmoor,20000,35000,"49,6279365",1,2
COLOMBO,Santos,Savois;Prontera,20000,35000,"37,58077684",1,2
COLOMBO,Santos,Savois;Prontera;Drinmoor,20000,35000,"40,92743462",1,2
COLOMBO,Santos,Savois;Prontera;Limoria,20000,35000,"40,92833186",1,2
COLOMBO,Santos,Savois;Prontera;Limoria;Drinmoor,20000,35000,"43,47858279",1,2
COLOMBO,Santos,Savois;Prontera;Mondstadt,20000,35000,"40,97292766",1,2
COLOMBO,Santos,Savois;Prontera;Mondstadt;Drinmoor,20000,35000,"43,57992864",1,2
COLOMBO,Santos,Savois;Prontera;Mondstadt;Limoria,20000,35000,"43,58082588",1,2
COLOMBO,Santos,Savois;Prontera;Mondstadt;Limoria;Drinmoor,20000,35000,"46,13107681",1,2
COLOMBO,Santos,Savois;Prontera;Resembool,20000,35000,"44,63712147",1,2
COLOMBO,Santos,Savois;Prontera;Resembool;Drinmoor,20000,35000,"47,52181634",1,2
COLOMBO,Santos,Savois;Prontera;Resembool;Limoria,20000,35000,"47,52271357",1,2
COLOMBO,Santos,Savois;Prontera;Resembool;Limoria;Drinmoor,20000,35000,"50,07296451",1,2
COLOMBO,Santos,Savois;Prontera;Resembool;Mondstadt,20000,35000,"47,46686076",1,2
COLOMBO,Santos,Savois;Prontera;Resembool;Mondstadt;Drinmoor,20000,35000,"50,07386174",1,2
COLOMBO,Santos,Savois;Prontera;Resembool;Mondstadt;Limoria,20000,35000,"50,07475898",1,2
COLOMBO,Santos,Savois;Nibelheim,20000,35000,"30,93865265",1,2
COLOMBO,Santos,Savois;Nibelheim;Drinmoor,20000,35000,"40,48554693",1,2
COLOMBO,Santos,Savois;Nibelheim;Limoria,20000,35000,"40,48644416",1,2
COLOMBO,Santos,Savois;Nibelheim;Limoria;Drinmoor,20000,35000,"43,0366951",1,2
COLOMBO,Santos,Savois;Nibelheim;Mondstadt,20000,35000,"40,53103997",1,2
COLOMBO,Santos,Savois;Nibelheim;Mondstadt;Drinmoor,20000,35000,"43,13804095",1,2
COLOMBO,Santos,Savois;Nibelheim;Mondstadt;Limoria,20000,35000,"43,13893818",1,2
COLOMBO,Santos,Savois;Nibelheim;Mondstadt;Limoria;Drinmoor,20000,35000,"45,68918912",1,2
COLOMBO,Santos,Savois;Nibelheim;Resembool,20000,35000,"44,19702824",1,2
COLOMBO,Santos,Savois;Nibelheim;Resembool;Drinmoor,20000,35000,"47,08172311",1,2
COLOMBO,Santos,Savois;Nibelheim;Resembool;Limoria,20000,35000,"47,08262035",1,2
COLOMBO,Santos,Savois;Nibelheim;Resembool;Limoria;Drinmoor,20000,35000,"49,63287128",1,2
COLOMBO,Santos,Savois;Nibelheim;Resembool;Mondstadt,20000,35000,"47,02676754",1,2
COLOMBO,Santos,Savois;Nibelheim;Resembool;Mondstadt;Drinmoor,20000,35000,"49,63376852",1,2
COLOMBO,Santos,Savois;Nibelheim;Resembool;Mondstadt;Limoria,20000,35000,"49,63466575",1,2
COLOMBO,Santos,Savois;Nibelheim;Prontera,20000,35000,"38,63775703",1,2
COLOMBO,Santos,Savois;Nibelheim;Prontera;Drinmoor,20000,35000,"43,48441481",1,2
COLOMBO,Santos,Savois;Nibelheim;Prontera;Limoria,20000,35000,"43,48531205",1,2
COLOMBO,Santos,Savois;Nibelheim;Prontera;Limoria;Drinmoor,20000,35000,"46,03556298",1,2
COLOMBO,Santos,Savois;Nibelheim;Prontera;Mondstadt,20000,35000,"43,52990785",1,2
COLOMBO,Santos,Savois;Nibelheim;Prontera;Mondstadt;Drinmoor,20000,35000,"46,13690883",1,2
COLOMBO,Santos,Savois;Nibelheim;Prontera;Mondstadt;Limoria,20000,35000,"46,13780607",1,2
COLOMBO,Santos,Savois;Nibelheim;Prontera;Resembool,20000,35000,"47,19410166",1,2
COLOMBO,Santos,Savois;Nibelheim;Prontera;Resembool;Drinmoor,20000,35000,"50,07879653",1,2
COLOMBO,Santos,Savois;Nibelheim;Prontera;Resembool;Limoria,20000,35000,"50,07969376",1,2
COLOMBO,Santos,Savois;Nibelheim;Prontera;Resembool;Mondstadt,20000,35000,"50,02384095",1,2
COLOMBO,Santos,Tartarus,20000,35000,"27,55014454",1,2
COLOMBO,Santos,Tartarus;Drinmoor,20000,35000,"38,44381972",1,2
COLOMBO,Santos,Tartarus;Limoria,20000,35000,"38,44516557",1,2
COLOMBO,Santos,Tartarus;Limoria;Drinmoor,20000,35000,"40,4954165",1,2
COLOMBO,Santos,Tartarus;Liones,20000,35000,"30,49895005",1,2
COLOMBO,Santos,Tartarus;Liones;Drinmoor,20000,35000,"40,56315766",1,2
COLOMBO,Santos,Tartarus;Liones;Limoria,20000,35000,"40,56450351",1,2
COLOMBO,Santos,Tartarus;Liones;Limoria;Drinmoor,20000,35000,"43,11475445",1,2
COLOMBO,Santos,Tartarus;Liones;Mondstadt,20000,35000,"40,6086507",1,2
COLOMBO,Santos,Tartarus;Liones;Mondstadt;Drinmoor,20000,35000,"43,21565168",1,2
COLOMBO,Santos,Tartarus;Liones;Mondstadt;Limoria,20000,35000,"43,21654892",1,2
COLOMBO,Santos,Tartarus;Liones;Mondstadt;Limoria;Drinmoor,20000,35000,"45,76679985",1,2
COLOMBO,Santos,Tartarus;Liones;Resembool,20000,35000,"44,27508759",1,2
COLOMBO,Santos,Tartarus;Liones;Resembool;Drinmoor,20000,35000,"47,15978246",1,2
COLOMBO,Santos,Tartarus;Liones;Resembool;Limoria,20000,35000,"47,1606797",1,2
COLOMBO,Santos,Tartarus;Liones;Resembool;Limoria;Drinmoor,20000,35000,"49,71093063",1,2
COLOMBO,Santos,Tartarus;Liones;Resembool;Mondstadt,20000,35000,"47,10482689",1,2
COLOMBO,Santos,Tartarus;Liones;Resembool;Mondstadt;Drinmoor,20000,35000,"49,71182786",1,2
COLOMBO,Santos,Tartarus;Liones;Resembool;Mondstadt;Limoria,20000,35000,"49,7127251",1,2
COLOMBO,Santos,Tartarus;Liones;Prontera,20000,35000,"38,3873586",1,2
COLOMBO,Santos,Tartarus;Liones;Prontera;Drinmoor,20000,35000,"43,56202555",1,2
COLOMBO,Santos,Tartarus;Liones;Prontera;Limoria,20000,35000,"43,56292278",1,2
COLOMBO,Santos,Tartarus;Liones;Prontera;Limoria;Drinmoor,20000,35000,"46,11317372",1,2
COLOMBO,Santos,Tartarus;Liones;Prontera;Mondstadt,20000,35000,"43,60751859",1,2
COLOMBO,Santos,Tartarus;Liones;Prontera;Mondstadt;Drinmoor,20000,35000,"46,21451957",1,2
COLOMBO,Santos,Tartarus;Liones;Prontera;Mondstadt;Limoria,20000,35000,"46,2154168",1,2
COLOMBO,Santos,Tartarus;Liones;Prontera;Resembool,20000,35000,"47,27171239",1,2
COLOMBO,Santos,Tartarus;Liones;Prontera;Resembool;Drinmoor,20000,35000,"50,15640726",1,2
COLOMBO,Santos,Tartarus;Liones;Prontera;Resembool;Limoria,20000,35000,"50,1573045",1,2
COLOMBO,Santos,Tartarus;Liones;Prontera;Resembool;Mondstadt,20000,35000,"50,10145169",1,2
COLOMBO,Santos,Tartarus;Liones;Nibelheim,20000,35000,"33,10125274",1,2
COLOMBO,Santos,Tartarus;Liones;Nibelheim;Drinmoor,20000,35000,"43,12013785",1,2
COLOMBO,Santos,Tartarus;Liones;Nibelheim;Limoria,20000,35000,"43,12103509",1,2
COLOMBO,Santos,Tartarus;Liones;Nibelheim;Limoria;Drinmoor,20000,35000,"45,67128602",1,2
COLOMBO,Santos,Tartarus;Liones;Nibelheim;Mondstadt,20000,35000,"43,16563089",1,2
COLOMBO,Santos,Tartarus;Liones;Nibelheim;Mondstadt;Drinmoor,20000,35000,"45,77263187",1,2
COLOMBO,Santos,Tartarus;Liones;Nibelheim;Mondstadt;Limoria,20000,35000,"45,77352911",1,2
COLOMBO,Santos,Tartarus;Liones;Nibelheim;Resembool,20000,35000,"46,83161916",1,2
COLOMBO,Santos,Tartarus;Liones;Nibelheim;Resembool;Drinmoor,20000,35000,"49,71631403",1,2
COLOMBO,Santos,Tartarus;Liones;Nibelheim;Resembool;Limoria,20000,35000,"49,71721127",1,2
COLOMBO,Santos,Tartarus;Liones;Nibelheim;Resembool;Mondstadt,20000,35000,"49,66135846",1,2
COLOMBO,Santos,Tartarus;Liones;Nibelheim;Prontera,20000,35000,"41,60035713",1,2
COLOMBO,Santos,Tartarus;Liones;Nibelheim;Prontera;Drinmoor,20000,35000,"46,11900574",1,2
COLOMBO,Santos,Tartarus;Liones;Nibelheim;Prontera;Limoria,20000,35000,"46,11990297",1,2
COLOMBO,Santos,Tartarus;Liones;Nibelheim;Prontera;Mondstadt,20000,35000,"46,16449878",1,2
COLOMBO,Santos,Tartarus;Liones;Nibelheim;Prontera;Resembool,20000,35000,"49,82869258",1,2
COLOMBO,Santos,Tartarus;Liones;Savois,20000,35000,"32,61642256",1,2
COLOMBO,Santos,Tartarus;Liones;Savois;Drinmoor,20000,35000,"43,18743039",1,2
COLOMBO,Santos,Tartarus;Liones;Savois;Limoria,20000,35000,"43,18832763",1,2
COLOMBO,Santos,Tartarus;Liones;Savois;Limoria;Drinmoor,20000,35000,"45,73857856",1,2
COLOMBO,Santos,Tartarus;Liones;Savois;Mondstadt,20000,35000,"43,23292343",1,2
COLOMBO,Santos,Tartarus;Liones;Savois;Mondstadt;Drinmoor,20000,35000,"45,83992441",1,2
COLOMBO,Santos,Tartarus;Liones;Savois;Mondstadt;Limoria,20000,35000,"45,84082165",1,2
COLOMBO,Santos,Tartarus;Liones;Savois;Resembool,20000,35000,"46,89891171",1,2
COLOMBO,Santos,Tartarus;Liones;Savois;Resembool;Drinmoor,20000,35000,"49,78360658",1,2
COLOMBO,Santos,Tartarus;Liones;Savois;Resembool;Limoria,20000,35000,"49,78450381",1,2
COLOMBO,Santos,Tartarus;Liones;Savois;Resembool;Mondstadt,20000,35000,"49,728651",1,2
COLOMBO,Santos,Tartarus;Liones;Savois;Prontera,20000,35000,"41,66764967",1,2
COLOMBO,Santos,Tartarus;Liones;Savois;Prontera;Drinmoor,20000,35000,"46,18629828",1,2
COLOMBO,Santos,Tartarus;Liones;Savois;Prontera;Limoria,20000,35000,"46,18719551",1,2
COLOMBO,Santos,Tartarus;Liones;Savois;Prontera;Mondstadt,20000,35000,"46,23179132",1,2
COLOMBO,Santos,Tartarus;Liones;Savois;Prontera;Resembool,20000,35000,"49,89598512",1,2
COLOMBO,Santos,Tartarus;Liones;Savois;Nibelheim,20000,35000,"35,72552548",1,2
COLOMBO,Santos,Tartarus;Liones;Savois;Nibelheim;Drinmoor,20000,35000,"45,74441058",1,2
COLOMBO,Santos,Tartarus;Liones;Savois;Nibelheim;Limoria,20000,35000,"45,74530782",1,2
COLOMBO,Santos,Tartarus;Liones;Savois;Nibelheim;Mondstadt,20000,35000,"45,78990362",1,2
COLOMBO,Santos,Tartarus;Liones;Savois;Nibelheim;Resembool,20000,35000,"49,4558919",1,2
COLOMBO,Santos,Tartarus;Liones;Savois;Nibelheim;Prontera,20000,35000,"43,89662069",1,2
COLOMBO,Santos,Tartarus;Mondstadt,20000,35000,"38,48931276",1,2
COLOMBO,Santos,Tartarus;Mondstadt;Drinmoor,20000,35000,"40,59631374",1,2
COLOMBO,Santos,Tartarus;Mondstadt;Limoria,20000,35000,"40,59721097",1,2
COLOMBO,Santos,Tartarus;Mondstadt;Limoria;Drinmoor,20000,35000,"43,14746191",1,2
COLOMBO,Santos,Tartarus;Resembool,20000,35000,"42,15350656",1,2
COLOMBO,Santos,Tartarus;Resembool;Drinmoor,20000,35000,"44,53820143",1,2
COLOMBO,Santos,Tartarus;Resembool;Limoria,20000,35000,"44,53909866",1,2
COLOMBO,Santos,Tartarus;Resembool;Limoria;Drinmoor,20000,35000,"47,0893496",1,2
COLOMBO,Santos,Tartarus;Resembool;Mondstadt,20000,35000,"44,48324585",1,2
COLOMBO,Santos,Tartarus;Resembool;Mondstadt;Drinmoor,20000,35000,"47,09024683",1,2
COLOMBO,Santos,Tartarus;Resembool;Mondstadt;Limoria,20000,35000,"47,09114407",1,2
COLOMBO,Santos,Tartarus;Resembool;Mondstadt;Limoria;Drinmoor,20000,35000,"49,641395",1,2
COLOMBO,Santos,Tartarus;Prontera,20000,35000,"37,59961876",1,2
COLOMBO,Santos,Tartarus;Prontera;Drinmoor,20000,35000,"40,94627654",1,2
COLOMBO,Santos,Tartarus;Prontera;Limoria,20000,35000,"40,94717377",1,2
COLOMBO,Santos,Tartarus;Prontera;Limoria;Drinmoor,20000,35000,"43,49742471",1,2
COLOMBO,Santos,Tartarus;Prontera;Mondstadt,20000,35000,"40,99176958",1,2
COLOMBO,Santos,Tartarus;Prontera;Mondstadt;Drinmoor,20000,35000,"43,59877056",1,2
COLOMBO,Santos,Tartarus;Prontera;Mondstadt;Limoria,20000,35000,"43,59966779",1,2
COLOMBO,Santos,Tartarus;Prontera;Mondstadt;Limoria;Drinmoor,20000,35000,"46,14991873",1,2
COLOMBO,Santos,Tartarus;Prontera;Resembool,20000,35000,"44,65596338",1,2
COLOMBO,Santos,Tartarus;Prontera;Resembool;Drinmoor,20000,35000,"47,54065825",1,2
COLOMBO,Santos,Tartarus;Prontera;Resembool;Limoria,20000,35000,"47,54155549",1,2
COLOMBO,Santos,Tartarus;Prontera;Resembool;Limoria;Drinmoor,20000,35000,"50,09180642",1,2
COLOMBO,Santos,Tartarus;Prontera;Resembool;Mondstadt,20000,35000,"47,48570268",1,2
COLOMBO,Santos,Tartarus;Prontera;Resembool;Mondstadt;Drinmoor,20000,35000,"50,09270365",1,2
COLOMBO,Santos,Tartarus;Prontera;Resembool;Mondstadt;Limoria,20000,35000,"50,09360089",1,2
COLOMBO,Santos,Tartarus;Nibelheim,20000,35000,"30,97813094",1,2
COLOMBO,Santos,Tartarus;Nibelheim;Skellige,20000,35000,"40,52233352",1,2
COLOMBO,Santos,Tartarus;Nibelheim;Drinmoor,20000,35000,"40,52502522",1,2
COLOMBO,Santos,Tartarus;Nibelheim;Limoria,20000,35000,"40,52592245",1,2
COLOMBO,Santos,Tartarus;Nibelheim;Limoria;Drinmoor,20000,35000,"43,07617339",1,2
COLOMBO,Santos,Tartarus;Nibelheim;Mondstadt,20000,35000,"40,57051826",1,2
COLOMBO,Santos,Tartarus;Nibelheim;Mondstadt;Drinmoor,20000,35000,"43,17751924",1,2
COLOMBO,Santos,Tartarus;Nibelheim;Mondstadt;Limoria,20000,35000,"43,17841648",1,2
COLOMBO,Santos,Tartarus;Nibelheim;Mondstadt;Limoria;Drinmoor,20000,35000,"45,72866741",1,2
COLOMBO,Santos,Tartarus;Nibelheim;Resembool,20000,35000,"44,23650653",1,2
COLOMBO,Santos,Tartarus;Nibelheim;Resembool;Drinmoor,20000,35000,"47,1212014",1,2
COLOMBO,Santos,Tartarus;Nibelheim;Resembool;Limoria,20000,35000,"47,12209864",1,2
COLOMBO,Santos,Tartarus;Nibelheim;Resembool;Limoria;Drinmoor,20000,35000,"49,67234957",1,2
COLOMBO,Santos,Tartarus;Nibelheim;Resembool;Mondstadt,20000,35000,"47,06624583",1,2
COLOMBO,Santos,Tartarus;Nibelheim;Resembool;Mondstadt;Drinmoor,20000,35000,"49,67324681",1,2
COLOMBO,Santos,Tartarus;Nibelheim;Resembool;Mondstadt;Limoria,20000,35000,"49,67414404",1,2
COLOMBO,Santos,Tartarus;Nibelheim;Prontera,20000,35000,"38,34922616",1,2
COLOMBO,Santos,Tartarus;Nibelheim;Prontera;Drinmoor,20000,35000,"43,52389311",1,2
COLOMBO,Santos,Tartarus;Nibelheim;Prontera;Limoria,20000,35000,"43,52479034",1,2
COLOMBO,Santos,Tartarus;Nibelheim;Prontera;Limoria;Drinmoor,20000,35000,"46,07504128",1,2
COLOMBO,Santos,Tartarus;Nibelheim;Prontera;Mondstadt,20000,35000,"43,56938615",1,2
COLOMBO,Santos,Tartarus;Nibelheim;Prontera;Mondstadt;Drinmoor,20000,35000,"46,17638713",1,2
COLOMBO,Santos,Tartarus;Nibelheim;Prontera;Mondstadt;Limoria,20000,35000,"46,17728436",1,2
COLOMBO,Santos,Tartarus;Nibelheim;Prontera;Resembool,20000,35000,"47,23357995",1,2
COLOMBO,Santos,Tartarus;Nibelheim;Prontera;Resembool;Drinmoor,20000,35000,"50,11827482",1,2
COLOMBO,Santos,Tartarus;Nibelheim;Prontera;Resembool;Limoria,20000,35000,"50,11917205",1,2
COLOMBO,Santos,Tartarus;Nibelheim;Prontera;Resembool;Mondstadt,20000,35000,"50,06331924",1,2
COLOMBO,Santos,Tartarus;Savois,20000,35000,"29,78253395",1,2
COLOMBO,Santos,Tartarus;Savois;Drinmoor,20000,35000,"40,58155096",1,2
COLOMBO,Santos,Tartarus;Savois;Limoria,20000,35000,"40,58244819",1,2
COLOMBO,Santos,Tartarus;Savois;Limoria;Drinmoor,20000,35000,"43,13269913",1,2
COLOMBO,Santos,Tartarus;Savois;Mondstadt,20000,35000,"40,627044",1,2
COLOMBO,Santos,Tartarus;Savois;Mondstadt;Drinmoor,20000,35000,"43,23404498",1,2
COLOMBO,Santos,Tartarus;Savois;Mondstadt;Limoria,20000,35000,"43,23494221",1,2
COLOMBO,Santos,Tartarus;Savois;Mondstadt;Limoria;Drinmoor,20000,35000,"45,78519315",1,2
COLOMBO,Santos,Tartarus;Savois;Resembool,20000,35000,"44,29303227",1,2
COLOMBO,Santos,Tartarus;Savois;Resembool;Drinmoor,20000,35000,"47,17772714",1,2
COLOMBO,Santos,Tartarus;Savois;Resembool;Limoria,20000,35000,"47,17862437",1,2
COLOMBO,Santos,Tartarus;Savois;Resembool;Limoria;Drinmoor,20000,35000,"49,72887531",1,2
COLOMBO,Santos,Tartarus;Savois;Resembool;Mondstadt,20000,35000,"47,12277156",1,2
COLOMBO,Santos,Tartarus;Savois;Resembool;Mondstadt;Drinmoor,20000,35000,"49,72977254",1,2
COLOMBO,Santos,Tartarus;Savois;Resembool;Mondstadt;Limoria,20000,35000,"49,73066978",1,2
COLOMBO,Santos,Tartarus;Savois;Prontera,20000,35000,"38,40575189",1,2
COLOMBO,Santos,Tartarus;Savois;Prontera;Drinmoor,20000,35000,"43,58041884",1,2
COLOMBO,Santos,Tartarus;Savois;Prontera;Limoria,20000,35000,"43,58131608",1,2
COLOMBO,Santos,Tartarus;Savois;Prontera;Limoria;Drinmoor,20000,35000,"46,13156701",1,2
COLOMBO,Santos,Tartarus;Savois;Prontera;Mondstadt,20000,35000,"43,62591188",1,2
COLOMBO,Santos,Tartarus;Savois;Prontera;Mondstadt;Drinmoor,20000,35000,"46,23291286",1,2
COLOMBO,Santos,Tartarus;Savois;Prontera;Mondstadt;Limoria,20000,35000,"46,2338101",1,2
COLOMBO,Santos,Tartarus;Savois;Prontera;Resembool,20000,35000,"47,29010569",1,2
COLOMBO,Santos,Tartarus;Savois;Prontera;Resembool;Drinmoor,20000,35000,"50,17480056",1,2
COLOMBO,Santos,Tartarus;Savois;Prontera;Resembool;Limoria,20000,35000,"50,17569779",1,2
COLOMBO,Santos,Tartarus;Savois;Prontera;Resembool;Mondstadt,20000,35000,"50,11984498",1,2
COLOMBO,Santos,Tartarus;Savois;Nibelheim,20000,35000,"33,11964604",1,2
COLOMBO,Santos,Tartarus;Savois;Nibelheim;Drinmoor,20000,35000,"43,13853115",1,2
COLOMBO,Santos,Tartarus;Savois;Nibelheim;Limoria,20000,35000,"43,13942838",1,2
COLOMBO,Santos,Tartarus;Savois;Nibelheim;Limoria;Drinmoor,20000,35000,"45,68967932",1,2
COLOMBO,Santos,Tartarus;Savois;Nibelheim;Mondstadt,20000,35000,"43,18402419",1,2
COLOMBO,Santos,Tartarus;Savois;Nibelheim;Mondstadt;Drinmoor,20000,35000,"45,79102517",1,2
COLOMBO,Santos,Tartarus;Savois;Nibelheim;Mondstadt;Limoria,20000,35000,"45,7919224",1,2
COLOMBO,Santos,Tartarus;Savois;Nibelheim;Resembool,20000,35000,"46,85001246",1,2
COLOMBO,Santos,Tartarus;Savois;Nibelheim;Resembool;Drinmoor,20000,35000,"49,73470733",1,2
COLOMBO,Santos,Tartarus;Savois;Nibelheim;Resembool;Limoria,20000,35000,"49,73560456",1,2
COLOMBO,Santos,Tartarus;Savois;Nibelheim;Resembool;Mondstadt,20000,35000,"49,67975175",1,2
COLOMBO,Santos,Tartarus;Savois;Nibelheim;Prontera,20000,35000,"41,61875042",1,2
COLOMBO,Santos,Tartarus;Savois;Nibelheim;Prontera;Drinmoor,20000,35000,"46,13739903",1,2
COLOMBO,Santos,Tartarus;Savois;Nibelheim;Prontera;Limoria,20000,35000,"46,13829626",1,2
COLOMBO,Santos,Tartarus;Savois;Nibelheim;Prontera;Mondstadt,20000,35000,"46,18289207",1,2
COLOMBO,Santos,Tartarus;Savois;Nibelheim;Prontera;Resembool,20000,35000,"49,84708588",1,2
COLOMBO,Santos;Portocel,Skellige;Limoria,20000,35000,"35,94135868",1,2
COLOMBO,Santos;Portocel,Liones;Drinmoor,20000,35000,"39,84901731",1,2
COLOMBO,Santos;Portocel,Liones;Limoria,20000,35000,"39,85036316",1,2
COLOMBO,Santos;Portocel,Liones;Limoria;Drinmoor,20000,35000,"41,90061409",1,2
COLOMBO,Santos;Portocel,Liones;Mondstadt,20000,35000,"39,89451035",1,2
COLOMBO,Santos;Portocel,Liones;Mondstadt;Drinmoor,20000,35000,"42,00151133",1,2
COLOMBO,Santos;Portocel,Liones;Mondstadt;Limoria,20000,35000,"42,00240856",1,2
COLOMBO,Santos;Portocel,Liones;Mondstadt;Limoria;Drinmoor,20000,35000,"44,5526595",1,2
COLOMBO,Santos;Portocel,Liones;Resembool,20000,35000,"43,56094723",1,2
COLOMBO,Santos;Portocel,Liones;Resembool;Drinmoor,20000,35000,"45,94564211",1,2
COLOMBO,Santos;Portocel,Liones;Resembool;Limoria,20000,35000,"45,94653934",1,2
COLOMBO,Santos;Portocel,Liones;Resembool;Limoria;Drinmoor,20000,35000,"48,49679028",1,2
COLOMBO,Santos;Portocel,Liones;Resembool;Mondstadt,20000,35000,"45,89068653",1,2
COLOMBO,Santos;Portocel,Liones;Resembool;Mondstadt;Drinmoor,20000,35000,"48,49768751",1,2
COLOMBO,Santos;Portocel,Liones;Resembool;Mondstadt;Limoria,20000,35000,"48,49858474",1,2
COLOMBO,Santos;Portocel,Liones;Resembool;Mondstadt;Limoria;Drinmoor,20000,35000,"51,04883568",1,2
COLOMBO,Santos;Portocel,Liones;Prontera,20000,35000,"39,00122741",1,2
COLOMBO,Santos;Portocel,Liones;Prontera;Drinmoor,20000,35000,"42,34788519",1,2
COLOMBO,Santos;Portocel,Liones;Prontera;Limoria,20000,35000,"42,34878242",1,2
COLOMBO,Santos;Portocel,Liones;Prontera;Limoria;Drinmoor,20000,35000,"44,89903336",1,2
COLOMBO,Santos;Portocel,Liones;Prontera;Mondstadt,20000,35000,"42,39337823",1,2
COLOMBO,Santos;Portocel,Liones;Prontera;Mondstadt;Drinmoor,20000,35000,"45,00037921",1,2
COLOMBO,Santos;Portocel,Liones;Prontera;Mondstadt;Limoria,20000,35000,"45,00127644",1,2
COLOMBO,Santos;Portocel,Liones;Prontera;Mondstadt;Limoria;Drinmoor,20000,35000,"47,55152738",1,2
COLOMBO,Santos;Portocel,Liones;Prontera;Resembool,20000,35000,"46,05757203",1,2
COLOMBO,Santos;Portocel,Liones;Prontera;Resembool;Drinmoor,20000,35000,"48,94226691",1,2
COLOMBO,Santos;Portocel,Liones;Prontera;Resembool;Limoria,20000,35000,"48,94316414",1,2
COLOMBO,Santos;Portocel,Liones;Prontera;Resembool;Limoria;Drinmoor,20000,35000,"51,49341508",1,2
COLOMBO,Santos;Portocel,Liones;Prontera;Resembool;Mondstadt,20000,35000,"48,88731133",1,2
COLOMBO,Santos;Portocel,Liones;Prontera;Resembool;Mondstadt;Drinmoor,20000,35000,"51,49431231",1,2
COLOMBO,Santos;Portocel,Liones;Prontera;Resembool;Mondstadt;Limoria,20000,35000,"51,49520954",1,2
COLOMBO,Santos;Portocel,Liones;Nibelheim,20000,35000,"32,35910322",1,2
COLOMBO,Santos;Portocel,Liones;Nibelheim;Drinmoor,20000,35000,"41,9059975",1,2
COLOMBO,Santos;Portocel,Liones;Nibelheim;Limoria,20000,35000,"41,90689473",1,2
COLOMBO,Santos;Portocel,Liones;Nibelheim;Limoria;Drinmoor,20000,35000,"44,45714567",1,2
COLOMBO,Santos;Portocel,Liones;Nibelheim;Mondstadt,20000,35000,"41,95149054",1,2
COLOMBO,Santos;Portocel,Liones;Nibelheim;Mondstadt;Drinmoor,20000,35000,"44,55849152",1,2
COLOMBO,Santos;Portocel,Liones;Nibelheim;Mondstadt;Limoria,20000,35000,"44,55938875",1,2
COLOMBO,Santos;Portocel,Liones;Nibelheim;Mondstadt;Limoria;Drinmoor,20000,35000,"47,10963969",1,2
COLOMBO,Santos;Portocel,Liones;Nibelheim;Resembool,20000,35000,"45,61747881",1,2
COLOMBO,Santos;Portocel,Liones;Nibelheim;Resembool;Drinmoor,20000,35000,"48,50217368",1,2
COLOMBO,Santos;Portocel,Liones;Nibelheim;Resembool;Limoria,20000,35000,"48,50307091",1,2
COLOMBO,Santos;Portocel,Liones;Nibelheim;Resembool;Limoria;Drinmoor,20000,35000,"51,05332185",1,2
COLOMBO,Santos;Portocel,Liones;Nibelheim;Resembool;Mondstadt,20000,35000,"48,4472181",1,2
COLOMBO,Santos;Portocel,Liones;Nibelheim;Resembool;Mondstadt;Drinmoor,20000,35000,"51,05421908",1,2
COLOMBO,Santos;Portocel,Liones;Nibelheim;Resembool;Mondstadt;Limoria,20000,35000,"51,05511632",1,2
COLOMBO,Santos;Portocel,Liones;Nibelheim;Prontera,20000,35000,"40,0582076",1,2
COLOMBO,Santos;Portocel,Liones;Nibelheim;Prontera;Drinmoor,20000,35000,"44,90486538",1,2
COLOMBO,Santos;Portocel,Liones;Nibelheim;Prontera;Limoria,20000,35000,"44,90576261",1,2
COLOMBO,Santos;Portocel,Liones;Nibelheim;Prontera;Limoria;Drinmoor,20000,35000,"47,45601355",1,2
COLOMBO,Santos;Portocel,Liones;Nibelheim;Prontera;Mondstadt,20000,35000,"44,95035842",1,2
COLOMBO,Santos;Portocel,Liones;Nibelheim;Prontera;Mondstadt;Drinmoor,20000,35000,"47,5573594",1,2
COLOMBO,Santos;Portocel,Liones;Nibelheim;Prontera;Mondstadt;Limoria,20000,35000,"47,55825663",1,2
COLOMBO,Santos;Portocel,Liones;Nibelheim;Prontera;Resembool,20000,35000,"48,61455222",1,2
COLOMBO,Santos;Portocel,Liones;Nibelheim;Prontera;Resembool;Drinmoor,20000,35000,"51,4992471",1,2
COLOMBO,Santos;Portocel,Liones;Nibelheim;Prontera;Resembool;Limoria,20000,35000,"51,50014433",1,2
COLOMBO,Santos;Portocel,Liones;Nibelheim;Prontera;Resembool;Mondstadt,20000,35000,"51,44429152",1,2
COLOMBO,Santos;Portocel,Liones;Savois,20000,35000,"31,77427304",1,2
COLOMBO,Santos;Portocel,Liones;Savois;Drinmoor,20000,35000,"41,97329004",1,2
COLOMBO,Santos;Portocel,Liones;Savois;Limoria,20000,35000,"41,97418727",1,2
COLOMBO,Santos;Portocel,Liones;Savois;Limoria;Drinmoor,20000,35000,"44,52443821",1,2
COLOMBO,Santos;Portocel,Liones;Savois;Mondstadt,20000,35000,"42,01878308",1,2
COLOMBO,Santos;Portocel,Liones;Savois;Mondstadt;Drinmoor,20000,35000,"44,62578406",1,2
COLOMBO,Santos;Portocel,Liones;Savois;Mondstadt;Limoria,20000,35000,"44,62668129",1,2
COLOMBO,Santos;Portocel,Liones;Savois;Mondstadt;Limoria;Drinmoor,20000,35000,"47,17693223",1,2
COLOMBO,Santos;Portocel,Liones;Savois;Resembool,20000,35000,"45,68477135",1,2
COLOMBO,Santos;Portocel,Liones;Savois;Resembool;Drinmoor,20000,35000,"48,56946622",1,2
COLOMBO,Santos;Portocel,Liones;Savois;Resembool;Limoria,20000,35000,"48,57036346",1,2
COLOMBO,Santos;Portocel,Liones;Savois;Resembool;Limoria;Drinmoor,20000,35000,"51,12061439",1,2
COLOMBO,Santos;Portocel,Liones;Savois;Resembool;Mondstadt,20000,35000,"48,51451064",1,2
COLOMBO,Santos;Portocel,Liones;Savois;Resembool;Mondstadt;Drinmoor,20000,35000,"51,12151162",1,2
COLOMBO,Santos;Portocel,Liones;Savois;Resembool;Mondstadt;Limoria,20000,35000,"51,12240886",1,2
COLOMBO,Santos;Portocel,Liones;Savois;Prontera,20000,35000,"40,12550014",1,2
COLOMBO,Santos;Portocel,Liones;Savois;Prontera;Drinmoor,20000,35000,"44,97215792",1,2
COLOMBO,Santos;Portocel,Liones;Savois;Prontera;Limoria,20000,35000,"44,97305516",1,2
COLOMBO,Santos;Portocel,Liones;Savois;Prontera;Limoria;Drinmoor,20000,35000,"47,52330609",1,2
COLOMBO,Santos;Portocel,Liones;Savois;Prontera;Mondstadt,20000,35000,"45,01765096",1,2
COLOMBO,Santos;Portocel,Liones;Savois;Prontera;Mondstadt;Drinmoor,20000,35000,"47,62465194",1,2
COLOMBO,Santos;Portocel,Liones;Savois;Prontera;Mondstadt;Limoria,20000,35000,"47,62554918",1,2
COLOMBO,Santos;Portocel,Liones;Savois;Prontera;Resembool,20000,35000,"48,68184477",1,2
COLOMBO,Santos;Portocel,Liones;Savois;Prontera;Resembool;Drinmoor,20000,35000,"51,56653964",1,2
COLOMBO,Santos;Portocel,Liones;Savois;Prontera;Resembool;Limoria,20000,35000,"51,56743687",1,2
COLOMBO,Santos;Portocel,Liones;Savois;Prontera;Resembool;Mondstadt,20000,35000,"51,51158406",1,2
COLOMBO,Santos;Portocel,Liones;Savois;Nibelheim,20000,35000,"34,18337595",1,2
COLOMBO,Santos;Portocel,Liones;Savois;Nibelheim;Drinmoor,20000,35000,"44,53027023",1,2
COLOMBO,Santos;Portocel,Liones;Savois;Nibelheim;Limoria,20000,35000,"44,53116746",1,2
COLOMBO,Santos;Portocel,Liones;Savois;Nibelheim;Limoria;Drinmoor,20000,35000,"47,0814184",1,2
COLOMBO,Santos;Portocel,Liones;Savois;Nibelheim;Mondstadt,20000,35000,"44,57576327",1,2
COLOMBO,Santos;Portocel,Liones;Savois;Nibelheim;Mondstadt;Drinmoor,20000,35000,"47,18276425",1,2
COLOMBO,Santos;Portocel,Liones;Savois;Nibelheim;Mondstadt;Limoria,20000,35000,"47,18366148",1,2
COLOMBO,Santos;Portocel,Liones;Savois;Nibelheim;Resembool,20000,35000,"48,24175154",1,2
COLOMBO,Santos;Portocel,Liones;Savois;Nibelheim;Resembool;Drinmoor,20000,35000,"51,12644641",1,2
COLOMBO,Santos;Portocel,Liones;Savois;Nibelheim;Resembool;Limoria,20000,35000,"51,12734364",1,2
COLOMBO,Santos;Portocel,Liones;Savois;Nibelheim;Resembool;Mondstadt,20000,35000,"51,07149083",1,2
COLOMBO,Santos;Portocel,Liones;Savois;Nibelheim;Prontera,20000,35000,"43,0104895",1,2
COLOMBO,Santos;Portocel,Liones;Savois;Nibelheim;Prontera;Drinmoor,20000,35000,"47,52913811",1,2
COLOMBO,Santos;Portocel,Liones;Savois;Nibelheim;Prontera;Limoria,20000,35000,"47,53003535",1,2
COLOMBO,Santos;Portocel,Liones;Savois;Nibelheim;Prontera;Mondstadt,20000,35000,"47,57463115",1,2
COLOMBO,Santos;Portocel,Liones;Savois;Nibelheim;Prontera;Resembool,20000,35000,"51,23882496",1,2
COLOMBO,Santos;Portocel,Resembool;Limoria;Drinmoor,20000,35000,"41,54135868",1,2
COLOMBO,Santos;Portocel,Resembool;Mondstadt;Drinmoor,20000,35000,"41,54135868",1,2
COLOMBO,Santos;Portocel,Resembool;Mondstadt;Limoria,20000,35000,"41,54135868",1,2
COLOMBO,Santos;Portocel,Resembool;Mondstadt;Limoria;Drinmoor,20000,35000,"44,04135868",1,2
COLOMBO,Santos;Portocel,Prontera;Drinmoor,20000,35000,"40,00962217",1,2
COLOMBO,Santos;Portocel,Prontera;Limoria,20000,35000,"40,01051941",1,2
COLOMBO,Santos;Portocel,Prontera;Limoria;Drinmoor,20000,35000,"42,06077034",1,2
COLOMBO,Santos;Portocel,Prontera;Mondstadt,20000,35000,"40,05511521",1,2
COLOMBO,Santos;Portocel,Prontera;Mondstadt;Drinmoor,20000,35000,"42,16211619",1,2
COLOMBO,Santos;Portocel,Prontera;Mondstadt;Limoria,20000,35000,"42,16301343",1,2
COLOMBO,Santos;Portocel,Prontera;Mondstadt;Limoria;Drinmoor,20000,35000,"44,71326436",1,2
COLOMBO,Santos;Portocel,Prontera;Resembool,20000,35000,"43,71930902",1,2
COLOMBO,Santos;Portocel,Prontera;Resembool;Drinmoor,20000,35000,"46,10400389",1,2
COLOMBO,Santos;Portocel,Prontera;Resembool;Limoria,20000,35000,"46,10490112",1,2
COLOMBO,Santos;Portocel,Prontera;Resembool;Limoria;Drinmoor,20000,35000,"48,65515206",1,2
COLOMBO,Santos;Portocel,Prontera;Resembool;Mondstadt,20000,35000,"46,04904831",1,2
COLOMBO,Santos;Portocel,Prontera;Resembool;Mondstadt;Drinmoor,20000,35000,"48,65604929",1,2
COLOMBO,Santos;Portocel,Prontera;Resembool;Mondstadt;Limoria,20000,35000,"48,65694653",1,2
COLOMBO,Santos;Portocel,Prontera;Resembool;Mondstadt;Limoria;Drinmoor,20000,35000,"51,20719746",1,2
COLOMBO,Santos;Portocel,Nibelheim;Drinmoor,20000,35000,"39,76624748",1,2
COLOMBO,Santos;Portocel,Nibelheim;Limoria,20000,35000,"39,76714471",1,2
COLOMBO,Santos;Portocel,Nibelheim;Limoria;Drinmoor,20000,35000,"41,81739565",1,2
COLOMBO,Santos;Portocel,Nibelheim;Mondstadt,20000,35000,"39,81174052",1,2
COLOMBO,Santos;Portocel,Nibelheim;Mondstadt;Drinmoor,20000,35000,"41,9187415",1,2
COLOMBO,Santos;Portocel,Nibelheim;Mondstadt;Limoria,20000,35000,"41,91963873",1,2
COLOMBO,Santos;Portocel,Nibelheim;Mondstadt;Limoria;Drinmoor,20000,35000,"44,46988967",1,2
COLOMBO,Santos;Portocel,Nibelheim;Resembool,20000,35000,"43,47772879",1,2
COLOMBO,Santos;Portocel,Nibelheim;Resembool;Drinmoor,20000,35000,"45,86242366",1,2
COLOMBO,Santos;Portocel,Nibelheim;Resembool;Limoria,20000,35000,"45,8633209",1,2
COLOMBO,Santos;Portocel,Nibelheim;Resembool;Limoria;Drinmoor,20000,35000,"48,41357183",1,2
COLOMBO,Santos;Portocel,Nibelheim;Resembool;Mondstadt,20000,35000,"45,80746809",1,2
COLOMBO,Santos;Portocel,Nibelheim;Resembool;Mondstadt;Drinmoor,20000,35000,"48,41446907",1,2
COLOMBO,Santos;Portocel,Nibelheim;Resembool;Mondstadt;Limoria,20000,35000,"48,4153663",1,2
COLOMBO,Santos;Portocel,Nibelheim;Resembool;Mondstadt;Limoria;Drinmoor,20000,35000,"50,96561723",1,2
COLOMBO,Santos;Portocel,Nibelheim;Prontera,20000,35000,"38,91845758",1,2
COLOMBO,Santos;Portocel,Nibelheim;Prontera;Drinmoor,20000,35000,"42,26511536",1,2
COLOMBO,Santos;Portocel,Nibelheim;Prontera;Limoria,20000,35000,"42,2660126",1,2
COLOMBO,Santos;Portocel,Nibelheim;Prontera;Limoria;Drinmoor,20000,35000,"44,81626353",1,2
COLOMBO,Santos;Portocel,Nibelheim;Prontera;Mondstadt,20000,35000,"42,3106084",1,2
COLOMBO,Santos;Portocel,Nibelheim;Prontera;Mondstadt;Drinmoor,20000,35000,"44,91760938",1,2
COLOMBO,Santos;Portocel,Nibelheim;Prontera;Mondstadt;Limoria,20000,35000,"44,91850662",1,2
COLOMBO,Santos;Portocel,Nibelheim;Prontera;Mondstadt;Limoria;Drinmoor,20000,35000,"47,46875755",1,2
COLOMBO,Santos;Portocel,Nibelheim;Prontera;Resembool,20000,35000,"45,97480221",1,2
COLOMBO,Santos;Portocel,Nibelheim;Prontera;Resembool;Drinmoor,20000,35000,"48,85949708",1,2
COLOMBO,Santos;Portocel,Nibelheim;Prontera;Resembool;Limoria,20000,35000,"48,86039431",1,2
COLOMBO,Santos;Portocel,Nibelheim;Prontera;Resembool;Limoria;Drinmoor,20000,35000,"51,41064525",1,2
COLOMBO,Santos;Portocel,Nibelheim;Prontera;Resembool;Mondstadt,20000,35000,"48,8045415",1,2
COLOMBO,Santos;Portocel,Nibelheim;Prontera;Resembool;Mondstadt;Drinmoor,20000,35000,"51,41154248",1,2
COLOMBO,Santos;Portocel,Nibelheim;Prontera;Resembool;Mondstadt;Limoria,20000,35000,"51,41243972",1,2
COLOMBO,Santos;Portocel,Savois;Drinmoor,20000,35000,"39,88311219",1,2
COLOMBO,Santos;Portocel,Savois;Limoria,20000,35000,"39,88400943",1,2
COLOMBO,Santos;Portocel,Savois;Limoria;Drinmoor,20000,35000,"41,93426036",1,2
COLOMBO,Santos;Portocel,Savois;Liones;Nibelheim,20000,35000,"34,47549576",1,2
COLOMBO,Santos;Portocel,Savois;Mondstadt,20000,35000,"39,92860523",1,2
COLOMBO,Santos;Portocel,Savois;Mondstadt;Drinmoor,20000,35000,"42,03560621",1,2
COLOMBO,Santos;Portocel,Savois;Mondstadt;Limoria,20000,35000,"42,03650345",1,2
COLOMBO,Santos;Portocel,Savois;Mondstadt;Limoria;Drinmoor,20000,35000,"44,58675438",1,2
COLOMBO,Santos;Portocel,Savois;Resembool,20000,35000,"43,59459351",1,2
COLOMBO,Santos;Portocel,Savois;Resembool;Drinmoor,20000,35000,"45,97928838",1,2
COLOMBO,Santos;Portocel,Savois;Resembool;Limoria,20000,35000,"45,98018561",1,2
COLOMBO,Santos;Portocel,Savois;Resembool;Limoria;Drinmoor,20000,35000,"48,53043655",1,2
COLOMBO,Santos;Portocel,Savois;Resembool;Mondstadt,20000,35000,"45,9243328",1,2
COLOMBO,Santos;Portocel,Savois;Resembool;Mondstadt;Drinmoor,20000,35000,"48,53133378",1,2
COLOMBO,Santos;Portocel,Savois;Resembool;Mondstadt;Limoria,20000,35000,"48,53223101",1,2
COLOMBO,Santos;Portocel,Savois;Resembool;Mondstadt;Limoria;Drinmoor,20000,35000,"51,08248195",1,2
COLOMBO,Santos;Portocel,Savois;Prontera,20000,35000,"39,0353223",1,2
COLOMBO,Santos;Portocel,Savois;Prontera;Drinmoor,20000,35000,"42,38198008",1,2
COLOMBO,Santos;Portocel,Savois;Prontera;Limoria,20000,35000,"42,38287731",1,2
COLOMBO,Santos;Portocel,Savois;Prontera;Limoria;Drinmoor,20000,35000,"44,93312825",1,2
COLOMBO,Santos;Portocel,Savois;Prontera;Mondstadt,20000,35000,"42,42747312",1,2
COLOMBO,Santos;Portocel,Savois;Prontera;Mondstadt;Drinmoor,20000,35000,"45,0344741",1,2
COLOMBO,Santos;Portocel,Savois;Prontera;Mondstadt;Limoria,20000,35000,"45,03537133",1,2
COLOMBO,Santos;Portocel,Savois;Prontera;Mondstadt;Limoria;Drinmoor,20000,35000,"47,58562227",1,2
COLOMBO,Santos;Portocel,Savois;Prontera;Resembool,20000,35000,"46,09166692",1,2
COLOMBO,Santos;Portocel,Savois;Prontera;Resembool;Drinmoor,20000,35000,"48,97636179",1,2
COLOMBO,Santos;Portocel,Savois;Prontera;Resembool;Limoria,20000,35000,"48,97725903",1,2
COLOMBO,Santos;Portocel,Savois;Prontera;Resembool;Limoria;Drinmoor,20000,35000,"51,52750996",1,2
COLOMBO,Santos;Portocel,Savois;Prontera;Resembool;Mondstadt,20000,35000,"48,92140622",1,2
COLOMBO,Santos;Portocel,Savois;Prontera;Resembool;Mondstadt;Drinmoor,20000,35000,"51,5284072",1,2
COLOMBO,Santos;Portocel,Savois;Prontera;Resembool;Mondstadt;Limoria,20000,35000,"51,52930443",1,2
COLOMBO,Santos;Portocel,Savois;Nibelheim,20000,35000,"32,39319811",1,2
COLOMBO,Santos;Portocel,Savois;Nibelheim;Drinmoor,20000,35000,"41,94009238",1,2
COLOMBO,Santos;Portocel,Savois;Nibelheim;Limoria,20000,35000,"41,94098962",1,2
COLOMBO,Santos;Portocel,Savois;Nibelheim;Limoria;Drinmoor,20000,35000,"44,49124055",1,2
COLOMBO,Santos;Portocel,Savois;Nibelheim;Mondstadt,20000,35000,"41,98558542",1,2
COLOMBO,Santos;Portocel,Savois;Nibelheim;Mondstadt;Drinmoor,20000,35000,"44,5925864",1,2
COLOMBO,Santos;Portocel,Savois;Nibelheim;Mondstadt;Limoria,20000,35000,"44,59348364",1,2
COLOMBO,Santos;Portocel,Savois;Nibelheim;Mondstadt;Limoria;Drinmoor,20000,35000,"47,14373457",1,2
COLOMBO,Santos;Portocel,Savois;Nibelheim;Resembool,20000,35000,"45,6515737",1,2
COLOMBO,Santos;Portocel,Savois;Nibelheim;Resembool;Drinmoor,20000,35000,"48,53626857",1,2
COLOMBO,Santos;Portocel,Savois;Nibelheim;Resembool;Limoria,20000,35000,"48,5371658",1,2
COLOMBO,Santos;Portocel,Savois;Nibelheim;Resembool;Limoria;Drinmoor,20000,35000,"51,08741674",1,2
COLOMBO,Santos;Portocel,Savois;Nibelheim;Resembool;Mondstadt,20000,35000,"48,48131299",1,2
COLOMBO,Santos;Portocel,Savois;Nibelheim;Resembool;Mondstadt;Drinmoor,20000,35000,"51,08831397",1,2
COLOMBO,Santos;Portocel,Savois;Nibelheim;Resembool;Mondstadt;Limoria,20000,35000,"51,0892112",1,2
COLOMBO,Santos;Portocel,Savois;Nibelheim;Prontera,20000,35000,"40,09230249",1,2
COLOMBO,Santos;Portocel,Savois;Nibelheim;Prontera;Drinmoor,20000,35000,"44,93896027",1,2
COLOMBO,Santos;Portocel,Savois;Nibelheim;Prontera;Limoria,20000,35000,"44,9398575",1,2
COLOMBO,Santos;Portocel,Savois;Nibelheim;Prontera;Limoria;Drinmoor,20000,35000,"47,49010844",1,2
COLOMBO,Santos;Portocel,Savois;Nibelheim;Prontera;Mondstadt,20000,35000,"44,98445331",1,2
COLOMBO,Santos;Portocel,Savois;Nibelheim;Prontera;Mondstadt;Drinmoor,20000,35000,"47,59145429",1,2
COLOMBO,Santos;Portocel,Savois;Nibelheim;Prontera;Mondstadt;Limoria,20000,35000,"47,59235152",1,2
COLOMBO,Santos;Portocel,Savois;Nibelheim;Prontera;Resembool,20000,35000,"48,64864711",1,2
COLOMBO,Santos;Portocel,Savois;Nibelheim;Prontera;Resembool;Drinmoor,20000,35000,"51,53334198",1,2
COLOMBO,Santos;Portocel,Savois;Nibelheim;Prontera;Resembool;Limoria,20000,35000,"51,53423922",1,2
COLOMBO,Santos;Portocel,Savois;Nibelheim;Prontera;Resembool;Mondstadt,20000,35000,"51,47838641",1,2
COLOMBO,Santos;Portocel,Tartarus,20000,35000,"29,00468999",1,2
COLOMBO,Santos;Portocel,Tartarus;Drinmoor,20000,35000,"39,89836517",1,2
COLOMBO,Santos;Portocel,Tartarus;Limoria,20000,35000,"39,89971102",1,2
COLOMBO,Santos;Portocel,Tartarus;Limoria;Drinmoor,20000,35000,"41,94996196",1,2
COLOMBO,Santos;Portocel,Tartarus;Liones,20000,35000,"31,95349551",1,2
COLOMBO,Santos;Portocel,Tartarus;Liones;Drinmoor,20000,35000,"42,01770312",1,2
COLOMBO,Santos;Portocel,Tartarus;Liones;Limoria,20000,35000,"42,01904897",1,2
COLOMBO,Santos;Portocel,Tartarus;Liones;Limoria;Drinmoor,20000,35000,"44,5692999",1,2
COLOMBO,Santos;Portocel,Tartarus;Liones;Mondstadt,20000,35000,"42,06319616",1,2
COLOMBO,Santos;Portocel,Tartarus;Liones;Mondstadt;Drinmoor,20000,35000,"44,67019714",1,2
COLOMBO,Santos;Portocel,Tartarus;Liones;Mondstadt;Limoria,20000,35000,"44,67109437",1,2
COLOMBO,Santos;Portocel,Tartarus;Liones;Mondstadt;Limoria;Drinmoor,20000,35000,"47,22134531",1,2
COLOMBO,Santos;Portocel,Tartarus;Liones;Resembool,20000,35000,"45,72963304",1,2
COLOMBO,Santos;Portocel,Tartarus;Liones;Resembool;Drinmoor,20000,35000,"48,61432792",1,2
COLOMBO,Santos;Portocel,Tartarus;Liones;Resembool;Limoria,20000,35000,"48,61522515",1,2
COLOMBO,Santos;Portocel,Tartarus;Liones;Resembool;Limoria;Drinmoor,20000,35000,"51,16547609",1,2
COLOMBO,Santos;Portocel,Tartarus;Liones;Resembool;Mondstadt,20000,35000,"48,55937234",1,2
COLOMBO,Santos;Portocel,Tartarus;Liones;Resembool;Mondstadt;Drinmoor,20000,35000,"51,16637332",1,2
COLOMBO,Santos;Portocel,Tartarus;Liones;Resembool;Mondstadt;Limoria,20000,35000,"51,16727055",1,2
COLOMBO,Santos;Portocel,Tartarus;Liones;Prontera,20000,35000,"39,84190405",1,2
COLOMBO,Santos;Portocel,Tartarus;Liones;Prontera;Drinmoor,20000,35000,"45,016571",1,2
COLOMBO,Santos;Portocel,Tartarus;Liones;Prontera;Limoria,20000,35000,"45,01746823",1,2
COLOMBO,Santos;Portocel,Tartarus;Liones;Prontera;Limoria;Drinmoor,20000,35000,"47,56771917",1,2
COLOMBO,Santos;Portocel,Tartarus;Liones;Prontera;Mondstadt,20000,35000,"45,06206404",1,2
COLOMBO,Santos;Portocel,Tartarus;Liones;Prontera;Mondstadt;Drinmoor,20000,35000,"47,66906502",1,2
COLOMBO,Santos;Portocel,Tartarus;Liones;Prontera;Mondstadt;Limoria,20000,35000,"47,66996226",1,2
COLOMBO,Santos;Portocel,Tartarus;Liones;Prontera;Resembool,20000,35000,"48,72625784",1,2
COLOMBO,Santos;Portocel,Tartarus;Liones;Prontera;Resembool;Drinmoor,20000,35000,"51,61095272",1,2
COLOMBO,Santos;Portocel,Tartarus;Liones;Prontera;Resembool;Limoria,20000,35000,"51,61184995",1,2
COLOMBO,Santos;Portocel,Tartarus;Liones;Prontera;Resembool;Mondstadt,20000,35000,"51,55599714",1,2
COLOMBO,Santos;Portocel,Tartarus;Liones;Nibelheim,20000,35000,"34,5557982",1,2
COLOMBO,Santos;Portocel,Tartarus;Liones;Nibelheim;Drinmoor,20000,35000,"44,57468331",1,2
COLOMBO,Santos;Portocel,Tartarus;Liones;Nibelheim;Limoria,20000,35000,"44,57558054",1,2
COLOMBO,Santos;Portocel,Tartarus;Liones;Nibelheim;Limoria;Drinmoor,20000,35000,"47,12583148",1,2
COLOMBO,Santos;Portocel,Tartarus;Liones;Nibelheim;Mondstadt,20000,35000,"44,62017635",1,2
COLOMBO,Santos;Portocel,Tartarus;Liones;Nibelheim;Mondstadt;Drinmoor,20000,35000,"47,22717733",1,2
COLOMBO,Santos;Portocel,Tartarus;Liones;Nibelheim;Mondstadt;Limoria,20000,35000,"47,22807456",1,2
COLOMBO,Santos;Portocel,Tartarus;Liones;Nibelheim;Resembool,20000,35000,"48,28616462",1,2
COLOMBO,Santos;Portocel,Tartarus;Liones;Nibelheim;Resembool;Drinmoor,20000,35000,"51,17085949",1,2
COLOMBO,Santos;Portocel,Tartarus;Liones;Nibelheim;Resembool;Limoria,20000,35000,"51,17175672",1,2
COLOMBO,Santos;Portocel,Tartarus;Liones;Nibelheim;Resembool;Mondstadt,20000,35000,"51,11590391",1,2
COLOMBO,Santos;Portocel,Tartarus;Liones;Nibelheim;Prontera,20000,35000,"43,05490258",1,2
COLOMBO,Santos;Portocel,Tartarus;Liones;Nibelheim;Prontera;Drinmoor,20000,35000,"47,57355119",1,2
COLOMBO,Santos;Portocel,Tartarus;Liones;Nibelheim;Prontera;Limoria,20000,35000,"47,57444842",1,2
COLOMBO,Santos;Portocel,Tartarus;Liones;Nibelheim;Prontera;Mondstadt,20000,35000,"47,61904423",1,2
COLOMBO,Santos;Portocel,Tartarus;Liones;Nibelheim;Prontera;Resembool,20000,35000,"51,28323803",1,2
COLOMBO,Santos;Portocel,Tartarus;Liones;Savois,20000,35000,"34,07096801",1,2
COLOMBO,Santos;Portocel,Tartarus;Liones;Savois;Drinmoor,20000,35000,"44,64197585",1,2
COLOMBO,Santos;Portocel,Tartarus;Liones;Savois;Limoria,20000,35000,"44,64287308",1,2
COLOMBO,Santos;Portocel,Tartarus;Liones;Savois;Limoria;Drinmoor,20000,35000,"47,19312402",1,2
COLOMBO,Santos;Portocel,Tartarus;Liones;Savois;Mondstadt,20000,35000,"44,68746889",1,2
COLOMBO,Santos;Portocel,Tartarus;Liones;Savois;Mondstadt;Drinmoor,20000,35000,"47,29446987",1,2
COLOMBO,Santos;Portocel,Tartarus;Liones;Savois;Mondstadt;Limoria,20000,35000,"47,2953671",1,2
COLOMBO,Santos;Portocel,Tartarus;Liones;Savois;Resembool,20000,35000,"48,35345716",1,2
COLOMBO,Santos;Portocel,Tartarus;Liones;Savois;Resembool;Drinmoor,20000,35000,"51,23815203",1,2
COLOMBO,Santos;Portocel,Tartarus;Liones;Savois;Resembool;Limoria,20000,35000,"51,23904927",1,2
COLOMBO,Santos;Portocel,Tartarus;Liones;Savois;Resembool;Mondstadt,20000,35000,"51,18319646",1,2
COLOMBO,Santos;Portocel,Tartarus;Liones;Savois;Prontera,20000,35000,"43,12219512",1,2
COLOMBO,Santos;Portocel,Tartarus;Liones;Savois;Prontera;Drinmoor,20000,35000,"47,64084373",1,2
COLOMBO,Santos;Portocel,Tartarus;Liones;Savois;Prontera;Limoria,20000,35000,"47,64174097",1,2
COLOMBO,Santos;Portocel,Tartarus;Liones;Savois;Prontera;Mondstadt,20000,35000,"47,68633677",1,2
COLOMBO,Santos;Portocel,Tartarus;Liones;Savois;Prontera;Resembool,20000,35000,"51,35053058",1,2
COLOMBO,Santos;Portocel,Tartarus;Liones;Savois;Nibelheim,20000,35000,"37,18007093",1,2
COLOMBO,Santos;Portocel,Tartarus;Liones;Savois;Nibelheim;Drinmoor,20000,35000,"47,19895604",1,2
COLOMBO,Santos;Portocel,Tartarus;Liones;Savois;Nibelheim;Limoria,20000,35000,"47,19985327",1,2
COLOMBO,Santos;Portocel,Tartarus;Liones;Savois;Nibelheim;Mondstadt,20000,35000,"47,24444908",1,2
COLOMBO,Santos;Portocel,Tartarus;Liones;Savois;Nibelheim;Resembool,20000,35000,"50,91043735",1,2
COLOMBO,Santos;Portocel,Tartarus;Liones;Savois;Nibelheim;Prontera,20000,35000,"45,35116614",1,2
COLOMBO,Santos;Portocel,Tartarus;Mondstadt,20000,35000,"39,94385821",1,2
COLOMBO,Santos;Portocel,Tartarus;Mondstadt;Drinmoor,20000,35000,"42,05085919",1,2
COLOMBO,Santos;Portocel,Tartarus;Mondstadt;Limoria,20000,35000,"42,05175642",1,2
COLOMBO,Santos;Portocel,Tartarus;Mondstadt;Limoria;Drinmoor,20000,35000,"44,60200736",1,2
COLOMBO,Santos;Portocel,Tartarus;Resembool,20000,35000,"43,60805201",1,2
COLOMBO,Santos;Portocel,Tartarus;Resembool;Drinmoor,20000,35000,"45,99274689",1,2
COLOMBO,Santos;Portocel,Tartarus;Resembool;Limoria,20000,35000,"45,99364412",1,2
COLOMBO,Santos;Portocel,Tartarus;Resembool;Limoria;Drinmoor,20000,35000,"48,54389506",1,2
COLOMBO,Santos;Portocel,Tartarus;Resembool;Mondstadt,20000,35000,"45,93779131",1,2
COLOMBO,Santos;Portocel,Tartarus;Resembool;Mondstadt;Drinmoor,20000,35000,"48,54479229",1,2
COLOMBO,Santos;Portocel,Tartarus;Resembool;Mondstadt;Limoria,20000,35000,"48,54568952",1,2
COLOMBO,Santos;Portocel,Tartarus;Resembool;Mondstadt;Limoria;Drinmoor,20000,35000,"51,09594046",1,2
COLOMBO,Santos;Portocel,Tartarus;Prontera,20000,35000,"39,05416421",1,2
COLOMBO,Santos;Portocel,Tartarus;Prontera;Drinmoor,20000,35000,"42,40082199",1,2
COLOMBO,Santos;Portocel,Tartarus;Prontera;Limoria,20000,35000,"42,40171922",1,2
COLOMBO,Santos;Portocel,Tartarus;Prontera;Limoria;Drinmoor,20000,35000,"44,95197016",1,2
COLOMBO,Santos;Portocel,Tartarus;Prontera;Mondstadt,20000,35000,"42,44631503",1,2
COLOMBO,Santos;Portocel,Tartarus;Prontera;Mondstadt;Drinmoor,20000,35000,"45,05331601",1,2
COLOMBO,Santos;Portocel,Tartarus;Prontera;Mondstadt;Limoria,20000,35000,"45,05421324",1,2
COLOMBO,Santos;Portocel,Tartarus;Prontera;Mondstadt;Limoria;Drinmoor,20000,35000,"47,60446418",1,2
COLOMBO,Santos;Portocel,Tartarus;Prontera;Resembool,20000,35000,"46,11050883",1,2
COLOMBO,Santos;Portocel,Tartarus;Prontera;Resembool;Drinmoor,20000,35000,"48,99520371",1,2
COLOMBO,Santos;Portocel,Tartarus;Prontera;Resembool;Limoria,20000,35000,"48,99610094",1,2
COLOMBO,Santos;Portocel,Tartarus;Prontera;Resembool;Limoria;Drinmoor,20000,35000,"51,54635188",1,2
COLOMBO,Santos;Portocel,Tartarus;Prontera;Resembool;Mondstadt,20000,35000,"48,94024813",1,2
COLOMBO,Santos;Portocel,Tartarus;Prontera;Resembool;Mondstadt;Drinmoor,20000,35000,"51,54724911",1,2
COLOMBO,Santos;Portocel,Tartarus;Prontera;Resembool;Mondstadt;Limoria,20000,35000,"51,54814634",1,2
COLOMBO,Santos;Portocel,Tartarus;Nibelheim,20000,35000,"32,4326764",1,2
COLOMBO,Santos;Portocel,Tartarus;Nibelheim;Drinmoor,20000,35000,"41,97957068",1,2
COLOMBO,Santos;Portocel,Tartarus;Nibelheim;Limoria,20000,35000,"41,98046791",1,2
COLOMBO,Santos;Portocel,Tartarus;Nibelheim;Limoria;Drinmoor,20000,35000,"44,53071884",1,2
COLOMBO,Santos;Portocel,Tartarus;Nibelheim;Mondstadt,20000,35000,"42,02506372",1,2
COLOMBO,Santos;Portocel,Tartarus;Nibelheim;Mondstadt;Drinmoor,20000,35000,"44,6320647",1,2
COLOMBO,Santos;Portocel,Tartarus;Nibelheim;Mondstadt;Limoria,20000,35000,"44,63296193",1,2
COLOMBO,Santos;Portocel,Tartarus;Nibelheim;Mondstadt;Limoria;Drinmoor,20000,35000,"47,18321287",1,2
COLOMBO,Santos;Portocel,Tartarus;Nibelheim;Resembool,20000,35000,"45,69105199",1,2
COLOMBO,Santos;Portocel,Tartarus;Nibelheim;Resembool;Drinmoor,20000,35000,"48,57574686",1,2
COLOMBO,Santos;Portocel,Tartarus;Nibelheim;Resembool;Limoria,20000,35000,"48,57664409",1,2
COLOMBO,Santos;Portocel,Tartarus;Nibelheim;Resembool;Limoria;Drinmoor,20000,35000,"51,12689503",1,2
COLOMBO,Santos;Portocel,Tartarus;Nibelheim;Resembool;Mondstadt,20000,35000,"48,52079128",1,2
COLOMBO,Santos;Portocel,Tartarus;Nibelheim;Resembool;Mondstadt;Drinmoor,20000,35000,"51,12779226",1,2
COLOMBO,Santos;Portocel,Tartarus;Nibelheim;Resembool;Mondstadt;Limoria,20000,35000,"51,1286895",1,2
COLOMBO,Santos;Portocel,Tartarus;Nibelheim;Prontera,20000,35000,"39,80377161",1,2
COLOMBO,Santos;Portocel,Tartarus;Nibelheim;Prontera;Drinmoor,20000,35000,"44,97843856",1,2
COLOMBO,Santos;Portocel,Tartarus;Nibelheim;Prontera;Limoria,20000,35000,"44,97933579",1,2
COLOMBO,Santos;Portocel,Tartarus;Nibelheim;Prontera;Limoria;Drinmoor,20000,35000,"47,52958673",1,2
COLOMBO,Santos;Portocel,Tartarus;Nibelheim;Prontera;Mondstadt,20000,35000,"45,0239316",1,2
COLOMBO,Santos;Portocel,Tartarus;Nibelheim;Prontera;Mondstadt;Drinmoor,20000,35000,"47,63093258",1,2
COLOMBO,Santos;Portocel,Tartarus;Nibelheim;Prontera;Mondstadt;Limoria,20000,35000,"47,63182981",1,2
COLOMBO,Santos;Portocel,Tartarus;Nibelheim;Prontera;Resembool,20000,35000,"48,6881254",1,2
COLOMBO,Santos;Portocel,Tartarus;Nibelheim;Prontera;Resembool;Drinmoor,20000,35000,"51,57282028",1,2
COLOMBO,Santos;Portocel,Tartarus;Nibelheim;Prontera;Resembool;Limoria,20000,35000,"51,57371751",1,2
COLOMBO,Santos;Portocel,Tartarus;Nibelheim;Prontera;Resembool;Mondstadt,20000,35000,"51,5178647",1,2
COLOMBO,Santos;Portocel,Tartarus;Savois,20000,35000,"31,23707941",1,2
COLOMBO,Santos;Portocel,Tartarus;Savois;Drinmoor,20000,35000,"42,03609641",1,2
COLOMBO,Santos;Portocel,Tartarus;Savois;Limoria,20000,35000,"42,03699364",1,2
COLOMBO,Santos;Portocel,Tartarus;Savois;Limoria;Drinmoor,20000,35000,"44,58724458",1,2
COLOMBO,Santos;Portocel,Tartarus;Savois;Mondstadt,20000,35000,"42,08158945",1,2
COLOMBO,Santos;Portocel,Tartarus;Savois;Mondstadt;Drinmoor,20000,35000,"44,68859043",1,2
COLOMBO,Santos;Portocel,Tartarus;Savois;Mondstadt;Limoria,20000,35000,"44,68948767",1,2
COLOMBO,Santos;Portocel,Tartarus;Savois;Mondstadt;Limoria;Drinmoor,20000,35000,"47,2397386",1,2
COLOMBO,Santos;Portocel,Tartarus;Savois;Resembool,20000,35000,"45,74757772",1,2
COLOMBO,Santos;Portocel,Tartarus;Savois;Resembool;Drinmoor,20000,35000,"48,63227259",1,2
COLOMBO,Santos;Portocel,Tartarus;Savois;Resembool;Limoria,20000,35000,"48,63316983",1,2
COLOMBO,Santos;Portocel,Tartarus;Savois;Resembool;Limoria;Drinmoor,20000,35000,"51,18342076",1,2
COLOMBO,Santos;Portocel,Tartarus;Savois;Resembool;Mondstadt,20000,35000,"48,57731702",1,2
COLOMBO,Santos;Portocel,Tartarus;Savois;Resembool;Mondstadt;Drinmoor,20000,35000,"51,184318",1,2
COLOMBO,Santos;Portocel,Tartarus;Savois;Resembool;Mondstadt;Limoria,20000,35000,"51,18521523",1,2
COLOMBO,Santos;Portocel,Tartarus;Savois;Prontera,20000,35000,"39,86029735",1,2
COLOMBO,Santos;Portocel,Tartarus;Savois;Prontera;Drinmoor,20000,35000,"45,0349643",1,2
COLOMBO,Santos;Portocel,Tartarus;Savois;Prontera;Limoria,20000,35000,"45,03586153",1,2
COLOMBO,Santos;Portocel,Tartarus;Savois;Prontera;Limoria;Drinmoor,20000,35000,"47,58611247",1,2
COLOMBO,Santos;Portocel,Tartarus;Savois;Prontera;Mondstadt,20000,35000,"45,08045734",1,2
COLOMBO,Santos;Portocel,Tartarus;Savois;Prontera;Mondstadt;Drinmoor,20000,35000,"47,68745832",1,2
COLOMBO,Santos;Portocel,Tartarus;Savois;Prontera;Mondstadt;Limoria,20000,35000,"47,68835555",1,2
COLOMBO,Santos;Portocel,Tartarus;Savois;Prontera;Resembool,20000,35000,"48,74465114",1,2
COLOMBO,Santos;Portocel,Tartarus;Savois;Prontera;Resembool;Drinmoor,20000,35000,"51,62934601",1,2
COLOMBO,Santos;Portocel,Tartarus;Savois;Prontera;Resembool;Limoria,20000,35000,"51,63024324",1,2
COLOMBO,Santos;Portocel,Tartarus;Savois;Prontera;Resembool;Mondstadt,20000,35000,"51,57439043",1,2
COLOMBO,Santos;Portocel,Tartarus;Savois;Nibelheim,20000,35000,"34,57419149",1,2
COLOMBO,Santos;Portocel,Tartarus;Savois;Nibelheim;Drinmoor,20000,35000,"44,5930766",1,2
COLOMBO,Santos;Portocel,Tartarus;Savois;Nibelheim;Limoria,20000,35000,"44,59397383",1,2
COLOMBO,Santos;Portocel,Tartarus;Savois;Nibelheim;Limoria;Drinmoor,20000,35000,"47,14422477",1,2
COLOMBO,Santos;Portocel,Tartarus;Savois;Nibelheim;Mondstadt,20000,35000,"44,63856964",1,2
COLOMBO,Santos;Portocel,Tartarus;Savois;Nibelheim;Mondstadt;Drinmoor,20000,35000,"47,24557062",1,2
COLOMBO,Santos;Portocel,Tartarus;Savois;Nibelheim;Mondstadt;Limoria,20000,35000,"47,24646786",1,2
COLOMBO,Santos;Portocel,Tartarus;Savois;Nibelheim;Resembool,20000,35000,"48,30455791",1,2
COLOMBO,Santos;Portocel,Tartarus;Savois;Nibelheim;Resembool;Drinmoor,20000,35000,"51,18925278",1,2
COLOMBO,Santos;Portocel,Tartarus;Savois;Nibelheim;Resembool;Limoria,20000,35000,"51,19015002",1,2
COLOMBO,Santos;Portocel,Tartarus;Savois;Nibelheim;Resembool;Mondstadt,20000,35000,"51,13429721",1,2
COLOMBO,Santos;Portocel,Tartarus;Savois;Nibelheim;Prontera,20000,35000,"43,07329588",1,2
COLOMBO,Santos;Portocel,Tartarus;Savois;Nibelheim;Prontera;Drinmoor,20000,35000,"47,59194449",1,2
COLOMBO,Santos;Portocel,Tartarus;Savois;Nibelheim;Prontera;Limoria,20000,35000,"47,59284172",1,2
COLOMBO,Santos;Portocel,Tartarus;Savois;Nibelheim;Prontera;Mondstadt,20000,35000,"47,63743753",1,2
COLOMBO,Santos;Portocel,Tartarus;Savois;Nibelheim;Prontera;Resembool,20000,35000,"51,30163133",1,2
COLOMBO,Portocel,Savois,20000,35000,"28,01916058",1,2
COLOMBO,Santos;Portocel,Savois,20000,35000,"29,61210436",1,2
COLOMBO,Portocel,Prontera,20000,35000,"34,49061541",1,2
COLOMBO,Santos;Portocel,Prontera,20000,35000,"36,16296439",1,2
COLOMBO,Portocel,Liones,20000,35000,"28,29922651",1,2
COLOMBO,Portocel,Nibelheim,20000,35000,"28,75261193",1,2
COLOMBO,Santos;Portocel,Liones,20000,35000,"29,9848097",1,2
COLOMBO,Santos;Portocel,Nibelheim,20000,35000,"30,4193532",1,2
COLOMBO,Portocel,Skellige,20000,35000,"32,98681322",1,2
COLOMBO,Portocel,Drinmoor,20000,35000,"32,98681322",1,2
COLOMBO,Portocel,Limoria,20000,35000,"32,98681322",1,2
COLOMBO,Portocel,Mondstadt,20000,35000,"33,08681322",1,2
COLOMBO,Portocel,Resembool,20000,35000,"36,08681322",1,2
COLOMBO,Santos,Limoria,20000,35000,"32,98681322",1,2
COLOMBO,Santos,Limoria;Skellige,20000,35000,"34,48681322",1,2
COLOMBO,Santos;Portocel,Skellige,20000,35000,"34,44135868",1,2
COLOMBO,Santos;Portocel,Drinmoor,20000,35000,"34,44135868",1,2
COLOMBO,Santos;Portocel,Limoria,20000,35000,"34,44135868",1,2
COLOMBO,Santos;Portocel,Mondstadt,20000,35000,"34,54135868",1,2
COLOMBO,Santos;Portocel,Resembool,20000,35000,"37,54135868",1,2
COLOMBO,Portocel,Gerudo;Brakmar,20000,35000,"31,96649629",1,2
COLOMBO,Portocel,Elzion;Brakmar,20000,35000,"30,23725303",1,2
COLOMBO,Portocel,Elzion;Gerudo,20000,35000,"31,93150417",1,2
COLOMBO,Portocel,Elzion;Gerudo;Brakmar,20000,35000,"34,43710131",1,2
COLOMBO,Portocel,Azkaban;Brakmar,20000,35000,"30,44428975",1,2
COLOMBO,Portocel,Azkaban;Gerudo,20000,35000,"31,95774826",1,2
COLOMBO,Portocel,Azkaban;Gerudo;Brakmar,20000,35000,"34,4633454",1,2
COLOMBO,Portocel,Azkaban;Elzion,20000,35000,"29,40929763",1,2
COLOMBO,Portocel,Azkaban;Elzion;Brakmar,20000,35000,"32,01966324",1,2
COLOMBO,Portocel,Azkaban;Elzion;Gerudo,20000,35000,"34,21391438",1,2
COLOMBO,Portocel,Laputa;Brakmar,20000,35000,"31,35034608",1,2
COLOMBO,Portocel,Laputa;Gerudo,20000,35000,"31,71482218",1,2
COLOMBO,Portocel,Laputa;Gerudo;Brakmar,20000,35000,"34,22041932",1,2
COLOMBO,Portocel,Laputa;Elzion,20000,35000,"31,06637155",1,2
COLOMBO,Portocel,Laputa;Elzion;Brakmar,20000,35000,"32,67673716",1,2
COLOMBO,Portocel,Laputa;Elzion;Gerudo,20000,35000,"33,9709883",1,2
COLOMBO,Portocel,Laputa;Azkaban,20000,35000,"31,20454557",1,2
COLOMBO,Portocel,Laputa;Azkaban;Brakmar,20000,35000,"32,94321563",1,2
COLOMBO,Portocel,Laputa;Azkaban;Gerudo,20000,35000,"34,05667414",1,2
COLOMBO,Portocel,Laputa;Azkaban;Elzion,20000,35000,"32,90822351",1,2
COLOMBO,Santos,Brakmar,20000,35000,"28,80521266",1,2
COLOMBO,Santos,Gerudo,20000,35000,"30,17578667",1,2
COLOMBO,Santos,Gerudo;Brakmar,20000,35000,"32,18138381",1,2
COLOMBO,Santos,Gerudo;Azkaban,20000,35000,"32,00036687",1,2
COLOMBO,Santos,Elzion,20000,35000,"27,84177494",1,2
COLOMBO,Santos,Elzion;Gerudo;Brakmar,20000,35000,"34,65198883",1,2
COLOMBO,Santos,Azkaban,20000,35000,"26,4453223",1,2
COLOMBO,Santos,Azkaban;Brakmar,20000,35000,"30,48690836",1,2
COLOMBO,Santos,Azkaban;Gerudo,20000,35000,"32,00036687",1,2
COLOMBO,Santos,Azkaban;Gerudo;Brakmar,20000,35000,"34,50596401",1,2
COLOMBO,Santos,Azkaban;Elzion,20000,35000,"29,45191624",1,2
COLOMBO,Santos,Azkaban;Elzion;Brakmar,20000,35000,"32,06228185",1,2
COLOMBO,Santos,Azkaban;Elzion;Gerudo,20000,35000,"34,25653299",1,2
COLOMBO,Santos,Laputa,20000,35000,"29,56928173",1,2
COLOMBO,Santos,Laputa;Brakmar,20000,35000,"31,5598502",1,2
COLOMBO,Santos,Laputa;Gerudo,20000,35000,"31,9243263",1,2
COLOMBO,Santos,Laputa;Gerudo;Brakmar,20000,35000,"34,42992344",1,2
COLOMBO,Santos,Laputa;Elzion,20000,35000,"31,27587567",1,2
COLOMBO,Santos,Laputa;Elzion;Brakmar,20000,35000,"32,88624128",1,2
COLOMBO,Santos,Laputa;Elzion;Gerudo,20000,35000,"34,18049242",1,2
COLOMBO,Santos,Laputa;Azkaban,20000,35000,"31,41113368",1,2
COLOMBO,Santos,Laputa;Azkaban;Brakmar,20000,35000,"33,15271974",1,2
COLOMBO,Santos,Laputa;Azkaban;Gerudo,20000,35000,"34,26617825",1,2
COLOMBO,Santos,Laputa;Azkaban;Elzion,20000,35000,"33,11772762",1,2
COLOMBO,Santos,Raumor,20000,35000,"47,16074159",1,2
COLOMBO,Santos;Portocel,Gerudo;Brakmar,20000,35000,"33,63592927",1,2
COLOMBO,Santos;Portocel,Azkaban;Brakmar,20000,35000,"31,94145382",1,2
COLOMBO,Santos;Portocel,Azkaban;Gerudo,20000,35000,"33,45491233",1,2
COLOMBO,Santos;Portocel,Azkaban;Gerudo;Brakmar,20000,35000,"35,96050947",1,2
COLOMBO,Santos;Portocel,Azkaban;Elzion,20000,35000,"30,9064617",1,2
COLOMBO,Santos;Portocel,Azkaban;Elzion;Brakmar,20000,35000,"33,5168273",1,2
COLOMBO,Santos;Portocel,Azkaban;Elzion;Gerudo,20000,35000,"35,71107844",1,2
COLOMBO,Santos;Portocel,Laputa;Brakmar,20000,35000,"33,01439565",1,2
COLOMBO,Santos;Portocel,Laputa;Gerudo,20000,35000,"33,37887175",1,2
COLOMBO,Santos;Portocel,Laputa;Gerudo;Brakmar,20000,35000,"35,88446889",1,2
COLOMBO,Santos;Portocel,Laputa;Elzion,20000,35000,"32,73042112",1,2
COLOMBO,Santos;Portocel,Laputa;Elzion;Brakmar,20000,35000,"34,34078673",1,2
COLOMBO,Santos;Portocel,Laputa;Elzion;Gerudo,20000,35000,"35,63503787",1,2
COLOMBO,Santos;Portocel,Laputa;Azkaban,20000,35000,"32,86567913",1,2
COLOMBO,Santos;Portocel,Laputa;Azkaban;Brakmar,20000,35000,"34,6072652",1,2
COLOMBO,Santos;Portocel,Laputa;Azkaban;Gerudo,20000,35000,"35,72072371",1,2
COLOMBO,Santos;Portocel,Laputa;Azkaban;Elzion,20000,35000,"34,57227308",1,2
COLOMBO,Portocel,Brakmar,20000,35000,"28,65021551",1,2
COLOMBO,Portocel,Elzion,20000,35000,"27,62688743",1,2
COLOMBO,Santos;Portocel,Elzion,20000,35000,"29,2963204",1,2
COLOMBO,Portocel,Laputa,20000,35000,"29,3911808",1,2
COLOMBO,Santos;Portocel,Laputa,20000,35000,"31,02382718",1,2
COLOMBO,Portocel,Azkaban,20000,35000,"26,4056197",1,2
COLOMBO,Santos;Portocel,Azkaban,20000,35000,"27,89986775",1,2
COLOMBO,Portocel,Gerudo,20000,35000,"29,96089915",1,2
COLOMBO,Santos;Portocel,Gerudo,20000,35000,"31,63033213",1,2
COLOMBO,Portocel,Skellige;Mondstadt,20000,35000,"34,58681322",2,3
COLOMBO,Portocel,Limoria;Drinmoor,20000,35000,"34,48681322",2,3
COLOMBO,Portocel,Mondstadt;Drinmoor,20000,35000,"34,58681322",2,3
COLOMBO,Portocel,Mondstadt;Limoria,20000,35000,"34,58681322",2,3
COLOMBO,Portocel,Mondstadt;Limoria;Drinmoor,20000,35000,"36,58681322",2,3
COLOMBO,Portocel,Resembool;Drinmoor,20000,35000,"38,08681322",2,3
COLOMBO,Portocel,Resembool;Limoria,20000,35000,"38,08681322",2,3
COLOMBO,Portocel,Resembool;Mondstadt,20000,35000,"38,08681322",2,3
COLOMBO,Santos,Limoria;Drinmoor,20000,35000,"34,48681322",2,3
COLOMBO,Santos,Mondstadt;Drinmoor,20000,35000,"34,58681322",2,3
COLOMBO,Santos,Mondstadt;Limoria,20000,35000,"34,58681322",2,3
COLOMBO,Santos,Mondstadt;Limoria;Drinmoor,20000,35000,"36,58681322",2,3
COLOMBO,Santos,Resembool;Skellige,20000,35000,"38,08681322",2,3
COLOMBO,Santos,Resembool;Drinmoor,20000,35000,"38,08681322",2,3
COLOMBO,Santos,Resembool;Limoria,20000,35000,"38,08681322",2,3
COLOMBO,Santos,Resembool;Mondstadt,20000,35000,"38,08681322",2,3
COLOMBO,Santos;Portocel,Skellige;Mondstadt;Resembool,20000,35000,"41,54135868",2,3
COLOMBO,Santos;Portocel,Limoria;Drinmoor,20000,35000,"35,94135868",2,3
COLOMBO,Santos;Portocel,Mondstadt;Skellige,20000,35000,"36,04135868",2,3
COLOMBO,Santos;Portocel,Mondstadt;Drinmoor,20000,35000,"36,04135868",2,3
COLOMBO,Santos;Portocel,Mondstadt;Limoria,20000,35000,"36,04135868",2,3
COLOMBO,Santos;Portocel,Mondstadt;Limoria;Drinmoor,20000,35000,"38,04135868",2,3
COLOMBO,Santos;Portocel,Resembool;Drinmoor,20000,35000,"39,54135868",2,3
COLOMBO,Santos;Portocel,Resembool;Limoria,20000,35000,"39,54135868",2,3
COLOMBO,Santos;Portocel,Resembool;Mondstadt,20000,35000,"39,54135868",2,3
CASPIAN,Portocel,Rlyeh;Dornfall,58000,58000,"49,01393023",2,3
CASPIAN,Portocel,Rlyeh;Dornfall;Promethea;Nassauia,58000,58000,"51,56284798",2,3
CASPIAN,Portocel,Rlyeh;Dornfall;Promethea;Yjigar,58000,58000,"51,56284798",2,3
CASPIAN,Portocel,Rlyeh;Dornfall;Promethea;Zuldazar,58000,58000,"51,56284798",2,3
CASPIAN,Portocel,Rlyeh;Dornfall;Ichoris;Nassauia,58000,58000,"51,12994754",2,3
CASPIAN,Portocel,Rlyeh;Dornfall;Ichoris;Yjigar,58000,58000,"51,12994754",2,3
CASPIAN,Portocel,Rlyeh;Dornfall;Ichoris;Zuldazar,58000,58000,"51,12994754",2,3
CASPIAN,Portocel,Rlyeh;Dornfall;Askr;Nassauia,58000,58000,"51,07583499",2,3
CASPIAN,Portocel,Rlyeh;Dornfall;Askr;Yjigar,58000,58000,"51,07583499",2,3
CASPIAN,Portocel,Rlyeh;Dornfall;Askr;Zuldazar,58000,58000,"51,07583499",2,3
CASPIAN,Portocel,Rlyeh;Dornfall;Seireitei,58000,58000,"50,66760988",2,3
CASPIAN,Portocel,Rlyeh;Dornfall;Seireitei;Nassauia,58000,58000,"51,92691724",2,3
CASPIAN,Portocel,Rlyeh;Dornfall;Seireitei;Yjigar,58000,58000,"51,92691724",2,3
CASPIAN,Portocel,Rlyeh;Dornfall;Seireitei;Zuldazar,58000,58000,"51,92691724",2,3
CASPIAN,Portocel,Rlyeh;Dornfall;Nassauia,58000,58000,"50,26068348",2,3
CASPIAN,Portocel,Rlyeh;Dornfall;Nassauia;Namek,58000,58000,"51,60613802",2,3
CASPIAN,Portocel,Rlyeh;Dornfall;Nassauia;Konoha,58000,58000,"51,06804278",2,3
CASPIAN,Portocel,Rlyeh;Dornfall;Nassauia;Ulthar,58000,58000,"51,92691724",2,3
CASPIAN,Portocel,Rlyeh;Dornfall;Nassauia;Lothlorien,58000,58000,"51,06804278",2,3
CASPIAN,Portocel,Rlyeh;Dornfall;Ngorim;Nassauia,58000,58000,"51,00310772",2,3
CASPIAN,Portocel,Rlyeh;Dornfall;Ngorim;Yjigar,58000,58000,"51,00310772",2,3
CASPIAN,Portocel,Rlyeh;Dornfall;Ngorim;Zuldazar,58000,58000,"51,00310772",2,3
CASPIAN,Portocel,Rlyeh;Dornfall;Namek;Yjigar,58000,58000,"51,60613802",2,3
CASPIAN,Portocel,Rlyeh;Dornfall;Namek;Zuldazar,58000,58000,"51,60613802",2,3
CASPIAN,Portocel,Rlyeh;Dornfall;Konoha;Yjigar,58000,58000,"51,06804278",2,3
CASPIAN,Portocel,Rlyeh;Dornfall;Konoha;Zuldazar,58000,58000,"51,06804278",2,3
CASPIAN,Portocel,Rlyeh;Dornfall;Ulthar,58000,58000,"50,66760988",2,3
CASPIAN,Portocel,Rlyeh;Dornfall;Ulthar;Yjigar,58000,58000,"51,92691724",2,3
CASPIAN,Portocel,Rlyeh;Dornfall;Ulthar;Zuldazar,58000,58000,"51,92691724",2,3
CASPIAN,Portocel,Rlyeh;Dornfall;Lothlorien;Yjigar,58000,58000,"51,06804278",2,3
CASPIAN,Portocel,Rlyeh;Dornfall;Lothlorien;Zuldazar,58000,58000,"51,06804278",2,3
CASPIAN,Portocel,Rlyeh;Dornfall;Yjigar,58000,58000,"50,26068348",2,3
CASPIAN,Portocel,Rlyeh;Dornfall;Zuldazar,58000,58000,"50,26068348",2,3
CASPIAN,Portocel,Rlyeh;Deliora,58000,58000,"49,79315101",2,3
CASPIAN,Portocel,Rlyeh;Deliora;Promethea;Nassauia,58000,58000,"52,34206876",2,3
CASPIAN,Portocel,Rlyeh;Deliora;Promethea;Yjigar,58000,58000,"52,34206876",2,3
CASPIAN,Portocel,Rlyeh;Deliora;Promethea;Zuldazar,58000,58000,"52,34206876",2,3
CASPIAN,Portocel,Rlyeh;Deliora;Ichoris;Nassauia,58000,58000,"51,90916832",2,3
CASPIAN,Portocel,Rlyeh;Deliora;Ichoris;Yjigar,58000,58000,"51,90916832",2,3
CASPIAN,Portocel,Rlyeh;Deliora;Ichoris;Zuldazar,58000,58000,"51,90916832",2,3
CASPIAN,Portocel,Rlyeh;Deliora;Askr;Nassauia,58000,58000,"51,85505577",2,3
CASPIAN,Portocel,Rlyeh;Deliora;Askr;Yjigar,58000,58000,"51,85505577",2,3
CASPIAN,Portocel,Rlyeh;Deliora;Askr;Zuldazar,58000,58000,"51,85505577",2,3
CASPIAN,Portocel,Rlyeh;Deliora;Seireitei,58000,58000,"51,44683066",2,3
CASPIAN,Portocel,Rlyeh;Deliora;Seireitei;Nassauia,58000,58000,"52,70613802",2,3
CASPIAN,Portocel,Rlyeh;Deliora;Seireitei;Yjigar,58000,58000,"52,70613802",2,3
CASPIAN,Portocel,Rlyeh;Deliora;Seireitei;Zuldazar,58000,58000,"52,70613802",2,3
CASPIAN,Portocel,Rlyeh;Deliora;Nassauia,58000,58000,"51,03990425",2,3
CASPIAN,Portocel,Rlyeh;Deliora;Nassauia;Namek,58000,58000,"52,3853588",2,3
CASPIAN,Portocel,Rlyeh;Deliora;Nassauia;Konoha,58000,58000,"51,84726356",2,3
CASPIAN,Portocel,Rlyeh;Deliora;Nassauia;Ulthar,58000,58000,"52,70613802",2,3
CASPIAN,Portocel,Rlyeh;Deliora;Nassauia;Lothlorien,58000,58000,"51,84726356",2,3
CASPIAN,Portocel,Rlyeh;Deliora;Ngorim;Nassauia,58000,58000,"51,7823285",2,3
CASPIAN,Portocel,Rlyeh;Deliora;Ngorim;Yjigar,58000,58000,"51,7823285",2,3
CASPIAN,Portocel,Rlyeh;Deliora;Ngorim;Zuldazar,58000,58000,"51,7823285",2,3
CASPIAN,Portocel,Rlyeh;Deliora;Namek;Yjigar,58000,58000,"52,3853588",2,3
CASPIAN,Portocel,Rlyeh;Deliora;Namek;Zuldazar,58000,58000,"52,3853588",2,3
CASPIAN,Portocel,Rlyeh;Deliora;Konoha;Yjigar,58000,58000,"51,84726356",2,3
CASPIAN,Portocel,Rlyeh;Deliora;Konoha;Zuldazar,58000,58000,"51,84726356",2,3
CASPIAN,Portocel,Rlyeh;Deliora;Ulthar,58000,58000,"51,44683066",2,3
CASPIAN,Portocel,Rlyeh;Deliora;Ulthar;Yjigar,58000,58000,"52,70613802",2,3
CASPIAN,Portocel,Rlyeh;Deliora;Ulthar;Zuldazar,58000,58000,"52,70613802",2,3
CASPIAN,Portocel,Rlyeh;Deliora;Lothlorien;Yjigar,58000,58000,"51,84726356",2,3
CASPIAN,Portocel,Rlyeh;Deliora;Lothlorien;Zuldazar,58000,58000,"51,84726356",2,3
CASPIAN,Portocel,Rlyeh;Deliora;Yjigar,58000,58000,"51,03990425",2,3
CASPIAN,Portocel,Rlyeh;Deliora;Zuldazar,58000,58000,"51,03990425",2,3
CASPIAN,Portocel,Rlyeh;Promethea;Lyngard;Nassauia,58000,58000,"51,56284798",2,3
CASPIAN,Portocel,Rlyeh;Promethea;Lyngard;Yjigar,58000,58000,"51,56284798",2,3
CASPIAN,Portocel,Rlyeh;Promethea;Lyngard;Zuldazar,58000,58000,"51,56284798",2,3
CASPIAN,Portocel,Rlyeh;Promethea;Nassauia;Tahlenwald,58000,58000,"52,34206876",2,3
CASPIAN,Portocel,Rlyeh;Promethea;Nassauia;Dirtmouth,58000,58000,"52,42864884",2,3
CASPIAN,Portocel,Rlyeh;Promethea;Nassauia;Marineford,58000,58000,"52,34206876",2,3
CASPIAN,Portocel,Rlyeh;Promethea;Tahlenwald;Yjigar,58000,58000,"52,34206876",2,3
CASPIAN,Portocel,Rlyeh;Promethea;Tahlenwald;Zuldazar,58000,58000,"52,34206876",2,3
CASPIAN,Portocel,Rlyeh;Promethea;Dirtmouth;Yjigar,58000,58000,"52,42864884",2,3
CASPIAN,Portocel,Rlyeh;Promethea;Dirtmouth;Zuldazar,58000,58000,"52,42864884",2,3
CASPIAN,Portocel,Rlyeh;Promethea;Marineford;Yjigar,58000,58000,"52,34206876",2,3
CASPIAN,Portocel,Rlyeh;Promethea;Marineford;Zuldazar,58000,58000,"52,34206876",2,3
CASPIAN,Portocel,Rlyeh;Ichoris;Lyngard;Nassauia,58000,58000,"51,12994754",2,3
CASPIAN,Portocel,Rlyeh;Ichoris;Lyngard;Yjigar,58000,58000,"51,12994754",2,3
CASPIAN,Portocel,Rlyeh;Ichoris;Lyngard;Zuldazar,58000,58000,"51,12994754",2,3
CASPIAN,Portocel,Rlyeh;Ichoris;Nassauia;Tahlenwald,58000,58000,"51,90916832",2,3
CASPIAN,Portocel,Rlyeh;Ichoris;Nassauia;Dirtmouth,58000,58000,"51,99574841",2,3
CASPIAN,Portocel,Rlyeh;Ichoris;Nassauia;Marineford,58000,58000,"51,90916832",2,3
CASPIAN,Portocel,Rlyeh;Ichoris;Tahlenwald;Yjigar,58000,58000,"51,90916832",2,3
CASPIAN,Portocel,Rlyeh;Ichoris;Tahlenwald;Zuldazar,58000,58000,"51,90916832",2,3
CASPIAN,Portocel,Rlyeh;Ichoris;Dirtmouth;Yjigar,58000,58000,"51,99574841",2,3
CASPIAN,Portocel,Rlyeh;Ichoris;Dirtmouth;Zuldazar,58000,58000,"51,99574841",2,3
CASPIAN,Portocel,Rlyeh;Ichoris;Marineford;Yjigar,58000,58000,"51,90916832",2,3
CASPIAN,Portocel,Rlyeh;Ichoris;Marineford;Zuldazar,58000,58000,"51,90916832",2,3
CASPIAN,Portocel,Rlyeh;Askr,58000,58000,"48,77150599",2,3
CASPIAN,Portocel,Rlyeh;Askr;Lyngard;Nassauia,58000,58000,"51,07583499",2,3
CASPIAN,Portocel,Rlyeh;Askr;Lyngard;Yjigar,58000,58000,"51,07583499",2,3
CASPIAN,Portocel,Rlyeh;Askr;Lyngard;Zuldazar,58000,58000,"51,07583499",2,3
CASPIAN,Portocel,Rlyeh;Askr;Nassauia,58000,58000,"49,81739343",2,3
CASPIAN,Portocel,Rlyeh;Askr;Nassauia;Tahlenwald,58000,58000,"51,85505577",2,3
CASPIAN,Portocel,Rlyeh;Askr;Nassauia;Dirtmouth,58000,58000,"51,94163586",2,3
CASPIAN,Portocel,Rlyeh;Askr;Nassauia;Marineford,58000,58000,"51,85505577",2,3
CASPIAN,Portocel,Rlyeh;Askr;Tahlenwald;Yjigar,58000,58000,"51,85505577",2,3
CASPIAN,Portocel,Rlyeh;Askr;Tahlenwald;Zuldazar,58000,58000,"51,85505577",2,3
CASPIAN,Portocel,Rlyeh;Askr;Dirtmouth;Yjigar,58000,58000,"51,94163586",2,3
CASPIAN,Portocel,Rlyeh;Askr;Dirtmouth;Zuldazar,58000,58000,"51,94163586",2,3
CASPIAN,Portocel,Rlyeh;Askr;Marineford;Yjigar,58000,58000,"51,85505577",2,3
CASPIAN,Portocel,Rlyeh;Askr;Marineford;Zuldazar,58000,58000,"51,85505577",2,3
CASPIAN,Portocel,Rlyeh;Askr;Yjigar,58000,58000,"49,81739343",2,3
CASPIAN,Portocel,Rlyeh;Askr;Zuldazar,58000,58000,"49,81739343",2,3
CASPIAN,Portocel,Rlyeh;Lyngard,58000,58000,"49,01393023",2,3
CASPIAN,Portocel,Rlyeh;Lyngard;Seireitei,58000,58000,"50,66760988",2,3
CASPIAN,Portocel,Rlyeh;Lyngard;Seireitei;Nassauia,58000,58000,"51,92691724",2,3
CASPIAN,Portocel,Rlyeh;Lyngard;Seireitei;Yjigar,58000,58000,"51,92691724",2,3
CASPIAN,Portocel,Rlyeh;Lyngard;Seireitei;Zuldazar,58000,58000,"51,92691724",2,3
CASPIAN,Portocel,Rlyeh;Lyngard;Nassauia,58000,58000,"50,26068348",2,3
CASPIAN,Portocel,Rlyeh;Lyngard;Nassauia;Namek,58000,58000,"51,60613802",2,3
CASPIAN,Portocel,Rlyeh;Lyngard;Nassauia;Konoha,58000,58000,"51,06804278",2,3
CASPIAN,Portocel,Rlyeh;Lyngard;Nassauia;Ulthar,58000,58000,"51,92691724",2,3
CASPIAN,Portocel,Rlyeh;Lyngard;Nassauia;Lothlorien,58000,58000,"51,06804278",2,3
CASPIAN,Portocel,Rlyeh;Lyngard;Ngorim;Nassauia,58000,58000,"51,00310772",2,3
CASPIAN,Portocel,Rlyeh;Lyngard;Ngorim;Yjigar,58000,58000,"51,00310772",2,3
CASPIAN,Portocel,Rlyeh;Lyngard;Ngorim;Zuldazar,58000,58000,"51,00310772",2,3
CASPIAN,Portocel,Rlyeh;Lyngard;Namek;Yjigar,58000,58000,"51,60613802",2,3
CASPIAN,Portocel,Rlyeh;Lyngard;Namek;Zuldazar,58000,58000,"51,60613802",2,3
CASPIAN,Portocel,Rlyeh;Lyngard;Konoha;Yjigar,58000,58000,"51,06804278",2,3
CASPIAN,Portocel,Rlyeh;Lyngard;Konoha;Zuldazar,58000,58000,"51,06804278",2,3
CASPIAN,Portocel,Rlyeh;Lyngard;Ulthar,58000,58000,"50,66760988",2,3
CASPIAN,Portocel,Rlyeh;Lyngard;Ulthar;Yjigar,58000,58000,"51,92691724",2,3
CASPIAN,Portocel,Rlyeh;Lyngard;Ulthar;Zuldazar,58000,58000,"51,92691724",2,3
CASPIAN,Portocel,Rlyeh;Lyngard;Lothlorien;Yjigar,58000,58000,"51,06804278",2,3
CASPIAN,Portocel,Rlyeh;Lyngard;Lothlorien;Zuldazar,58000,58000,"51,06804278",2,3
CASPIAN,Portocel,Rlyeh;Lyngard;Yjigar,58000,58000,"50,26068348",2,3
CASPIAN,Portocel,Rlyeh;Lyngard;Zuldazar,58000,58000,"50,26068348",2,3
CASPIAN,Portocel,Rlyeh;Seireitei,58000,58000,"49,62258824",2,3
CASPIAN,Portocel,Rlyeh;Seireitei;Nassauia;Tahlenwald,58000,58000,"52,70613802",2,3
CASPIAN,Portocel,Rlyeh;Seireitei;Nassauia;Dirtmouth,58000,58000,"52,79271811",2,3
CASPIAN,Portocel,Rlyeh;Seireitei;Nassauia;Marineford,58000,58000,"52,70613802",2,3
CASPIAN,Portocel,Rlyeh;Seireitei;Tahlenwald,58000,58000,"51,44683066",2,3
CASPIAN,Portocel,Rlyeh;Seireitei;Tahlenwald;Yjigar,58000,58000,"52,70613802",2,3
CASPIAN,Portocel,Rlyeh;Seireitei;Tahlenwald;Zuldazar,58000,58000,"52,70613802",2,3
CASPIAN,Portocel,Rlyeh;Seireitei;Dirtmouth,58000,58000,"51,53341075",2,3
CASPIAN,Portocel,Rlyeh;Seireitei;Dirtmouth;Yjigar,58000,58000,"52,79271811",2,3
CASPIAN,Portocel,Rlyeh;Seireitei;Dirtmouth;Zuldazar,58000,58000,"52,79271811",2,3
CASPIAN,Portocel,Rlyeh;Seireitei;Marineford,58000,58000,"51,44683066",2,3
CASPIAN,Portocel,Rlyeh;Seireitei;Marineford;Yjigar,58000,58000,"52,70613802",2,3
CASPIAN,Portocel,Rlyeh;Seireitei;Marineford;Zuldazar,58000,58000,"52,70613802",2,3
CASPIAN,Portocel,Rlyeh;Nassauia,58000,58000,"49,01479603",2,3
CASPIAN,Portocel,Rlyeh;Nassauia;Namek;Tahlenwald,58000,58000,"52,3853588",2,3
CASPIAN,Portocel,Rlyeh;Nassauia;Namek;Dirtmouth,58000,58000,"52,47193889",2,3
CASPIAN,Portocel,Rlyeh;Nassauia;Namek;Marineford,58000,58000,"52,3853588",2,3
CASPIAN,Portocel,Rlyeh;Nassauia;Tahlenwald,58000,58000,"51,03990425",2,3
CASPIAN,Portocel,Rlyeh;Nassauia;Tahlenwald;Konoha,58000,58000,"51,84726356",2,3
CASPIAN,Portocel,Rlyeh;Nassauia;Tahlenwald;Ulthar,58000,58000,"52,70613802",2,3
CASPIAN,Portocel,Rlyeh;Nassauia;Tahlenwald;Lothlorien,58000,58000,"51,84726356",2,3
CASPIAN,Portocel,Rlyeh;Nassauia;Dirtmouth,58000,58000,"51,12648434",2,3
CASPIAN,Portocel,Rlyeh;Nassauia;Dirtmouth;Konoha,58000,58000,"51,93384365",2,3
CASPIAN,Portocel,Rlyeh;Nassauia;Dirtmouth;Ulthar,58000,58000,"52,79271811",2,3
CASPIAN,Portocel,Rlyeh;Nassauia;Dirtmouth;Lothlorien,58000,58000,"51,93384365",2,3
CASPIAN,Portocel,Rlyeh;Nassauia;Konoha,58000,58000,"50,0857917",2,3
CASPIAN,Portocel,Rlyeh;Nassauia;Konoha;Marineford,58000,58000,"51,84726356",2,3
CASPIAN,Portocel,Rlyeh;Nassauia;Marineford,58000,58000,"51,03990425",2,3
CASPIAN,Portocel,Rlyeh;Nassauia;Marineford;Ulthar,58000,58000,"52,70613802",2,3
CASPIAN,Portocel,Rlyeh;Nassauia;Marineford;Lothlorien,58000,58000,"51,84726356",2,3
CASPIAN,Portocel,Rlyeh;Nassauia;Lothlorien,58000,58000,"50,0857917",2,3
CASPIAN,Portocel,Rlyeh;Ngorim;Nassauia,58000,58000,"50,02085664",2,3
CASPIAN,Portocel,Rlyeh;Ngorim;Nassauia;Tahlenwald,58000,58000,"51,7823285",2,3
CASPIAN,Portocel,Rlyeh;Ngorim;Nassauia;Dirtmouth,58000,58000,"51,86890858",2,3
CASPIAN,Portocel,Rlyeh;Ngorim;Nassauia;Marineford,58000,58000,"51,7823285",2,3
CASPIAN,Portocel,Rlyeh;Ngorim;Tahlenwald;Yjigar,58000,58000,"51,7823285",2,3
CASPIAN,Portocel,Rlyeh;Ngorim;Tahlenwald;Zuldazar,58000,58000,"51,7823285",2,3
CASPIAN,Portocel,Rlyeh;Ngorim;Dirtmouth;Yjigar,58000,58000,"51,86890858",2,3
CASPIAN,Portocel,Rlyeh;Ngorim;Dirtmouth;Zuldazar,58000,58000,"51,86890858",2,3
CASPIAN,Portocel,Rlyeh;Ngorim;Marineford;Yjigar,58000,58000,"51,7823285",2,3
CASPIAN,Portocel,Rlyeh;Ngorim;Marineford;Zuldazar,58000,58000,"51,7823285",2,3
CASPIAN,Portocel,Rlyeh;Ngorim;Yjigar,58000,58000,"50,02085664",2,3
CASPIAN,Portocel,Rlyeh;Ngorim;Zuldazar,58000,58000,"50,02085664",2,3
CASPIAN,Portocel,Rlyeh;Namek;Tahlenwald;Yjigar,58000,58000,"52,3853588",2,3
CASPIAN,Portocel,Rlyeh;Namek;Tahlenwald;Zuldazar,58000,58000,"52,3853588",2,3
CASPIAN,Portocel,Rlyeh;Namek;Dirtmouth;Yjigar,58000,58000,"52,47193889",2,3
CASPIAN,Portocel,Rlyeh;Namek;Dirtmouth;Zuldazar,58000,58000,"52,47193889",2,3
CASPIAN,Portocel,Rlyeh;Namek;Marineford;Yjigar,58000,58000,"52,3853588",2,3
CASPIAN,Portocel,Rlyeh;Namek;Marineford;Zuldazar,58000,58000,"52,3853588",2,3
CASPIAN,Portocel,Rlyeh;Tahlenwald,58000,58000,"49,79315101",2,3
CASPIAN,Portocel,Rlyeh;Tahlenwald;Konoha;Yjigar,58000,58000,"51,84726356",2,3
CASPIAN,Portocel,Rlyeh;Tahlenwald;Konoha;Zuldazar,58000,58000,"51,84726356",2,3
CASPIAN,Portocel,Rlyeh;Tahlenwald;Ulthar,58000,58000,"51,44683066",2,3
CASPIAN,Portocel,Rlyeh;Tahlenwald;Ulthar;Yjigar,58000,58000,"52,70613802",2,3
CASPIAN,Portocel,Rlyeh;Tahlenwald;Ulthar;Zuldazar,58000,58000,"52,70613802",2,3
CASPIAN,Portocel,Rlyeh;Tahlenwald;Lothlorien;Yjigar,58000,58000,"51,84726356",2,3
CASPIAN,Portocel,Rlyeh;Tahlenwald;Lothlorien;Zuldazar,58000,58000,"51,84726356",2,3
CASPIAN,Portocel,Rlyeh;Tahlenwald;Yjigar,58000,58000,"51,03990425",2,3
CASPIAN,Portocel,Rlyeh;Tahlenwald;Zuldazar,58000,58000,"51,03990425",2,3
CASPIAN,Portocel,Rlyeh;Dirtmouth,58000,58000,"49,87973109",2,3
CASPIAN,Portocel,Rlyeh;Dirtmouth;Konoha;Yjigar,58000,58000,"51,93384365",2,3
CASPIAN,Portocel,Rlyeh;Dirtmouth;Konoha;Zuldazar,58000,58000,"51,93384365",2,3
CASPIAN,Portocel,Rlyeh;Dirtmouth;Ulthar,58000,58000,"51,53341075",2,3
CASPIAN,Portocel,Rlyeh;Dirtmouth;Ulthar;Yjigar,58000,58000,"52,79271811",2,3
CASPIAN,Portocel,Rlyeh;Dirtmouth;Ulthar;Zuldazar,58000,58000,"52,79271811",2,3
CASPIAN,Portocel,Rlyeh;Dirtmouth;Lothlorien;Yjigar,58000,58000,"51,93384365",2,3
CASPIAN,Portocel,Rlyeh;Dirtmouth;Lothlorien;Zuldazar,58000,58000,"51,93384365",2,3
CASPIAN,Portocel,Rlyeh;Dirtmouth;Yjigar,58000,58000,"51,12648434",2,3
CASPIAN,Portocel,Rlyeh;Dirtmouth;Zuldazar,58000,58000,"51,12648434",2,3
CASPIAN,Portocel,Rlyeh;Konoha;Marineford;Yjigar,58000,58000,"51,84726356",2,3
CASPIAN,Portocel,Rlyeh;Konoha;Marineford;Zuldazar,58000,58000,"51,84726356",2,3
CASPIAN,Portocel,Rlyeh;Konoha;Yjigar,58000,58000,"50,0857917",2,3
CASPIAN,Portocel,Rlyeh;Konoha;Zuldazar,58000,58000,"50,0857917",2,3
CASPIAN,Portocel,Rlyeh;Marineford,58000,58000,"49,79315101",2,3
CASPIAN,Portocel,Rlyeh;Marineford;Ulthar,58000,58000,"51,44683066",2,3
CASPIAN,Portocel,Rlyeh;Marineford;Ulthar;Yjigar,58000,58000,"52,70613802",2,3
CASPIAN,Portocel,Rlyeh;Marineford;Ulthar;Zuldazar,58000,58000,"52,70613802",2,3
CASPIAN,Portocel,Rlyeh;Marineford;Lothlorien;Yjigar,58000,58000,"51,84726356",2,3
CASPIAN,Portocel,Rlyeh;Marineford;Lothlorien;Zuldazar,58000,58000,"51,84726356",2,3
CASPIAN,Portocel,Rlyeh;Marineford;Yjigar,58000,58000,"51,03990425",2,3
CASPIAN,Portocel,Rlyeh;Marineford;Zuldazar,58000,58000,"51,03990425",2,3
CASPIAN,Portocel,Rlyeh;Ulthar,58000,58000,"49,62258824",2,3
CASPIAN,Portocel,Rlyeh;Lothlorien;Yjigar,58000,58000,"50,0857917",2,3
CASPIAN,Portocel,Rlyeh;Lothlorien;Zuldazar,58000,58000,"50,0857917",2,3
CASPIAN,Portocel,Rlyeh;Yjigar,58000,58000,"49,01479603",2,3
CASPIAN,Portocel,Rlyeh;Zuldazar,58000,58000,"49,01479603",2,3
CASPIAN,Portocel,Dornfall;Promethea,58000,58000,"38,44764787",2,3
CASPIAN,Portocel,Dornfall;Promethea;Nassauia;Konoha,58000,58000,"40,81385477",2,3
CASPIAN,Portocel,Dornfall;Promethea;Nassauia;Lothlorien,58000,58000,"40,81385477",2,3
CASPIAN,Portocel,Dornfall;Promethea;Ngorim;Nassauia,58000,58000,"40,76213063",2,3
CASPIAN,Portocel,Dornfall;Promethea;Ngorim;Yjigar,58000,58000,"40,76213063",2,3
CASPIAN,Portocel,Dornfall;Promethea;Ngorim;Zuldazar,58000,58000,"40,76213063",2,3
CASPIAN,Portocel,Dornfall;Promethea;Konoha;Yjigar,58000,58000,"40,81385477",2,3
CASPIAN,Portocel,Dornfall;Promethea;Konoha;Zuldazar,58000,58000,"40,81385477",2,3
CASPIAN,Portocel,Dornfall;Promethea;Lothlorien;Yjigar,58000,58000,"40,81385477",2,3
CASPIAN,Portocel,Dornfall;Promethea;Lothlorien;Zuldazar,58000,58000,"40,81385477",2,3
CASPIAN,Portocel,Dornfall;Ichoris,58000,58000,"38,10282029",2,3
CASPIAN,Portocel,Dornfall;Ichoris;Nassauia;Konoha,58000,58000,"40,46902718",2,3
CASPIAN,Portocel,Dornfall;Ichoris;Nassauia;Lothlorien,58000,58000,"40,46902718",2,3
CASPIAN,Portocel,Dornfall;Ichoris;Ngorim;Nassauia,58000,58000,"40,41730304",2,3
CASPIAN,Portocel,Dornfall;Ichoris;Ngorim;Yjigar,58000,58000,"40,41730304",2,3
CASPIAN,Portocel,Dornfall;Ichoris;Ngorim;Zuldazar,58000,58000,"40,41730304",2,3
CASPIAN,Portocel,Dornfall;Ichoris;Konoha;Yjigar,58000,58000,"40,46902718",2,3
CASPIAN,Portocel,Dornfall;Ichoris;Konoha;Zuldazar,58000,58000,"40,46902718",2,3
CASPIAN,Portocel,Dornfall;Ichoris;Lothlorien;Yjigar,58000,58000,"40,46902718",2,3
CASPIAN,Portocel,Dornfall;Ichoris;Lothlorien;Zuldazar,58000,58000,"40,46902718",2,3
CASPIAN,Portocel,Dornfall;Askr;Nassauia;Konoha,58000,58000,"40,42592373",2,3
CASPIAN,Portocel,Dornfall;Askr;Nassauia;Lothlorien,58000,58000,"40,42592373",2,3
CASPIAN,Portocel,Dornfall;Askr;Ngorim;Nassauia,58000,58000,"40,3741996",2,3
CASPIAN,Portocel,Dornfall;Askr;Ngorim;Yjigar,58000,58000,"40,3741996",2,3
CASPIAN,Portocel,Dornfall;Askr;Ngorim;Zuldazar,58000,58000,"40,3741996",2,3
CASPIAN,Portocel,Dornfall;Askr;Konoha;Yjigar,58000,58000,"40,42592373",2,3
CASPIAN,Portocel,Dornfall;Askr;Konoha;Zuldazar,58000,58000,"40,42592373",2,3
CASPIAN,Portocel,Dornfall;Askr;Lothlorien;Yjigar,58000,58000,"40,42592373",2,3
CASPIAN,Portocel,Dornfall;Askr;Lothlorien;Zuldazar,58000,58000,"40,42592373",2,3
CASPIAN,Portocel,Dornfall;Seireitei,58000,58000,"38,73764787",2,3
CASPIAN,Portocel,Dornfall;Seireitei;Nassauia;Konoha,58000,58000,"41,10385477",2,3
CASPIAN,Portocel,Dornfall;Seireitei;Nassauia;Lothlorien,58000,58000,"41,10385477",2,3
CASPIAN,Portocel,Dornfall;Seireitei;Ngorim,58000,58000,"40,04902718",2,3
CASPIAN,Portocel,Dornfall;Seireitei;Ngorim;Nassauia,58000,58000,"41,05213063",2,3
CASPIAN,Portocel,Dornfall;Seireitei;Ngorim;Yjigar,58000,58000,"41,05213063",2,3
CASPIAN,Portocel,Dornfall;Seireitei;Ngorim;Zuldazar,58000,58000,"41,05213063",2,3
CASPIAN,Portocel,Dornfall;Seireitei;Konoha,58000,58000,"40,10075132",2,3
CASPIAN,Portocel,Dornfall;Seireitei;Konoha;Yjigar,58000,58000,"41,10385477",2,3
CASPIAN,Portocel,Dornfall;Seireitei;Konoha;Zuldazar,58000,58000,"41,10385477",2,3
CASPIAN,Portocel,Dornfall;Seireitei;Lothlorien,58000,58000,"40,10075132",2,3
CASPIAN,Portocel,Dornfall;Seireitei;Lothlorien;Yjigar,58000,58000,"41,10385477",2,3
CASPIAN,Portocel,Dornfall;Seireitei;Lothlorien;Zuldazar,58000,58000,"41,10385477",2,3
CASPIAN,Portocel,Dornfall;Nassauia;Namek;Konoha,58000,58000,"40,84833753",2,3
CASPIAN,Portocel,Dornfall;Nassauia;Namek;Lothlorien,58000,58000,"40,84833753",2,3
CASPIAN,Portocel,Dornfall;Nassauia;Konoha,58000,58000,"39,77661339",2,3
CASPIAN,Portocel,Dornfall;Nassauia;Konoha;Ulthar,58000,58000,"41,10385477",2,3
CASPIAN,Portocel,Dornfall;Nassauia;Konoha;Lothlorien,58000,58000,"40,41971684",2,3
CASPIAN,Portocel,Dornfall;Nassauia;Ulthar;Lothlorien,58000,58000,"41,10385477",2,3
CASPIAN,Portocel,Dornfall;Nassauia;Lothlorien,58000,58000,"39,77661339",2,3
CASPIAN,Portocel,Dornfall;Ngorim,58000,58000,"38,7317858",2,3
CASPIAN,Portocel,Dornfall;Ngorim;Nassauia,58000,58000,"39,72488925",2,3
CASPIAN,Portocel,Dornfall;Ngorim;Nassauia;Namek,58000,58000,"40,79661339",2,3
CASPIAN,Portocel,Dornfall;Ngorim;Nassauia;Konoha,58000,58000,"40,3679927",2,3
CASPIAN,Portocel,Dornfall;Ngorim;Nassauia;Ulthar,58000,58000,"41,05213063",2,3
CASPIAN,Portocel,Dornfall;Ngorim;Nassauia;Lothlorien,58000,58000,"40,3679927",2,3
CASPIAN,Portocel,Dornfall;Ngorim;Namek;Yjigar,58000,58000,"40,79661339",2,3
CASPIAN,Portocel,Dornfall;Ngorim;Namek;Zuldazar,58000,58000,"40,79661339",2,3
CASPIAN,Portocel,Dornfall;Ngorim;Konoha;Yjigar,58000,58000,"40,3679927",2,3
CASPIAN,Portocel,Dornfall;Ngorim;Konoha;Zuldazar,58000,58000,"40,3679927",2,3
CASPIAN,Portocel,Dornfall;Ngorim;Ulthar,58000,58000,"40,04902718",2,3
CASPIAN,Portocel,Dornfall;Ngorim;Ulthar;Yjigar,58000,58000,"41,05213063",2,3
CASPIAN,Portocel,Dornfall;Ngorim;Ulthar;Zuldazar,58000,58000,"41,05213063",2,3
CASPIAN,Portocel,Dornfall;Ngorim;Lothlorien;Yjigar,58000,58000,"40,3679927",2,3
CASPIAN,Portocel,Dornfall;Ngorim;Lothlorien;Zuldazar,58000,58000,"40,3679927",2,3
CASPIAN,Portocel,Dornfall;Ngorim;Yjigar,58000,58000,"39,72488925",2,3
CASPIAN,Portocel,Dornfall;Ngorim;Zuldazar,58000,58000,"39,72488925",2,3
CASPIAN,Portocel,Dornfall;Namek,58000,58000,"38,48213063",2,3
CASPIAN,Portocel,Dornfall;Namek;Konoha;Yjigar,58000,58000,"40,84833753",2,3
CASPIAN,Portocel,Dornfall;Namek;Konoha;Zuldazar,58000,58000,"40,84833753",2,3
CASPIAN,Portocel,Dornfall;Namek;Lothlorien;Yjigar,58000,58000,"40,84833753",2,3
CASPIAN,Portocel,Dornfall;Namek;Lothlorien;Zuldazar,58000,58000,"40,84833753",2,3
CASPIAN,Portocel,Dornfall;Konoha,58000,58000,"38,78350994",2,3
CASPIAN,Portocel,Dornfall;Konoha;Ulthar,58000,58000,"40,10075132",2,3
CASPIAN,Portocel,Dornfall;Konoha;Ulthar;Yjigar,58000,58000,"41,10385477",2,3
CASPIAN,Portocel,Dornfall;Konoha;Ulthar;Zuldazar,58000,58000,"41,10385477",2,3
CASPIAN,Portocel,Dornfall;Konoha;Lothlorien;Yjigar,58000,58000,"40,41971684",2,3
CASPIAN,Portocel,Dornfall;Konoha;Lothlorien;Zuldazar,58000,58000,"40,41971684",2,3
CASPIAN,Portocel,Dornfall;Konoha;Yjigar,58000,58000,"39,77661339",2,3
CASPIAN,Portocel,Dornfall;Konoha;Zuldazar,58000,58000,"39,77661339",2,3
CASPIAN,Portocel,Dornfall;Ulthar,58000,58000,"38,73764787",2,3
CASPIAN,Portocel,Dornfall;Ulthar;Lothlorien,58000,58000,"40,10075132",2,3
CASPIAN,Portocel,Dornfall;Ulthar;Lothlorien;Yjigar,58000,58000,"41,10385477",2,3
CASPIAN,Portocel,Dornfall;Ulthar;Lothlorien;Zuldazar,58000,58000,"41,10385477",2,3
CASPIAN,Portocel,Dornfall;Lothlorien,58000,58000,"38,78350994",2,3
CASPIAN,Portocel,Dornfall;Lothlorien;Yjigar,58000,58000,"39,77661339",2,3
CASPIAN,Portocel,Dornfall;Lothlorien;Zuldazar,58000,58000,"39,77661339",2,3
CASPIAN,Portocel,Deliora;Promethea,58000,58000,"39,06833753",2,3
CASPIAN,Portocel,Deliora;Promethea;Nassauia;Konoha,58000,58000,"41,43454442",2,3
CASPIAN,Portocel,Deliora;Promethea;Nassauia;Lothlorien,58000,58000,"41,43454442",2,3
CASPIAN,Portocel,Deliora;Promethea;Ngorim;Nassauia,58000,58000,"41,38282029",2,3
CASPIAN,Portocel,Deliora;Promethea;Ngorim;Yjigar,58000,58000,"41,38282029",2,3
CASPIAN,Portocel,Deliora;Promethea;Ngorim;Zuldazar,58000,58000,"41,38282029",2,3
CASPIAN,Portocel,Deliora;Promethea;Konoha;Yjigar,58000,58000,"41,43454442",2,3
CASPIAN,Portocel,Deliora;Promethea;Konoha;Zuldazar,58000,58000,"41,43454442",2,3
CASPIAN,Portocel,Deliora;Promethea;Lothlorien;Yjigar,58000,58000,"41,43454442",2,3
CASPIAN,Portocel,Deliora;Promethea;Lothlorien;Zuldazar,58000,58000,"41,43454442",2,3
CASPIAN,Portocel,Deliora;Ichoris,58000,58000,"38,72350994",2,3
CASPIAN,Portocel,Deliora;Ichoris;Nassauia;Konoha,58000,58000,"41,08971684",2,3
CASPIAN,Portocel,Deliora;Ichoris;Nassauia;Lothlorien,58000,58000,"41,08971684",2,3
CASPIAN,Portocel,Deliora;Ichoris;Ngorim;Nassauia,58000,58000,"41,0379927",2,3
CASPIAN,Portocel,Deliora;Ichoris;Ngorim;Yjigar,58000,58000,"41,0379927",2,3
CASPIAN,Portocel,Deliora;Ichoris;Ngorim;Zuldazar,58000,58000,"41,0379927",2,3
CASPIAN,Portocel,Deliora;Ichoris;Konoha;Yjigar,58000,58000,"41,08971684",2,3
CASPIAN,Portocel,Deliora;Ichoris;Konoha;Zuldazar,58000,58000,"41,08971684",2,3
CASPIAN,Portocel,Deliora;Ichoris;Lothlorien;Yjigar,58000,58000,"41,08971684",2,3
CASPIAN,Portocel,Deliora;Ichoris;Lothlorien;Zuldazar,58000,58000,"41,08971684",2,3
CASPIAN,Portocel,Deliora;Askr;Nassauia;Konoha,58000,58000,"41,04661339",2,3
CASPIAN,Portocel,Deliora;Askr;Nassauia;Lothlorien,58000,58000,"41,04661339",2,3
CASPIAN,Portocel,Deliora;Askr;Ngorim;Nassauia,58000,58000,"40,99488925",2,3
CASPIAN,Portocel,Deliora;Askr;Ngorim;Yjigar,58000,58000,"40,99488925",2,3
CASPIAN,Portocel,Deliora;Askr;Ngorim;Zuldazar,58000,58000,"40,99488925",2,3
CASPIAN,Portocel,Deliora;Askr;Konoha;Yjigar,58000,58000,"41,04661339",2,3
CASPIAN,Portocel,Deliora;Askr;Konoha;Zuldazar,58000,58000,"41,04661339",2,3
CASPIAN,Portocel,Deliora;Askr;Lothlorien;Yjigar,58000,58000,"41,04661339",2,3
CASPIAN,Portocel,Deliora;Askr;Lothlorien;Zuldazar,58000,58000,"41,04661339",2,3
CASPIAN,Portocel,Deliora;Seireitei,58000,58000,"39,35833753",2,3
CASPIAN,Portocel,Deliora;Seireitei;Nassauia;Konoha,58000,58000,"41,72454442",2,3
CASPIAN,Portocel,Deliora;Seireitei;Nassauia;Lothlorien,58000,58000,"41,72454442",2,3
CASPIAN,Portocel,Deliora;Seireitei;Ngorim,58000,58000,"40,66971684",2,3
CASPIAN,Portocel,Deliora;Seireitei;Ngorim;Nassauia,58000,58000,"41,67282029",2,3
CASPIAN,Portocel,Deliora;Seireitei;Ngorim;Yjigar,58000,58000,"41,67282029",2,3
CASPIAN,Portocel,Deliora;Seireitei;Ngorim;Zuldazar,58000,58000,"41,67282029",2,3
CASPIAN,Portocel,Deliora;Seireitei;Konoha,58000,58000,"40,72144098",2,3
CASPIAN,Portocel,Deliora;Seireitei;Konoha;Yjigar,58000,58000,"41,72454442",2,3
CASPIAN,Portocel,Deliora;Seireitei;Konoha;Zuldazar,58000,58000,"41,72454442",2,3
CASPIAN,Portocel,Deliora;Seireitei;Lothlorien,58000,58000,"40,72144098",2,3
CASPIAN,Portocel,Deliora;Seireitei;Lothlorien;Yjigar,58000,58000,"41,72454442",2,3
CASPIAN,Portocel,Deliora;Seireitei;Lothlorien;Zuldazar,58000,58000,"41,72454442",2,3
CASPIAN,Portocel,Deliora;Nassauia;Namek;Konoha,58000,58000,"41,46902718",2,3
CASPIAN,Portocel,Deliora;Nassauia;Namek;Lothlorien,58000,58000,"41,46902718",2,3
CASPIAN,Portocel,Deliora;Nassauia;Konoha,58000,58000,"40,39730304",2,3
CASPIAN,Portocel,Deliora;Nassauia;Konoha;Ulthar,58000,58000,"41,72454442",2,3
CASPIAN,Portocel,Deliora;Nassauia;Konoha;Lothlorien,58000,58000,"41,04040649",2,3
CASPIAN,Portocel,Deliora;Nassauia;Ulthar;Lothlorien,58000,58000,"41,72454442",2,3
CASPIAN,Portocel,Deliora;Nassauia;Lothlorien,58000,58000,"40,39730304",2,3
CASPIAN,Portocel,Deliora;Ngorim,58000,58000,"39,35247546",2,3
CASPIAN,Portocel,Deliora;Ngorim;Nassauia,58000,58000,"40,34557891",2,3
CASPIAN,Portocel,Deliora;Ngorim;Nassauia;Namek,58000,58000,"41,41730304",2,3
CASPIAN,Portocel,Deliora;Ngorim;Nassauia;Konoha,58000,58000,"40,98868235",2,3
CASPIAN,Portocel,Deliora;Ngorim;Nassauia;Ulthar,58000,58000,"41,67282029",2,3
CASPIAN,Portocel,Deliora;Ngorim;Nassauia;Lothlorien,58000,58000,"40,98868235",2,3
CASPIAN,Portocel,Deliora;Ngorim;Namek;Yjigar,58000,58000,"41,41730304",2,3
CASPIAN,Portocel,Deliora;Ngorim;Namek;Zuldazar,58000,58000,"41,41730304",2,3
CASPIAN,Portocel,Deliora;Ngorim;Konoha;Yjigar,58000,58000,"40,98868235",2,3
CASPIAN,Portocel,Deliora;Ngorim;Konoha;Zuldazar,58000,58000,"40,98868235",2,3
CASPIAN,Portocel,Deliora;Ngorim;Ulthar,58000,58000,"40,66971684",2,3
CASPIAN,Portocel,Deliora;Ngorim;Ulthar;Yjigar,58000,58000,"41,67282029",2,3
CASPIAN,Portocel,Deliora;Ngorim;Ulthar;Zuldazar,58000,58000,"41,67282029",2,3
CASPIAN,Portocel,Deliora;Ngorim;Lothlorien;Yjigar,58000,58000,"40,98868235",2,3
CASPIAN,Portocel,Deliora;Ngorim;Lothlorien;Zuldazar,58000,58000,"40,98868235",2,3
CASPIAN,Portocel,Deliora;Ngorim;Yjigar,58000,58000,"40,34557891",2,3
CASPIAN,Portocel,Deliora;Ngorim;Zuldazar,58000,58000,"40,34557891",2,3
CASPIAN,Portocel,Deliora;Namek,58000,58000,"39,10282029",2,3
CASPIAN,Portocel,Deliora;Namek;Konoha;Yjigar,58000,58000,"41,46902718",2,3
CASPIAN,Portocel,Deliora;Namek;Konoha;Zuldazar,58000,58000,"41,46902718",2,3
CASPIAN,Portocel,Deliora;Namek;Lothlorien;Yjigar,58000,58000,"41,46902718",2,3
CASPIAN,Portocel,Deliora;Namek;Lothlorien;Zuldazar,58000,58000,"41,46902718",2,3
CASPIAN,Portocel,Deliora;Konoha,58000,58000,"39,4041996",2,3
CASPIAN,Portocel,Deliora;Konoha;Ulthar,58000,58000,"40,72144098",2,3
CASPIAN,Portocel,Deliora;Konoha;Ulthar;Yjigar,58000,58000,"41,72454442",2,3
CASPIAN,Portocel,Deliora;Konoha;Ulthar;Zuldazar,58000,58000,"41,72454442",2,3
CASPIAN,Portocel,Deliora;Konoha;Lothlorien;Yjigar,58000,58000,"41,04040649",2,3
CASPIAN,Portocel,Deliora;Konoha;Lothlorien;Zuldazar,58000,58000,"41,04040649",2,3
CASPIAN,Portocel,Deliora;Konoha;Yjigar,58000,58000,"40,39730304",2,3
CASPIAN,Portocel,Deliora;Konoha;Zuldazar,58000,58000,"40,39730304",2,3
CASPIAN,Portocel,Deliora;Ulthar,58000,58000,"39,35833753",2,3
CASPIAN,Portocel,Deliora;Ulthar;Lothlorien,58000,58000,"40,72144098",2,3
CASPIAN,Portocel,Deliora;Ulthar;Lothlorien;Yjigar,58000,58000,"41,72454442",2,3
CASPIAN,Portocel,Deliora;Ulthar;Lothlorien;Zuldazar,58000,58000,"41,72454442",2,3
CASPIAN,Portocel,Deliora;Lothlorien,58000,58000,"39,4041996",2,3
CASPIAN,Portocel,Deliora;Lothlorien;Yjigar,58000,58000,"40,39730304",2,3
CASPIAN,Portocel,Deliora;Lothlorien;Zuldazar,58000,58000,"40,39730304",2,3
CASPIAN,Portocel,Promethea;Lyngard,58000,58000,"38,44764787",2,3
CASPIAN,Portocel,Promethea;Lyngard;Nassauia;Konoha,58000,58000,"40,81385477",2,3
CASPIAN,Portocel,Promethea;Lyngard;Nassauia;Lothlorien,58000,58000,"40,81385477",2,3
CASPIAN,Portocel,Promethea;Lyngard;Ngorim;Nassauia,58000,58000,"40,76213063",2,3
CASPIAN,Portocel,Promethea;Lyngard;Ngorim;Yjigar,58000,58000,"40,76213063",2,3
CASPIAN,Portocel,Promethea;Lyngard;Ngorim;Zuldazar,58000,58000,"40,76213063",2,3
CASPIAN,Portocel,Promethea;Lyngard;Konoha;Yjigar,58000,58000,"40,81385477",2,3
CASPIAN,Portocel,Promethea;Lyngard;Konoha;Zuldazar,58000,58000,"40,81385477",2,3
CASPIAN,Portocel,Promethea;Lyngard;Lothlorien;Yjigar,58000,58000,"40,81385477",2,3
CASPIAN,Portocel,Promethea;Lyngard;Lothlorien;Zuldazar,58000,58000,"40,81385477",2,3
CASPIAN,Portocel,Promethea;Nassauia;Tahlenwald;Konoha,58000,58000,"41,43454442",2,3
CASPIAN,Portocel,Promethea;Nassauia;Tahlenwald;Lothlorien,58000,58000,"41,43454442",2,3
CASPIAN,Portocel,Promethea;Nassauia;Dirtmouth;Konoha,58000,58000,"41,50350994",2,3
CASPIAN,Portocel,Promethea;Nassauia;Dirtmouth;Lothlorien,58000,58000,"41,50350994",2,3
CASPIAN,Portocel,Promethea;Nassauia;Konoha;Marineford,58000,58000,"41,43454442",2,3
CASPIAN,Portocel,Promethea;Nassauia;Marineford;Lothlorien,58000,58000,"41,43454442",2,3
CASPIAN,Portocel,Promethea;Ngorim;Nassauia;Tahlenwald,58000,58000,"41,38282029",2,3
CASPIAN,Portocel,Promethea;Ngorim;Nassauia;Dirtmouth,58000,58000,"41,4517858",2,3
CASPIAN,Portocel,Promethea;Ngorim;Nassauia;Marineford,58000,58000,"41,38282029",2,3
CASPIAN,Portocel,Promethea;Ngorim;Tahlenwald;Yjigar,58000,58000,"41,38282029",2,3
CASPIAN,Portocel,Promethea;Ngorim;Tahlenwald;Zuldazar,58000,58000,"41,38282029",2,3
CASPIAN,Portocel,Promethea;Ngorim;Dirtmouth;Yjigar,58000,58000,"41,4517858",2,3
CASPIAN,Portocel,Promethea;Ngorim;Dirtmouth;Zuldazar,58000,58000,"41,4517858",2,3
CASPIAN,Portocel,Promethea;Ngorim;Marineford;Yjigar,58000,58000,"41,38282029",2,3
CASPIAN,Portocel,Promethea;Ngorim;Marineford;Zuldazar,58000,58000,"41,38282029",2,3
CASPIAN,Portocel,Promethea;Tahlenwald,58000,58000,"39,06833753",2,3
CASPIAN,Portocel,Promethea;Tahlenwald;Konoha;Yjigar,58000,58000,"41,43454442",2,3
CASPIAN,Portocel,Promethea;Tahlenwald;Konoha;Zuldazar,58000,58000,"41,43454442",2,3
CASPIAN,Portocel,Promethea;Tahlenwald;Lothlorien;Yjigar,58000,58000,"41,43454442",2,3
CASPIAN,Portocel,Promethea;Tahlenwald;Lothlorien;Zuldazar,58000,58000,"41,43454442",2,3
CASPIAN,Portocel,Promethea;Dirtmouth,58000,58000,"39,13730304",2,3
CASPIAN,Portocel,Promethea;Dirtmouth;Konoha;Yjigar,58000,58000,"41,50350994",2,3
CASPIAN,Portocel,Promethea;Dirtmouth;Konoha;Zuldazar,58000,58000,"41,50350994",2,3
CASPIAN,Portocel,Promethea;Dirtmouth;Lothlorien;Yjigar,58000,58000,"41,50350994",2,3
CASPIAN,Portocel,Promethea;Dirtmouth;Lothlorien;Zuldazar,58000,58000,"41,50350994",2,3
CASPIAN,Portocel,Promethea;Konoha;Marineford;Yjigar,58000,58000,"41,43454442",2,3
CASPIAN,Portocel,Promethea;Konoha;Marineford;Zuldazar,58000,58000,"41,43454442",2,3
CASPIAN,Portocel,Promethea;Marineford,58000,58000,"39,06833753",2,3
CASPIAN,Portocel,Promethea;Marineford;Lothlorien;Yjigar,58000,58000,"41,43454442",2,3
CASPIAN,Portocel,Promethea;Marineford;Lothlorien;Zuldazar,58000,58000,"41,43454442",2,3
CASPIAN,Portocel,Ichoris;Lyngard,58000,58000,"38,10282029",2,3
CASPIAN,Portocel,Ichoris;Lyngard;Nassauia;Konoha,58000,58000,"40,46902718",2,3
CASPIAN,Portocel,Ichoris;Lyngard;Nassauia;Lothlorien,58000,58000,"40,46902718",2,3
CASPIAN,Portocel,Ichoris;Lyngard;Ngorim;Nassauia,58000,58000,"40,41730304",2,3
CASPIAN,Portocel,Ichoris;Lyngard;Ngorim;Yjigar,58000,58000,"40,41730304",2,3
CASPIAN,Portocel,Ichoris;Lyngard;Ngorim;Zuldazar,58000,58000,"40,41730304",2,3
CASPIAN,Portocel,Ichoris;Lyngard;Konoha;Yjigar,58000,58000,"40,46902718",2,3
CASPIAN,Portocel,Ichoris;Lyngard;Konoha;Zuldazar,58000,58000,"40,46902718",2,3
CASPIAN,Portocel,Ichoris;Lyngard;Lothlorien;Yjigar,58000,58000,"40,46902718",2,3
CASPIAN,Portocel,Ichoris;Lyngard;Lothlorien;Zuldazar,58000,58000,"40,46902718",2,3
CASPIAN,Portocel,Ichoris;Nassauia;Tahlenwald;Konoha,58000,58000,"41,08971684",2,3
CASPIAN,Portocel,Ichoris;Nassauia;Tahlenwald;Lothlorien,58000,58000,"41,08971684",2,3
CASPIAN,Portocel,Ichoris;Nassauia;Dirtmouth;Konoha,58000,58000,"41,15868235",2,3
CASPIAN,Portocel,Ichoris;Nassauia;Dirtmouth;Lothlorien,58000,58000,"41,15868235",2,3
CASPIAN,Portocel,Ichoris;Nassauia;Konoha;Marineford,58000,58000,"41,08971684",2,3
CASPIAN,Portocel,Ichoris;Nassauia;Marineford;Lothlorien,58000,58000,"41,08971684",2,3
CASPIAN,Portocel,Ichoris;Ngorim;Nassauia;Tahlenwald,58000,58000,"41,0379927",2,3
CASPIAN,Portocel,Ichoris;Ngorim;Nassauia;Dirtmouth,58000,58000,"41,10695822",2,3
CASPIAN,Portocel,Ichoris;Ngorim;Nassauia;Marineford,58000,58000,"41,0379927",2,3
CASPIAN,Portocel,Ichoris;Ngorim;Tahlenwald;Yjigar,58000,58000,"41,0379927",2,3
CASPIAN,Portocel,Ichoris;Ngorim;Tahlenwald;Zuldazar,58000,58000,"41,0379927",2,3
CASPIAN,Portocel,Ichoris;Ngorim;Dirtmouth;Yjigar,58000,58000,"41,10695822",2,3
CASPIAN,Portocel,Ichoris;Ngorim;Dirtmouth;Zuldazar,58000,58000,"41,10695822",2,3
CASPIAN,Portocel,Ichoris;Ngorim;Marineford;Yjigar,58000,58000,"41,0379927",2,3
CASPIAN,Portocel,Ichoris;Ngorim;Marineford;Zuldazar,58000,58000,"41,0379927",2,3
CASPIAN,Portocel,Ichoris;Tahlenwald,58000,58000,"38,72350994",2,3
CASPIAN,Portocel,Ichoris;Tahlenwald;Konoha;Yjigar,58000,58000,"41,08971684",2,3
CASPIAN,Portocel,Ichoris;Tahlenwald;Konoha;Zuldazar,58000,58000,"41,08971684",2,3
CASPIAN,Portocel,Ichoris;Tahlenwald;Lothlorien;Yjigar,58000,58000,"41,08971684",2,3
CASPIAN,Portocel,Ichoris;Tahlenwald;Lothlorien;Zuldazar,58000,58000,"41,08971684",2,3
CASPIAN,Portocel,Ichoris;Dirtmouth,58000,58000,"38,79247546",2,3
CASPIAN,Portocel,Ichoris;Dirtmouth;Konoha;Yjigar,58000,58000,"41,15868235",2,3
CASPIAN,Portocel,Ichoris;Dirtmouth;Konoha;Zuldazar,58000,58000,"41,15868235",2,3
CASPIAN,Portocel,Ichoris;Dirtmouth;Lothlorien;Yjigar,58000,58000,"41,15868235",2,3
CASPIAN,Portocel,Ichoris;Dirtmouth;Lothlorien;Zuldazar,58000,58000,"41,15868235",2,3
CASPIAN,Portocel,Ichoris;Konoha;Marineford;Yjigar,58000,58000,"41,08971684",2,3
CASPIAN,Portocel,Ichoris;Konoha;Marineford;Zuldazar,58000,58000,"41,08971684",2,3
CASPIAN,Portocel,Ichoris;Marineford,58000,58000,"38,72350994",2,3
CASPIAN,Portocel,Ichoris;Marineford;Lothlorien;Yjigar,58000,58000,"41,08971684",2,3
CASPIAN,Portocel,Ichoris;Marineford;Lothlorien;Zuldazar,58000,58000,"41,08971684",2,3
CASPIAN,Portocel,Askr;Lyngard;Nassauia;Konoha,58000,58000,"40,42592373",2,3
CASPIAN,Portocel,Askr;Lyngard;Nassauia;Lothlorien,58000,58000,"40,42592373",2,3
CASPIAN,Portocel,Askr;Lyngard;Ngorim;Nassauia,58000,58000,"40,3741996",2,3
CASPIAN,Portocel,Askr;Lyngard;Ngorim;Yjigar,58000,58000,"40,3741996",2,3
CASPIAN,Portocel,Askr;Lyngard;Ngorim;Zuldazar,58000,58000,"40,3741996",2,3
CASPIAN,Portocel,Askr;Lyngard;Konoha;Yjigar,58000,58000,"40,42592373",2,3
CASPIAN,Portocel,Askr;Lyngard;Konoha;Zuldazar,58000,58000,"40,42592373",2,3
CASPIAN,Portocel,Askr;Lyngard;Lothlorien;Yjigar,58000,58000,"40,42592373",2,3
CASPIAN,Portocel,Askr;Lyngard;Lothlorien;Zuldazar,58000,58000,"40,42592373",2,3
CASPIAN,Portocel,Askr;Nassauia,58000,58000,"37,41040649",2,3
CASPIAN,Portocel,Askr;Nassauia;Tahlenwald;Konoha,58000,58000,"41,04661339",2,3
CASPIAN,Portocel,Askr;Nassauia;Tahlenwald;Lothlorien,58000,58000,"41,04661339",2,3
CASPIAN,Portocel,Askr;Nassauia;Dirtmouth;Konoha,58000,58000,"41,11557891",2,3
CASPIAN,Portocel,Askr;Nassauia;Dirtmouth;Lothlorien,58000,58000,"41,11557891",2,3
CASPIAN,Portocel,Askr;Nassauia;Konoha;Marineford,58000,58000,"41,04661339",2,3
CASPIAN,Portocel,Askr;Nassauia;Marineford;Lothlorien,58000,58000,"41,04661339",2,3
CASPIAN,Portocel,Askr;Nassauia;Lothlorien,58000,58000,"39,42350994",2,3
CASPIAN,Portocel,Askr;Ngorim,58000,58000,"38,53868235",2,3
CASPIAN,Portocel,Askr;Ngorim;Nassauia,58000,58000,"39,3717858",2,3
CASPIAN,Portocel,Askr;Ngorim;Nassauia;Tahlenwald,58000,58000,"40,99488925",2,3
CASPIAN,Portocel,Askr;Ngorim;Nassauia;Dirtmouth,58000,58000,"41,06385477",2,3
CASPIAN,Portocel,Askr;Ngorim;Nassauia;Marineford,58000,58000,"40,99488925",2,3
CASPIAN,Portocel,Askr;Ngorim;Tahlenwald;Yjigar,58000,58000,"40,99488925",2,3
CASPIAN,Portocel,Askr;Ngorim;Tahlenwald;Zuldazar,58000,58000,"40,99488925",2,3
CASPIAN,Portocel,Askr;Ngorim;Dirtmouth;Yjigar,58000,58000,"41,06385477",2,3
CASPIAN,Portocel,Askr;Ngorim;Dirtmouth;Zuldazar,58000,58000,"41,06385477",2,3
CASPIAN,Portocel,Askr;Ngorim;Marineford;Yjigar,58000,58000,"40,99488925",2,3
CASPIAN,Portocel,Askr;Ngorim;Marineford;Zuldazar,58000,58000,"40,99488925",2,3
CASPIAN,Portocel,Askr;Ngorim;Yjigar,58000,58000,"39,3717858",2,3
CASPIAN,Portocel,Askr;Ngorim;Zuldazar,58000,58000,"39,3717858",2,3
CASPIAN,Portocel,Askr;Tahlenwald;Konoha;Yjigar,58000,58000,"41,04661339",2,3
CASPIAN,Portocel,Askr;Tahlenwald;Konoha;Zuldazar,58000,58000,"41,04661339",2,3
CASPIAN,Portocel,Askr;Tahlenwald;Lothlorien;Yjigar,58000,58000,"41,04661339",2,3
CASPIAN,Portocel,Askr;Tahlenwald;Lothlorien;Zuldazar,58000,58000,"41,04661339",2,3
CASPIAN,Portocel,Askr;Dirtmouth;Konoha;Yjigar,58000,58000,"41,11557891",2,3
CASPIAN,Portocel,Askr;Dirtmouth;Konoha;Zuldazar,58000,58000,"41,11557891",2,3
CASPIAN,Portocel,Askr;Dirtmouth;Lothlorien;Yjigar,58000,58000,"41,11557891",2,3
CASPIAN,Portocel,Askr;Dirtmouth;Lothlorien;Zuldazar,58000,58000,"41,11557891",2,3
CASPIAN,Portocel,Askr;Konoha,58000,58000,"38,59040649",2,3
CASPIAN,Portocel,Askr;Konoha;Seireitei;Promethea,58000,58000,"40,15488925",2,3
CASPIAN,Portocel,Askr;Konoha;Marineford;Yjigar,58000,58000,"41,04661339",2,3
CASPIAN,Portocel,Askr;Konoha;Marineford;Zuldazar,58000,58000,"41,04661339",2,3
CASPIAN,Portocel,Askr;Konoha;Yjigar,58000,58000,"39,42350994",2,3
CASPIAN,Portocel,Askr;Konoha;Zuldazar,58000,58000,"39,42350994",2,3
CASPIAN,Portocel,Askr;Marineford;Lothlorien;Yjigar,58000,58000,"41,04661339",2,3
CASPIAN,Portocel,Askr;Marineford;Lothlorien;Zuldazar,58000,58000,"41,04661339",2,3
CASPIAN,Portocel,Askr;Lothlorien,58000,58000,"38,59040649",2,3
CASPIAN,Portocel,Askr;Lothlorien;Yjigar,58000,58000,"39,42350994",2,3
CASPIAN,Portocel,Askr;Lothlorien;Zuldazar,58000,58000,"39,42350994",2,3
CASPIAN,Portocel,Askr;Yjigar,58000,58000,"37,41040649",2,3
CASPIAN,Portocel,Askr;Zuldazar,58000,58000,"37,41040649",2,3
CASPIAN,Portocel,Lyngard;Seireitei,58000,58000,"38,73764787",2,3
CASPIAN,Portocel,Lyngard;Seireitei;Nassauia;Konoha,58000,58000,"41,10385477",2,3
CASPIAN,Portocel,Lyngard;Seireitei;Nassauia;Lothlorien,58000,58000,"41,10385477",2,3
CASPIAN,Portocel,Lyngard;Seireitei;Ngorim,58000,58000,"40,04902718",2,3
CASPIAN,Portocel,Lyngard;Seireitei;Ngorim;Nassauia,58000,58000,"41,05213063",2,3
CASPIAN,Portocel,Lyngard;Seireitei;Ngorim;Yjigar,58000,58000,"41,05213063",2,3
CASPIAN,Portocel,Lyngard;Seireitei;Ngorim;Zuldazar,58000,58000,"41,05213063",2,3
CASPIAN,Portocel,Lyngard;Seireitei;Konoha,58000,58000,"40,10075132",2,3
CASPIAN,Portocel,Lyngard;Seireitei;Konoha;Yjigar,58000,58000,"41,10385477",2,3
CASPIAN,Portocel,Lyngard;Seireitei;Konoha;Zuldazar,58000,58000,"41,10385477",2,3
CASPIAN,Portocel,Lyngard;Seireitei;Lothlorien,58000,58000,"40,10075132",2,3
CASPIAN,Portocel,Lyngard;Seireitei;Lothlorien;Yjigar,58000,58000,"41,10385477",2,3
CASPIAN,Portocel,Lyngard;Seireitei;Lothlorien;Zuldazar,58000,58000,"41,10385477",2,3
CASPIAN,Portocel,Lyngard;Nassauia;Namek;Konoha,58000,58000,"40,84833753",2,3
CASPIAN,Portocel,Lyngard;Nassauia;Namek;Lothlorien,58000,58000,"40,84833753",2,3
CASPIAN,Portocel,Lyngard;Nassauia;Konoha,58000,58000,"39,77661339",2,3
CASPIAN,Portocel,Lyngard;Nassauia;Konoha;Ulthar,58000,58000,"41,10385477",2,3
CASPIAN,Portocel,Lyngard;Nassauia;Konoha;Lothlorien,58000,58000,"40,41971684",2,3
CASPIAN,Portocel,Lyngard;Nassauia;Ulthar;Lothlorien,58000,58000,"41,10385477",2,3
CASPIAN,Portocel,Lyngard;Nassauia;Lothlorien,58000,58000,"39,77661339",2,3
CASPIAN,Portocel,Lyngard;Ngorim,58000,58000,"38,7317858",2,3
CASPIAN,Portocel,Lyngard;Ngorim;Nassauia,58000,58000,"39,72488925",2,3
CASPIAN,Portocel,Lyngard;Ngorim;Nassauia;Namek,58000,58000,"40,79661339",2,3
CASPIAN,Portocel,Lyngard;Ngorim;Nassauia;Konoha,58000,58000,"40,3679927",2,3
CASPIAN,Portocel,Lyngard;Ngorim;Nassauia;Ulthar,58000,58000,"41,05213063",2,3
CASPIAN,Portocel,Lyngard;Ngorim;Nassauia;Lothlorien,58000,58000,"40,3679927",2,3
CASPIAN,Portocel,Lyngard;Ngorim;Namek;Yjigar,58000,58000,"40,79661339",2,3
CASPIAN,Portocel,Lyngard;Ngorim;Namek;Zuldazar,58000,58000,"40,79661339",2,3
CASPIAN,Portocel,Lyngard;Ngorim;Konoha;Yjigar,58000,58000,"40,3679927",2,3
CASPIAN,Portocel,Lyngard;Ngorim;Konoha;Zuldazar,58000,58000,"40,3679927",2,3
CASPIAN,Portocel,Lyngard;Ngorim;Ulthar,58000,58000,"40,04902718",2,3
CASPIAN,Portocel,Lyngard;Ngorim;Ulthar;Yjigar,58000,58000,"41,05213063",2,3
CASPIAN,Portocel,Lyngard;Ngorim;Ulthar;Zuldazar,58000,58000,"41,05213063",2,3
CASPIAN,Portocel,Lyngard;Ngorim;Lothlorien;Yjigar,58000,58000,"40,3679927",2,3
CASPIAN,Portocel,Lyngard;Ngorim;Lothlorien;Zuldazar,58000,58000,"40,3679927",2,3
CASPIAN,Portocel,Lyngard;Ngorim;Yjigar,58000,58000,"39,72488925",2,3
CASPIAN,Portocel,Lyngard;Ngorim;Zuldazar,58000,58000,"39,72488925",2,3
CASPIAN,Portocel,Lyngard;Namek,58000,58000,"38,48213063",2,3
CASPIAN,Portocel,Lyngard;Namek;Konoha;Yjigar,58000,58000,"40,84833753",2,3
CASPIAN,Portocel,Lyngard;Namek;Konoha;Zuldazar,58000,58000,"40,84833753",2,3
CASPIAN,Portocel,Lyngard;Namek;Lothlorien;Yjigar,58000,58000,"40,84833753",2,3
CASPIAN,Portocel,Lyngard;Namek;Lothlorien;Zuldazar,58000,58000,"40,84833753",2,3
CASPIAN,Portocel,Lyngard;Konoha,58000,58000,"38,78350994",2,3
CASPIAN,Portocel,Lyngard;Konoha;Ulthar,58000,58000,"40,10075132",2,3
CASPIAN,Portocel,Lyngard;Konoha;Ulthar;Yjigar,58000,58000,"41,10385477",2,3
CASPIAN,Portocel,Lyngard;Konoha;Ulthar;Zuldazar,58000,58000,"41,10385477",2,3
CASPIAN,Portocel,Lyngard;Konoha;Lothlorien;Yjigar,58000,58000,"40,41971684",2,3
CASPIAN,Portocel,Lyngard;Konoha;Lothlorien;Zuldazar,58000,58000,"40,41971684",2,3
CASPIAN,Portocel,Lyngard;Konoha;Yjigar,58000,58000,"39,77661339",2,3
CASPIAN,Portocel,Lyngard;Konoha;Zuldazar,58000,58000,"39,77661339",2,3
CASPIAN,Portocel,Lyngard;Ulthar,58000,58000,"38,73764787",2,3
CASPIAN,Portocel,Lyngard;Ulthar;Lothlorien,58000,58000,"40,10075132",2,3
CASPIAN,Portocel,Lyngard;Ulthar;Lothlorien;Yjigar,58000,58000,"41,10385477",2,3
CASPIAN,Portocel,Lyngard;Ulthar;Lothlorien;Zuldazar,58000,58000,"41,10385477",2,3
CASPIAN,Portocel,Lyngard;Lothlorien,58000,58000,"38,78350994",2,3
CASPIAN,Portocel,Lyngard;Lothlorien;Yjigar,58000,58000,"39,77661339",2,3
CASPIAN,Portocel,Lyngard;Lothlorien;Zuldazar,58000,58000,"39,77661339",2,3
CASPIAN,Portocel,Seireitei;Nassauia;Tahlenwald;Konoha,58000,58000,"69,14353076",2,3
CASPIAN,Portocel,Seireitei;Nassauia;Tahlenwald;Lothlorien,58000,58000,"69,14353076",2,3
CASPIAN,Portocel,Seireitei;Nassauia;Dirtmouth;Konoha,58000,58000,"69,25781647",2,3
CASPIAN,Portocel,Seireitei;Nassauia;Dirtmouth;Lothlorien,58000,58000,"69,25781647",2,3
CASPIAN,Portocel,Seireitei;Nassauia;Konoha;Marineford,58000,58000,"69,14353076",2,3
CASPIAN,Portocel,Seireitei;Nassauia;Marineford;Lothlorien,58000,58000,"69,14353076",2,3
CASPIAN,Portocel,Seireitei;Ngorim,58000,58000,"64,98753076",2,3
CASPIAN,Portocel,Seireitei;Ngorim;Nassauia;Tahlenwald,58000,58000,"69,05781647",2,3
CASPIAN,Portocel,Seireitei;Ngorim;Nassauia;Dirtmouth,58000,58000,"69,17210219",2,3
CASPIAN,Portocel,Seireitei;Ngorim;Nassauia;Marineford,58000,58000,"69,05781647",2,3
CASPIAN,Portocel,Seireitei;Ngorim;Tahlenwald,58000,58000,"67,39553076",2,3
CASPIAN,Portocel,Seireitei;Ngorim;Tahlenwald;Yjigar,58000,58000,"69,05781647",2,3
CASPIAN,Portocel,Seireitei;Ngorim;Tahlenwald;Zuldazar,58000,58000,"69,05781647",2,3
CASPIAN,Portocel,Seireitei;Ngorim;Dirtmouth,58000,58000,"67,50981647",2,3
CASPIAN,Portocel,Seireitei;Ngorim;Dirtmouth;Yjigar,58000,58000,"69,17210219",2,3
CASPIAN,Portocel,Seireitei;Ngorim;Dirtmouth;Zuldazar,58000,58000,"69,17210219",2,3
CASPIAN,Portocel,Seireitei;Ngorim;Marineford,58000,58000,"67,39553076",2,3
CASPIAN,Portocel,Seireitei;Ngorim;Marineford;Yjigar,58000,58000,"69,05781647",2,3
CASPIAN,Portocel,Seireitei;Ngorim;Marineford;Zuldazar,58000,58000,"69,05781647",2,3
CASPIAN,Portocel,Seireitei;Tahlenwald,58000,58000,"65,2223879",2,3
CASPIAN,Portocel,Seireitei;Tahlenwald;Konoha,58000,58000,"67,48124504",2,3
CASPIAN,Portocel,Seireitei;Tahlenwald;Konoha;Yjigar,58000,58000,"69,14353076",2,3
CASPIAN,Portocel,Seireitei;Tahlenwald;Konoha;Zuldazar,58000,58000,"69,14353076",2,3
CASPIAN,Portocel,Seireitei;Tahlenwald;Lothlorien,58000,58000,"67,48124504",2,3
CASPIAN,Portocel,Seireitei;Tahlenwald;Lothlorien;Yjigar,58000,58000,"69,14353076",2,3
CASPIAN,Portocel,Seireitei;Tahlenwald;Lothlorien;Zuldazar,58000,58000,"69,14353076",2,3
CASPIAN,Portocel,Seireitei;Dirtmouth,58000,58000,"65,33667362",2,3
CASPIAN,Portocel,Seireitei;Dirtmouth;Konoha,58000,58000,"67,59553076",2,3
CASPIAN,Portocel,Seireitei;Dirtmouth;Konoha;Yjigar,58000,58000,"69,25781647",2,3
CASPIAN,Portocel,Seireitei;Dirtmouth;Konoha;Zuldazar,58000,58000,"69,25781647",2,3
CASPIAN,Portocel,Seireitei;Dirtmouth;Lothlorien,58000,58000,"67,59553076",2,3
CASPIAN,Portocel,Seireitei;Dirtmouth;Lothlorien;Yjigar,58000,58000,"69,25781647",2,3
CASPIAN,Portocel,Seireitei;Dirtmouth;Lothlorien;Zuldazar,58000,58000,"69,25781647",2,3
CASPIAN,Portocel,Seireitei;Konoha,58000,58000,"65,07324504",2,3
CASPIAN,Portocel,Seireitei;Konoha;Marineford,58000,58000,"67,48124504",2,3
CASPIAN,Portocel,Seireitei;Konoha;Marineford;Yjigar,58000,58000,"69,14353076",2,3
CASPIAN,Portocel,Seireitei;Konoha;Marineford;Zuldazar,58000,58000,"69,14353076",2,3
CASPIAN,Portocel,Seireitei;Marineford,58000,58000,"65,2223879",2,3
CASPIAN,Portocel,Seireitei;Marineford;Lothlorien,58000,58000,"67,48124504",2,3
CASPIAN,Portocel,Seireitei;Marineford;Lothlorien;Yjigar,58000,58000,"69,14353076",2,3
CASPIAN,Portocel,Seireitei;Marineford;Lothlorien;Zuldazar,58000,58000,"69,14353076",2,3
CASPIAN,Portocel,Seireitei;Lothlorien,58000,58000,"65,07324504",2,3
CASPIAN,Portocel,Nassauia;Namek;Tahlenwald;Konoha,58000,58000,"41,46902718",2,3
CASPIAN,Portocel,Nassauia;Namek;Tahlenwald;Lothlorien,58000,58000,"41,46902718",2,3
CASPIAN,Portocel,Nassauia;Namek;Dirtmouth;Konoha,58000,58000,"41,5379927",2,3
CASPIAN,Portocel,Nassauia;Namek;Dirtmouth;Lothlorien,58000,58000,"41,5379927",2,3
CASPIAN,Portocel,Nassauia;Namek;Konoha;Marineford,58000,58000,"41,46902718",2,3
CASPIAN,Portocel,Nassauia;Namek;Marineford;Lothlorien,58000,58000,"41,46902718",2,3
CASPIAN,Portocel,Nassauia;Tahlenwald;Konoha,58000,58000,"40,39730304",2,3
CASPIAN,Portocel,Nassauia;Tahlenwald;Konoha;Ulthar,58000,58000,"41,72454442",2,3
CASPIAN,Portocel,Nassauia;Tahlenwald;Konoha;Lothlorien,58000,58000,"41,04040649",2,3
CASPIAN,Portocel,Nassauia;Tahlenwald;Ulthar;Lothlorien,58000,58000,"41,72454442",2,3
CASPIAN,Portocel,Nassauia;Tahlenwald;Lothlorien,58000,58000,"40,39730304",2,3
CASPIAN,Portocel,Nassauia;Dirtmouth;Konoha,58000,58000,"40,46626856",2,3
CASPIAN,Portocel,Nassauia;Dirtmouth;Konoha;Ulthar,58000,58000,"41,79350994",2,3
CASPIAN,Portocel,Nassauia;Dirtmouth;Konoha;Lothlorien,58000,58000,"41,10937201",2,3
CASPIAN,Portocel,Nassauia;Dirtmouth;Ulthar;Lothlorien,58000,58000,"41,79350994",2,3
CASPIAN,Portocel,Nassauia;Dirtmouth;Lothlorien,58000,58000,"40,46626856",2,3
CASPIAN,Portocel,Nassauia;Konoha;Marineford,58000,58000,"40,39730304",2,3
CASPIAN,Portocel,Nassauia;Konoha;Marineford;Ulthar,58000,58000,"41,72454442",2,3
CASPIAN,Portocel,Nassauia;Konoha;Marineford;Lothlorien,58000,58000,"41,04040649",2,3
CASPIAN,Portocel,Nassauia;Konoha;Lothlorien,58000,58000,"39,63730304",2,3
CASPIAN,Portocel,Nassauia;Marineford;Ulthar;Lothlorien,58000,58000,"41,72454442",2,3
CASPIAN,Portocel,Nassauia;Marineford;Lothlorien,58000,58000,"40,39730304",2,3
CASPIAN,Portocel,Nassauia;Lothlorien,58000,58000,"38,7841996",2,3
CASPIAN,Portocel,Nassauia;Yjigar,58000,58000,"37,1741996",2,3
CASPIAN,Portocel,Nassauia;Zuldazar,58000,58000,"37,1741996",2,3
CASPIAN,Portocel,Ngorim;Nassauia,58000,58000,"38,73247546",2,3
CASPIAN,Portocel,Ngorim;Nassauia;Namek;Tahlenwald,58000,58000,"41,41730304",2,3
CASPIAN,Portocel,Ngorim;Nassauia;Namek;Dirtmouth,58000,58000,"41,48626856",2,3
CASPIAN,Portocel,Ngorim;Nassauia;Namek;Marineford,58000,58000,"41,41730304",2,3
CASPIAN,Portocel,Ngorim;Nassauia;Tahlenwald,58000,58000,"40,34557891",2,3
CASPIAN,Portocel,Ngorim;Nassauia;Tahlenwald;Konoha,58000,58000,"40,98868235",2,3
CASPIAN,Portocel,Ngorim;Nassauia;Tahlenwald;Ulthar,58000,58000,"41,67282029",2,3
CASPIAN,Portocel,Ngorim;Nassauia;Tahlenwald;Lothlorien,58000,58000,"40,98868235",2,3
CASPIAN,Portocel,Ngorim;Nassauia;Dirtmouth,58000,58000,"40,41454442",2,3
CASPIAN,Portocel,Ngorim;Nassauia;Dirtmouth;Konoha,58000,58000,"41,05764787",2,3
CASPIAN,Portocel,Ngorim;Nassauia;Dirtmouth;Ulthar,58000,58000,"41,7417858",2,3
CASPIAN,Portocel,Ngorim;Nassauia;Dirtmouth;Lothlorien,58000,58000,"41,05764787",2,3
CASPIAN,Portocel,Ngorim;Nassauia;Konoha,58000,58000,"39,58557891",2,3
CASPIAN,Portocel,Ngorim;Nassauia;Konoha;Marineford,58000,58000,"40,98868235",2,3
CASPIAN,Portocel,Ngorim;Nassauia;Marineford,58000,58000,"40,34557891",2,3
CASPIAN,Portocel,Ngorim;Nassauia;Marineford;Ulthar,58000,58000,"41,67282029",2,3
CASPIAN,Portocel,Ngorim;Nassauia;Marineford;Lothlorien,58000,58000,"40,98868235",2,3
CASPIAN,Portocel,Ngorim;Nassauia;Lothlorien,58000,58000,"39,58557891",2,3
CASPIAN,Portocel,Ngorim;Namek;Tahlenwald;Yjigar,58000,58000,"41,41730304",2,3
CASPIAN,Portocel,Ngorim;Namek;Tahlenwald;Zuldazar,58000,58000,"41,41730304",2,3
CASPIAN,Portocel,Ngorim;Namek;Dirtmouth;Yjigar,58000,58000,"41,48626856",2,3
CASPIAN,Portocel,Ngorim;Namek;Dirtmouth;Zuldazar,58000,58000,"41,48626856",2,3
CASPIAN,Portocel,Ngorim;Namek;Marineford;Yjigar,58000,58000,"41,41730304",2,3
CASPIAN,Portocel,Ngorim;Namek;Marineford;Zuldazar,58000,58000,"41,41730304",2,3
CASPIAN,Portocel,Ngorim;Tahlenwald,58000,58000,"39,35247546",2,3
CASPIAN,Portocel,Ngorim;Tahlenwald;Konoha;Yjigar,58000,58000,"40,98868235",2,3
CASPIAN,Portocel,Ngorim;Tahlenwald;Konoha;Zuldazar,58000,58000,"40,98868235",2,3
CASPIAN,Portocel,Ngorim;Tahlenwald;Ulthar,58000,58000,"40,66971684",2,3
CASPIAN,Portocel,Ngorim;Tahlenwald;Ulthar;Yjigar,58000,58000,"41,67282029",2,3
CASPIAN,Portocel,Ngorim;Tahlenwald;Ulthar;Zuldazar,58000,58000,"41,67282029",2,3
CASPIAN,Portocel,Ngorim;Tahlenwald;Lothlorien;Yjigar,58000,58000,"40,98868235",2,3
CASPIAN,Portocel,Ngorim;Tahlenwald;Lothlorien;Zuldazar,58000,58000,"40,98868235",2,3
CASPIAN,Portocel,Ngorim;Tahlenwald;Yjigar,58000,58000,"40,34557891",2,3
CASPIAN,Portocel,Ngorim;Tahlenwald;Zuldazar,58000,58000,"40,34557891",2,3
CASPIAN,Portocel,Ngorim;Dirtmouth,58000,58000,"39,42144098",2,3
CASPIAN,Portocel,Ngorim;Dirtmouth;Konoha;Yjigar,58000,58000,"41,05764787",2,3
CASPIAN,Portocel,Ngorim;Dirtmouth;Konoha;Zuldazar,58000,58000,"41,05764787",2,3
CASPIAN,Portocel,Ngorim;Dirtmouth;Ulthar,58000,58000,"40,73868235",2,3
CASPIAN,Portocel,Ngorim;Dirtmouth;Ulthar;Yjigar,58000,58000,"41,7417858",2,3
CASPIAN,Portocel,Ngorim;Dirtmouth;Ulthar;Zuldazar,58000,58000,"41,7417858",2,3
CASPIAN,Portocel,Ngorim;Dirtmouth;Lothlorien;Yjigar,58000,58000,"41,05764787",2,3
CASPIAN,Portocel,Ngorim;Dirtmouth;Lothlorien;Zuldazar,58000,58000,"41,05764787",2,3
CASPIAN,Portocel,Ngorim;Dirtmouth;Yjigar,58000,58000,"40,41454442",2,3
CASPIAN,Portocel,Ngorim;Dirtmouth;Zuldazar,58000,58000,"40,41454442",2,3
CASPIAN,Portocel,Ngorim;Konoha;Marineford;Yjigar,58000,58000,"40,98868235",2,3
CASPIAN,Portocel,Ngorim;Konoha;Marineford;Zuldazar,58000,58000,"40,98868235",2,3
CASPIAN,Portocel,Ngorim;Konoha;Yjigar,58000,58000,"39,58557891",2,3
CASPIAN,Portocel,Ngorim;Konoha;Zuldazar,58000,58000,"39,58557891",2,3
CASPIAN,Portocel,Ngorim;Marineford,58000,58000,"39,35247546",2,3
CASPIAN,Portocel,Ngorim;Marineford;Ulthar,58000,58000,"40,66971684",2,3
CASPIAN,Portocel,Ngorim;Marineford;Ulthar;Yjigar,58000,58000,"41,67282029",2,3
CASPIAN,Portocel,Ngorim;Marineford;Ulthar;Zuldazar,58000,58000,"41,67282029",2,3
CASPIAN,Portocel,Ngorim;Marineford;Lothlorien;Yjigar,58000,58000,"40,98868235",2,3
CASPIAN,Portocel,Ngorim;Marineford;Lothlorien;Zuldazar,58000,58000,"40,98868235",2,3
CASPIAN,Portocel,Ngorim;Marineford;Yjigar,58000,58000,"40,34557891",2,3
CASPIAN,Portocel,Ngorim;Marineford;Zuldazar,58000,58000,"40,34557891",2,3
CASPIAN,Portocel,Ngorim;Ulthar,58000,58000,"39,21661339",2,3
CASPIAN,Portocel,Ngorim;Lothlorien;Yjigar,58000,58000,"39,58557891",2,3
CASPIAN,Portocel,Ngorim;Lothlorien;Zuldazar,58000,58000,"39,58557891",2,3
CASPIAN,Portocel,Ngorim;Yjigar,58000,58000,"38,73247546",2,3
CASPIAN,Portocel,Ngorim;Zuldazar,58000,58000,"38,73247546",2,3
CASPIAN,Portocel,Namek;Tahlenwald,58000,58000,"39,10282029",2,3
CASPIAN,Portocel,Namek;Tahlenwald;Konoha;Yjigar,58000,58000,"41,46902718",2,3
CASPIAN,Portocel,Namek;Tahlenwald;Konoha;Zuldazar,58000,58000,"41,46902718",2,3
CASPIAN,Portocel,Namek;Tahlenwald;Lothlorien;Yjigar,58000,58000,"41,46902718",2,3
CASPIAN,Portocel,Namek;Tahlenwald;Lothlorien;Zuldazar,58000,58000,"41,46902718",2,3
CASPIAN,Portocel,Namek;Dirtmouth,58000,58000,"39,1717858",2,3
CASPIAN,Portocel,Namek;Dirtmouth;Konoha;Yjigar,58000,58000,"41,5379927",2,3
CASPIAN,Portocel,Namek;Dirtmouth;Konoha;Zuldazar,58000,58000,"41,5379927",2,3
CASPIAN,Portocel,Namek;Dirtmouth;Lothlorien;Yjigar,58000,58000,"41,5379927",2,3
CASPIAN,Portocel,Namek;Dirtmouth;Lothlorien;Zuldazar,58000,58000,"41,5379927",2,3
CASPIAN,Portocel,Namek;Konoha;Marineford;Yjigar,58000,58000,"41,46902718",2,3
CASPIAN,Portocel,Namek;Konoha;Marineford;Zuldazar,58000,58000,"41,46902718",2,3
CASPIAN,Portocel,Namek;Marineford,58000,58000,"39,10282029",2,3
CASPIAN,Portocel,Namek;Marineford;Lothlorien;Yjigar,58000,58000,"41,46902718",2,3
CASPIAN,Portocel,Namek;Marineford;Lothlorien;Zuldazar,58000,58000,"41,46902718",2,3
CASPIAN,Portocel,Tahlenwald;Namek;Seireitei;Rlyeh,58000,58000,"41,9217858",2,3
CASPIAN,Portocel,Tahlenwald;Konoha,58000,58000,"39,4041996",2,3
CASPIAN,Portocel,Tahlenwald;Konoha;Ulthar,58000,58000,"40,72144098",2,3
CASPIAN,Portocel,Tahlenwald;Konoha;Ulthar;Yjigar,58000,58000,"41,72454442",2,3
CASPIAN,Portocel,Tahlenwald;Konoha;Ulthar;Zuldazar,58000,58000,"41,72454442",2,3
CASPIAN,Portocel,Tahlenwald;Konoha;Lothlorien;Yjigar,58000,58000,"41,04040649",2,3
CASPIAN,Portocel,Tahlenwald;Konoha;Lothlorien;Zuldazar,58000,58000,"41,04040649",2,3
CASPIAN,Portocel,Tahlenwald;Konoha;Yjigar,58000,58000,"40,39730304",2,3
CASPIAN,Portocel,Tahlenwald;Konoha;Zuldazar,58000,58000,"40,39730304",2,3
CASPIAN,Portocel,Tahlenwald;Ulthar,58000,58000,"39,35833753",2,3
CASPIAN,Portocel,Tahlenwald;Ulthar;Lothlorien,58000,58000,"40,72144098",2,3
CASPIAN,Portocel,Tahlenwald;Ulthar;Lothlorien;Yjigar,58000,58000,"41,72454442",2,3
CASPIAN,Portocel,Tahlenwald;Ulthar;Lothlorien;Zuldazar,58000,58000,"41,72454442",2,3
CASPIAN,Portocel,Tahlenwald;Lothlorien,58000,58000,"39,4041996",2,3
CASPIAN,Portocel,Tahlenwald;Lothlorien;Yjigar,58000,58000,"40,39730304",2,3
CASPIAN,Portocel,Tahlenwald;Lothlorien;Zuldazar,58000,58000,"40,39730304",2,3
CASPIAN,Portocel,Dirtmouth;Tahlenwald;Promethea;Seireitei,58000,58000,"40,65764787",2,3
CASPIAN,Portocel,Dirtmouth;Tahlenwald;Seireitei;Promethea,58000,58000,"41,00764787",2,3
CASPIAN,Portocel,Dirtmouth;Konoha,58000,58000,"39,47316511",2,3
CASPIAN,Portocel,Dirtmouth;Konoha;Ulthar,58000,58000,"40,79040649",2,3
CASPIAN,Portocel,Dirtmouth;Konoha;Ulthar;Yjigar,58000,58000,"41,79350994",2,3
CASPIAN,Portocel,Dirtmouth;Konoha;Ulthar;Zuldazar,58000,58000,"41,79350994",2,3
CASPIAN,Portocel,Dirtmouth;Konoha;Lothlorien;Yjigar,58000,58000,"41,10937201",2,3
CASPIAN,Portocel,Dirtmouth;Konoha;Lothlorien;Zuldazar,58000,58000,"41,10937201",2,3
CASPIAN,Portocel,Dirtmouth;Konoha;Yjigar,58000,58000,"40,46626856",2,3
CASPIAN,Portocel,Dirtmouth;Konoha;Zuldazar,58000,58000,"40,46626856",2,3
CASPIAN,Portocel,Dirtmouth;Ulthar,58000,58000,"39,42730304",2,3
CASPIAN,Portocel,Dirtmouth;Ulthar;Lothlorien,58000,58000,"40,79040649",2,3
CASPIAN,Portocel,Dirtmouth;Ulthar;Lothlorien;Yjigar,58000,58000,"41,79350994",2,3
CASPIAN,Portocel,Dirtmouth;Ulthar;Lothlorien;Zuldazar,58000,58000,"41,79350994",2,3
CASPIAN,Portocel,Dirtmouth;Lothlorien,58000,58000,"39,47316511",2,3
CASPIAN,Portocel,Dirtmouth;Lothlorien;Yjigar,58000,58000,"40,46626856",2,3
CASPIAN,Portocel,Dirtmouth;Lothlorien;Zuldazar,58000,58000,"40,46626856",2,3
CASPIAN,Portocel,Konoha;Marineford,58000,58000,"42,71857152",2,3
CASPIAN,Portocel,Konoha;Marineford;Ulthar,58000,58000,"44,14660891",2,3
CASPIAN,Portocel,Konoha;Marineford;Ulthar;Yjigar,58000,58000,"45,23408554",2,3
CASPIAN,Portocel,Konoha;Marineford;Ulthar;Zuldazar,58000,58000,"45,23408554",2,3
CASPIAN,Portocel,Konoha;Marineford;Lothlorien;Yjigar,58000,58000,"44,4924033",2,3
CASPIAN,Portocel,Konoha;Marineford;Lothlorien;Zuldazar,58000,58000,"44,4924033",2,3
CASPIAN,Portocel,Konoha;Marineford;Yjigar,58000,58000,"43,79520704",2,3
CASPIAN,Portocel,Konoha;Marineford;Zuldazar,58000,58000,"43,79520704",2,3
CASPIAN,Portocel,Konoha;Ulthar,58000,58000,"42,57128181",2,3
CASPIAN,Portocel,Konoha;Lothlorien;Yjigar,58000,58000,"42,97128181",2,3
CASPIAN,Portocel,Konoha;Lothlorien;Zuldazar,58000,58000,"42,97128181",2,3
CASPIAN,Portocel,Konoha;Yjigar,58000,58000,"42,04642199",2,3
CASPIAN,Portocel,Konoha;Zuldazar,58000,58000,"42,04642199",2,3
CASPIAN,Portocel,Marineford;Ulthar,58000,58000,"39,35833753",2,3
CASPIAN,Portocel,Marineford;Ulthar;Lothlorien,58000,58000,"40,72144098",2,3
CASPIAN,Portocel,Marineford;Ulthar;Lothlorien;Yjigar,58000,58000,"41,72454442",2,3
CASPIAN,Portocel,Marineford;Ulthar;Lothlorien;Zuldazar,58000,58000,"41,72454442",2,3
CASPIAN,Portocel,Marineford;Lothlorien,58000,58000,"39,4041996",2,3
CASPIAN,Portocel,Marineford;Lothlorien;Yjigar,58000,58000,"40,39730304",2,3
CASPIAN,Portocel,Marineford;Lothlorien;Zuldazar,58000,58000,"40,39730304",2,3
CASPIAN,Portocel,Ulthar;Lothlorien,58000,58000,"56,93908941",2,3
CASPIAN,Portocel,Lothlorien;Yjigar,58000,58000,"38,7841996",2,3
CASPIAN,Portocel,Lothlorien;Zuldazar,58000,58000,"38,7841996",2,3
CASPIAN,Portocel,Yjigar;Zuldazar,58000,58000,"37,1741996",2,3
CASPIAN,Portocel,Zuldazar;Rlyeh,58000,58000,"38,51282029",2,3
CASPIAN,Portocel,Zuldazar;Askr;Konoha,58000,58000,"38,78350994",2,3
CASPIAN,Portocel;Santos,Zuldazar;Rlyeh,58000,58000,"40,61786734",2,3
CASPIAN,Portocel;Santos,Zuldazar;Rlyeh,72000,72000,"38,77352216",2,3
CASPIAN,Portocel;Santos,Zuldazar;Askr;Konoha,58000,58000,"40,88855699",2,3
CASPIAN,Portocel;Santos,Zuldazar;Nassauia;Askr;Konoha,58000,58000,"41,78166044",2,3
CASPIAN,Portocel;Santos,Zuldazar;Nassauia;Askr;Konoha,72000,72000,"39,73963327",2,3
CASPIAN,Portocel;Santos,Zuldazar;Nassauia;Askr;Lothlorien,58000,58000,"40,97166044",2,3
CASPIAN,Portocel;Santos,Zuldazar;Nassauia;Askr;Lothlorien,72000,72000,"38,96963327",2,3
CASPIAN,Santos,Rlyeh;Dornfall,58000,58000,"48,93522106",2,3
CASPIAN,Santos,Rlyeh;Dornfall;Promethea;Nassauia,58000,58000,"51,48413881",2,3
CASPIAN,Santos,Rlyeh;Dornfall;Promethea;Yjigar,58000,58000,"51,48413881",2,3
CASPIAN,Santos,Rlyeh;Dornfall;Promethea;Zuldazar,58000,58000,"51,48413881",2,3
CASPIAN,Santos,Rlyeh;Dornfall;Ichoris;Nassauia,58000,58000,"51,05123838",2,3
CASPIAN,Santos,Rlyeh;Dornfall;Ichoris;Yjigar,58000,58000,"51,05123838",2,3
CASPIAN,Santos,Rlyeh;Dornfall;Ichoris;Zuldazar,58000,58000,"51,05123838",2,3
CASPIAN,Santos,Rlyeh;Dornfall;Askr;Nassauia,58000,58000,"50,99712582",2,3
CASPIAN,Santos,Rlyeh;Dornfall;Askr;Yjigar,58000,58000,"50,99712582",2,3
CASPIAN,Santos,Rlyeh;Dornfall;Askr;Zuldazar,58000,58000,"50,99712582",2,3
CASPIAN,Santos,Rlyeh;Dornfall;Seireitei,58000,58000,"50,58890071",2,3
CASPIAN,Santos,Rlyeh;Dornfall;Seireitei;Nassauia,58000,58000,"51,84820807",2,3
CASPIAN,Santos,Rlyeh;Dornfall;Seireitei;Yjigar,58000,58000,"51,84820807",2,3
CASPIAN,Santos,Rlyeh;Dornfall;Seireitei;Zuldazar,58000,58000,"51,84820807",2,3
CASPIAN,Santos,Rlyeh;Dornfall;Nassauia,58000,58000,"50,18197431",2,3
CASPIAN,Santos,Rlyeh;Dornfall;Nassauia;Namek,58000,58000,"51,52742885",2,3
CASPIAN,Santos,Rlyeh;Dornfall;Nassauia;Konoha,58000,58000,"50,98933361",2,3
CASPIAN,Santos,Rlyeh;Dornfall;Nassauia;Ulthar,58000,58000,"51,84820807",2,3
CASPIAN,Santos,Rlyeh;Dornfall;Nassauia;Lothlorien,58000,58000,"50,98933361",2,3
CASPIAN,Santos,Rlyeh;Dornfall;Ngorim;Nassauia,58000,58000,"50,92439855",2,3
CASPIAN,Santos,Rlyeh;Dornfall;Ngorim;Yjigar,58000,58000,"50,92439855",2,3
CASPIAN,Santos,Rlyeh;Dornfall;Ngorim;Zuldazar,58000,58000,"50,92439855",2,3
CASPIAN,Santos,Rlyeh;Dornfall;Namek;Yjigar,58000,58000,"51,52742885",2,3
CASPIAN,Santos,Rlyeh;Dornfall;Namek;Zuldazar,58000,58000,"51,52742885",2,3
CASPIAN,Santos,Rlyeh;Dornfall;Konoha;Yjigar,58000,58000,"50,98933361",2,3
CASPIAN,Santos,Rlyeh;Dornfall;Konoha;Zuldazar,58000,58000,"50,98933361",2,3
CASPIAN,Santos,Rlyeh;Dornfall;Ulthar,58000,58000,"50,58890071",2,3
CASPIAN,Santos,Rlyeh;Dornfall;Ulthar;Yjigar,58000,58000,"51,84820807",2,3
CASPIAN,Santos,Rlyeh;Dornfall;Ulthar;Zuldazar,58000,58000,"51,84820807",2,3
CASPIAN,Santos,Rlyeh;Dornfall;Lothlorien;Yjigar,58000,58000,"50,98933361",2,3
CASPIAN,Santos,Rlyeh;Dornfall;Lothlorien;Zuldazar,58000,58000,"50,98933361",2,3
CASPIAN,Santos,Rlyeh;Dornfall;Yjigar,58000,58000,"50,18197431",2,3
CASPIAN,Santos,Rlyeh;Dornfall;Zuldazar,58000,58000,"50,18197431",2,3
CASPIAN,Santos,Rlyeh;Deliora,58000,58000,"49,71444184",2,3
CASPIAN,Santos,Rlyeh;Deliora;Promethea;Nassauia,58000,58000,"52,26335959",2,3
CASPIAN,Santos,Rlyeh;Deliora;Promethea;Yjigar,58000,58000,"52,26335959",2,3
CASPIAN,Santos,Rlyeh;Deliora;Promethea;Zuldazar,58000,58000,"52,26335959",2,3
CASPIAN,Santos,Rlyeh;Deliora;Ichoris;Nassauia,58000,58000,"51,83045915",2,3
CASPIAN,Santos,Rlyeh;Deliora;Ichoris;Yjigar,58000,58000,"51,83045915",2,3
CASPIAN,Santos,Rlyeh;Deliora;Ichoris;Zuldazar,58000,58000,"51,83045915",2,3
CASPIAN,Santos,Rlyeh;Deliora;Askr;Nassauia,58000,58000,"51,7763466",2,3
CASPIAN,Santos,Rlyeh;Deliora;Askr;Yjigar,58000,58000,"51,7763466",2,3
CASPIAN,Santos,Rlyeh;Deliora;Askr;Zuldazar,58000,58000,"51,7763466",2,3
CASPIAN,Santos,Rlyeh;Deliora;Seireitei,58000,58000,"51,36812149",2,3
CASPIAN,Santos,Rlyeh;Deliora;Seireitei;Nassauia,58000,58000,"52,62742885",2,3
CASPIAN,Santos,Rlyeh;Deliora;Seireitei;Yjigar,58000,58000,"52,62742885",2,3
CASPIAN,Santos,Rlyeh;Deliora;Seireitei;Zuldazar,58000,58000,"52,62742885",2,3
CASPIAN,Santos,Rlyeh;Deliora;Nassauia,58000,58000,"50,96119509",2,3
CASPIAN,Santos,Rlyeh;Deliora;Nassauia;Namek,58000,58000,"52,30664963",2,3
CASPIAN,Santos,Rlyeh;Deliora;Nassauia;Konoha,58000,58000,"51,76855439",2,3
CASPIAN,Santos,Rlyeh;Deliora;Nassauia;Lothlorien,58000,58000,"51,76855439",2,3
CASPIAN,Santos,Rlyeh;Deliora;Ngorim;Nassauia,58000,58000,"51,70361933",2,3
CASPIAN,Santos,Rlyeh;Deliora;Ngorim;Yjigar,58000,58000,"51,70361933",2,3
CASPIAN,Santos,Rlyeh;Deliora;Ngorim;Zuldazar,58000,58000,"51,70361933",2,3
CASPIAN,Santos,Rlyeh;Deliora;Namek;Yjigar,58000,58000,"52,30664963",2,3
CASPIAN,Santos,Rlyeh;Deliora;Namek;Zuldazar,58000,58000,"52,30664963",2,3
CASPIAN,Santos,Rlyeh;Deliora;Konoha;Yjigar,58000,58000,"51,76855439",2,3
CASPIAN,Santos,Rlyeh;Deliora;Konoha;Zuldazar,58000,58000,"51,76855439",2,3
CASPIAN,Santos,Rlyeh;Deliora;Ulthar,58000,58000,"51,36812149",2,3
CASPIAN,Santos,Rlyeh;Deliora;Ulthar;Yjigar,58000,58000,"52,62742885",2,3
CASPIAN,Santos,Rlyeh;Deliora;Ulthar;Zuldazar,58000,58000,"52,62742885",2,3
CASPIAN,Santos,Rlyeh;Deliora;Lothlorien;Yjigar,58000,58000,"51,76855439",2,3
CASPIAN,Santos,Rlyeh;Deliora;Lothlorien;Zuldazar,58000,58000,"51,76855439",2,3
CASPIAN,Santos,Rlyeh;Deliora;Yjigar,58000,58000,"50,96119509",2,3
CASPIAN,Santos,Rlyeh;Deliora;Zuldazar,58000,58000,"50,96119509",2,3
CASPIAN,Santos,Rlyeh;Promethea;Lyngard;Nassauia,58000,58000,"51,48413881",2,3
CASPIAN,Santos,Rlyeh;Promethea;Lyngard;Yjigar,58000,58000,"51,48413881",2,3
CASPIAN,Santos,Rlyeh;Promethea;Lyngard;Zuldazar,58000,58000,"51,48413881",2,3
CASPIAN,Santos,Rlyeh;Promethea;Nassauia;Tahlenwald,58000,58000,"52,26335959",2,3
CASPIAN,Santos,Rlyeh;Promethea;Nassauia;Dirtmouth,58000,58000,"52,34993967",2,3
CASPIAN,Santos,Rlyeh;Promethea;Nassauia;Marineford,58000,58000,"52,26335959",2,3
CASPIAN,Santos,Rlyeh;Promethea;Tahlenwald;Yjigar,58000,58000,"52,26335959",2,3
CASPIAN,Santos,Rlyeh;Promethea;Tahlenwald;Zuldazar,58000,58000,"52,26335959",2,3
CASPIAN,Santos,Rlyeh;Promethea;Dirtmouth;Yjigar,58000,58000,"52,34993967",2,3
CASPIAN,Santos,Rlyeh;Promethea;Dirtmouth;Zuldazar,58000,58000,"52,34993967",2,3
CASPIAN,Santos,Rlyeh;Promethea;Marineford;Yjigar,58000,58000,"52,26335959",2,3
CASPIAN,Santos,Rlyeh;Promethea;Marineford;Zuldazar,58000,58000,"52,26335959",2,3
CASPIAN,Santos,Rlyeh;Ichoris;Lyngard;Nassauia,58000,58000,"51,05123838",2,3
CASPIAN,Santos,Rlyeh;Ichoris;Lyngard;Yjigar,58000,58000,"51,05123838",2,3
CASPIAN,Santos,Rlyeh;Ichoris;Lyngard;Zuldazar,58000,58000,"51,05123838",2,3
CASPIAN,Santos,Rlyeh;Ichoris;Nassauia;Tahlenwald,58000,58000,"51,83045915",2,3
CASPIAN,Santos,Rlyeh;Ichoris;Nassauia;Dirtmouth,58000,58000,"51,91703924",2,3
CASPIAN,Santos,Rlyeh;Ichoris;Nassauia;Marineford,58000,58000,"51,83045915",2,3
CASPIAN,Santos,Rlyeh;Ichoris;Tahlenwald;Yjigar,58000,58000,"51,83045915",2,3
CASPIAN,Santos,Rlyeh;Ichoris;Tahlenwald;Zuldazar,58000,58000,"51,83045915",2,3
CASPIAN,Santos,Rlyeh;Ichoris;Dirtmouth;Yjigar,58000,58000,"51,91703924",2,3
CASPIAN,Santos,Rlyeh;Ichoris;Dirtmouth;Zuldazar,58000,58000,"51,91703924",2,3
CASPIAN,Santos,Rlyeh;Ichoris;Marineford;Yjigar,58000,58000,"51,83045915",2,3
CASPIAN,Santos,Rlyeh;Ichoris;Marineford;Zuldazar,58000,58000,"51,83045915",2,3
CASPIAN,Santos,Rlyeh;Askr,58000,58000,"48,69279682",2,3
CASPIAN,Santos,Rlyeh;Askr;Lyngard;Nassauia,58000,58000,"50,99712582",2,3
CASPIAN,Santos,Rlyeh;Askr;Lyngard;Yjigar,58000,58000,"50,99712582",2,3
CASPIAN,Santos,Rlyeh;Askr;Lyngard;Zuldazar,58000,58000,"50,99712582",2,3
CASPIAN,Santos,Rlyeh;Askr;Nassauia,58000,58000,"49,73868426",2,3
CASPIAN,Santos,Rlyeh;Askr;Nassauia;Tahlenwald,58000,58000,"51,7763466",2,3
CASPIAN,Santos,Rlyeh;Askr;Nassauia;Dirtmouth,58000,58000,"51,86292669",2,3
CASPIAN,Santos,Rlyeh;Askr;Nassauia;Marineford,58000,58000,"51,7763466",2,3
CASPIAN,Santos,Rlyeh;Askr;Tahlenwald;Yjigar,58000,58000,"51,7763466",2,3
CASPIAN,Santos,Rlyeh;Askr;Tahlenwald;Zuldazar,58000,58000,"51,7763466",2,3
CASPIAN,Santos,Rlyeh;Askr;Dirtmouth;Yjigar,58000,58000,"51,86292669",2,3
CASPIAN,Santos,Rlyeh;Askr;Dirtmouth;Zuldazar,58000,58000,"51,86292669",2,3
CASPIAN,Santos,Rlyeh;Askr;Marineford;Yjigar,58000,58000,"51,7763466",2,3
CASPIAN,Santos,Rlyeh;Askr;Marineford;Zuldazar,58000,58000,"51,7763466",2,3
CASPIAN,Santos,Rlyeh;Askr;Yjigar,58000,58000,"49,73868426",2,3
CASPIAN,Santos,Rlyeh;Askr;Zuldazar,58000,58000,"49,73868426",2,3
CASPIAN,Santos,Rlyeh;Lyngard,58000,58000,"48,93522106",2,3
CASPIAN,Santos,Rlyeh;Lyngard;Seireitei,58000,58000,"50,58890071",2,3
CASPIAN,Santos,Rlyeh;Lyngard;Seireitei;Nassauia,58000,58000,"51,84820807",2,3
CASPIAN,Santos,Rlyeh;Lyngard;Seireitei;Yjigar,58000,58000,"51,84820807",2,3
CASPIAN,Santos,Rlyeh;Lyngard;Seireitei;Zuldazar,58000,58000,"51,84820807",2,3
CASPIAN,Santos,Rlyeh;Lyngard;Nassauia,58000,58000,"50,18197431",2,3
CASPIAN,Santos,Rlyeh;Lyngard;Nassauia;Namek,58000,58000,"51,52742885",2,3
CASPIAN,Santos,Rlyeh;Lyngard;Nassauia;Konoha,58000,58000,"50,98933361",2,3
CASPIAN,Santos,Rlyeh;Lyngard;Nassauia;Ulthar,58000,58000,"51,84820807",2,3
CASPIAN,Santos,Rlyeh;Lyngard;Nassauia;Lothlorien,58000,58000,"50,98933361",2,3
CASPIAN,Santos,Rlyeh;Lyngard;Ngorim;Nassauia,58000,58000,"50,92439855",2,3
CASPIAN,Santos,Rlyeh;Lyngard;Ngorim;Yjigar,58000,58000,"50,92439855",2,3
CASPIAN,Santos,Rlyeh;Lyngard;Ngorim;Zuldazar,58000,58000,"50,92439855",2,3
CASPIAN,Santos,Rlyeh;Lyngard;Namek;Yjigar,58000,58000,"51,52742885",2,3
CASPIAN,Santos,Rlyeh;Lyngard;Namek;Zuldazar,58000,58000,"51,52742885",2,3
CASPIAN,Santos,Rlyeh;Lyngard;Konoha;Yjigar,58000,58000,"50,98933361",2,3
CASPIAN,Santos,Rlyeh;Lyngard;Konoha;Zuldazar,58000,58000,"50,98933361",2,3
CASPIAN,Santos,Rlyeh;Lyngard;Ulthar,58000,58000,"50,58890071",2,3
CASPIAN,Santos,Rlyeh;Lyngard;Ulthar;Yjigar,58000,58000,"51,84820807",2,3
CASPIAN,Santos,Rlyeh;Lyngard;Ulthar;Zuldazar,58000,58000,"51,84820807",2,3
CASPIAN,Santos,Rlyeh;Lyngard;Lothlorien;Yjigar,58000,58000,"50,98933361",2,3
CASPIAN,Santos,Rlyeh;Lyngard;Lothlorien;Zuldazar,58000,58000,"50,98933361",2,3
CASPIAN,Santos,Rlyeh;Lyngard;Yjigar,58000,58000,"50,18197431",2,3
CASPIAN,Santos,Rlyeh;Lyngard;Zuldazar,58000,58000,"50,18197431",2,3
CASPIAN,Santos,Rlyeh;Seireitei,58000,58000,"49,54387907",2,3
CASPIAN,Santos,Rlyeh;Seireitei;Nassauia;Tahlenwald,58000,58000,"52,62742885",2,3
CASPIAN,Santos,Rlyeh;Seireitei;Nassauia;Dirtmouth,58000,58000,"52,71400894",2,3
CASPIAN,Santos,Rlyeh;Seireitei;Nassauia;Marineford,58000,58000,"52,62742885",2,3
CASPIAN,Santos,Rlyeh;Seireitei;Tahlenwald,58000,58000,"51,36812149",2,3
CASPIAN,Santos,Rlyeh;Seireitei;Tahlenwald;Yjigar,58000,58000,"52,62742885",2,3
CASPIAN,Santos,Rlyeh;Seireitei;Tahlenwald;Zuldazar,58000,58000,"52,62742885",2,3
CASPIAN,Santos,Rlyeh;Seireitei;Dirtmouth,58000,58000,"51,45470158",2,3
CASPIAN,Santos,Rlyeh;Seireitei;Dirtmouth;Yjigar,58000,58000,"52,71400894",2,3
CASPIAN,Santos,Rlyeh;Seireitei;Dirtmouth;Zuldazar,58000,58000,"52,71400894",2,3
CASPIAN,Santos,Rlyeh;Seireitei;Marineford,58000,58000,"51,36812149",2,3
CASPIAN,Santos,Rlyeh;Seireitei;Marineford;Yjigar,58000,58000,"52,62742885",2,3
CASPIAN,Santos,Rlyeh;Seireitei;Marineford;Zuldazar,58000,58000,"52,62742885",2,3
CASPIAN,Santos,Rlyeh;Nassauia,58000,58000,"48,93608686",2,3
CASPIAN,Santos,Rlyeh;Nassauia;Namek;Tahlenwald,58000,58000,"52,30664963",2,3
CASPIAN,Santos,Rlyeh;Nassauia;Namek;Dirtmouth,58000,58000,"52,39322972",2,3
CASPIAN,Santos,Rlyeh;Nassauia;Namek;Marineford,58000,58000,"52,30664963",2,3
CASPIAN,Santos,Rlyeh;Nassauia;Tahlenwald,58000,58000,"50,96119509",2,3
CASPIAN,Santos,Rlyeh;Nassauia;Tahlenwald;Konoha,58000,58000,"51,76855439",2,3
CASPIAN,Santos,Rlyeh;Nassauia;Tahlenwald;Ulthar,58000,58000,"52,62742885",2,3
CASPIAN,Santos,Rlyeh;Nassauia;Tahlenwald;Lothlorien,58000,58000,"51,76855439",2,3
CASPIAN,Santos,Rlyeh;Nassauia;Dirtmouth,58000,58000,"51,04777517",2,3
CASPIAN,Santos,Rlyeh;Nassauia;Dirtmouth;Konoha,58000,58000,"51,85513448",2,3
CASPIAN,Santos,Rlyeh;Nassauia;Dirtmouth;Ulthar,58000,58000,"52,71400894",2,3
CASPIAN,Santos,Rlyeh;Nassauia;Dirtmouth;Lothlorien,58000,58000,"51,85513448",2,3
CASPIAN,Santos,Rlyeh;Nassauia;Konoha,58000,58000,"50,00708253",2,3
CASPIAN,Santos,Rlyeh;Nassauia;Konoha;Marineford,58000,58000,"51,76855439",2,3
CASPIAN,Santos,Rlyeh;Nassauia;Marineford,58000,58000,"50,96119509",2,3
CASPIAN,Santos,Rlyeh;Nassauia;Marineford;Ulthar,58000,58000,"52,62742885",2,3
CASPIAN,Santos,Rlyeh;Nassauia;Marineford;Lothlorien,58000,58000,"51,76855439",2,3
CASPIAN,Santos,Rlyeh;Nassauia;Lothlorien,58000,58000,"50,00708253",2,3
CASPIAN,Santos,Rlyeh;Ngorim;Nassauia,58000,58000,"49,94214747",2,3
CASPIAN,Santos,Rlyeh;Ngorim;Nassauia;Tahlenwald,58000,58000,"51,70361933",2,3
CASPIAN,Santos,Rlyeh;Ngorim;Nassauia;Dirtmouth,58000,58000,"51,79019941",2,3
CASPIAN,Santos,Rlyeh;Ngorim;Nassauia;Marineford,58000,58000,"51,70361933",2,3
CASPIAN,Santos,Rlyeh;Ngorim;Tahlenwald;Yjigar,58000,58000,"51,70361933",2,3
CASPIAN,Santos,Rlyeh;Ngorim;Tahlenwald;Zuldazar,58000,58000,"51,70361933",2,3
CASPIAN,Santos,Rlyeh;Ngorim;Dirtmouth;Yjigar,58000,58000,"51,79019941",2,3
CASPIAN,Santos,Rlyeh;Ngorim;Dirtmouth;Zuldazar,58000,58000,"51,79019941",2,3
CASPIAN,Santos,Rlyeh;Ngorim;Marineford;Yjigar,58000,58000,"51,70361933",2,3
CASPIAN,Santos,Rlyeh;Ngorim;Marineford;Zuldazar,58000,58000,"51,70361933",2,3
CASPIAN,Santos,Rlyeh;Ngorim;Yjigar,58000,58000,"49,94214747",2,3
CASPIAN,Santos,Rlyeh;Ngorim;Zuldazar,58000,58000,"49,94214747",2,3
CASPIAN,Santos,Rlyeh;Namek;Tahlenwald;Yjigar,58000,58000,"52,30664963",2,3
CASPIAN,Santos,Rlyeh;Namek;Tahlenwald;Zuldazar,58000,58000,"52,30664963",2,3
CASPIAN,Santos,Rlyeh;Namek;Dirtmouth;Yjigar,58000,58000,"52,39322972",2,3
CASPIAN,Santos,Rlyeh;Namek;Dirtmouth;Zuldazar,58000,58000,"52,39322972",2,3
CASPIAN,Santos,Rlyeh;Namek;Marineford;Yjigar,58000,58000,"52,30664963",2,3
CASPIAN,Santos,Rlyeh;Namek;Marineford;Zuldazar,58000,58000,"52,30664963",2,3
CASPIAN,Santos,Rlyeh;Tahlenwald,58000,58000,"49,71444184",2,3
CASPIAN,Santos,Rlyeh;Tahlenwald;Konoha;Yjigar,58000,58000,"51,76855439",2,3
CASPIAN,Santos,Rlyeh;Tahlenwald;Konoha;Zuldazar,58000,58000,"51,76855439",2,3
CASPIAN,Santos,Rlyeh;Tahlenwald;Ulthar,58000,58000,"51,36812149",2,3
CASPIAN,Santos,Rlyeh;Tahlenwald;Ulthar;Yjigar,58000,58000,"52,62742885",2,3
CASPIAN,Santos,Rlyeh;Tahlenwald;Ulthar;Zuldazar,58000,58000,"52,62742885",2,3
CASPIAN,Santos,Rlyeh;Tahlenwald;Lothlorien;Yjigar,58000,58000,"51,76855439",2,3
CASPIAN,Santos,Rlyeh;Tahlenwald;Lothlorien;Zuldazar,58000,58000,"51,76855439",2,3
CASPIAN,Santos,Rlyeh;Tahlenwald;Yjigar,58000,58000,"50,96119509",2,3
CASPIAN,Santos,Rlyeh;Tahlenwald;Zuldazar,58000,58000,"50,96119509",2,3
CASPIAN,Santos,Rlyeh;Dirtmouth,58000,58000,"49,80102193",2,3
CASPIAN,Santos,Rlyeh;Dirtmouth;Konoha;Yjigar,58000,58000,"51,85513448",2,3
CASPIAN,Santos,Rlyeh;Dirtmouth;Konoha;Zuldazar,58000,58000,"51,85513448",2,3
CASPIAN,Santos,Rlyeh;Dirtmouth;Ulthar,58000,58000,"51,45470158",2,3
CASPIAN,Santos,Rlyeh;Dirtmouth;Ulthar;Yjigar,58000,58000,"52,71400894",2,3
CASPIAN,Santos,Rlyeh;Dirtmouth;Ulthar;Zuldazar,58000,58000,"52,71400894",2,3
CASPIAN,Santos,Rlyeh;Dirtmouth;Lothlorien;Yjigar,58000,58000,"51,85513448",2,3
CASPIAN,Santos,Rlyeh;Dirtmouth;Lothlorien;Zuldazar,58000,58000,"51,85513448",2,3
CASPIAN,Santos,Rlyeh;Dirtmouth;Yjigar,58000,58000,"51,04777517",2,3
CASPIAN,Santos,Rlyeh;Dirtmouth;Zuldazar,58000,58000,"51,04777517",2,3
CASPIAN,Santos,Rlyeh;Konoha;Marineford;Yjigar,58000,58000,"51,76855439",2,3
CASPIAN,Santos,Rlyeh;Konoha;Marineford;Zuldazar,58000,58000,"51,76855439",2,3
CASPIAN,Santos,Rlyeh;Konoha;Yjigar,58000,58000,"50,00708253",2,3
CASPIAN,Santos,Rlyeh;Konoha;Zuldazar,58000,58000,"50,00708253",2,3
CASPIAN,Santos,Rlyeh;Marineford,58000,58000,"49,71444184",2,3
CASPIAN,Santos,Rlyeh;Marineford;Ulthar,58000,58000,"51,36812149",2,3
CASPIAN,Santos,Rlyeh;Marineford;Ulthar;Yjigar,58000,58000,"52,62742885",2,3
CASPIAN,Santos,Rlyeh;Marineford;Ulthar;Zuldazar,58000,58000,"52,62742885",2,3
CASPIAN,Santos,Rlyeh;Marineford;Lothlorien;Yjigar,58000,58000,"51,76855439",2,3
CASPIAN,Santos,Rlyeh;Marineford;Lothlorien;Zuldazar,58000,58000,"51,76855439",2,3
CASPIAN,Santos,Rlyeh;Marineford;Yjigar,58000,58000,"50,96119509",2,3
CASPIAN,Santos,Rlyeh;Marineford;Zuldazar,58000,58000,"50,96119509",2,3
CASPIAN,Santos,Rlyeh;Ulthar,58000,58000,"49,54387907",2,3
CASPIAN,Santos,Rlyeh;Lothlorien;Yjigar,58000,58000,"50,00708253",2,3
CASPIAN,Santos,Rlyeh;Lothlorien;Zuldazar,58000,58000,"50,00708253",2,3
CASPIAN,Santos,Rlyeh;Yjigar,58000,58000,"48,93608686",2,3
CASPIAN,Santos,Rlyeh;Zuldazar,58000,58000,"48,93608686",2,3
CASPIAN,Santos,Dornfall;Promethea,58000,58000,"38,38495195",2,3
CASPIAN,Santos,Dornfall;Promethea;Nassauia;Konoha,58000,58000,"40,75115884",2,3
CASPIAN,Santos,Dornfall;Promethea;Nassauia;Lothlorien,58000,58000,"40,75115884",2,3
CASPIAN,Santos,Dornfall;Promethea;Ngorim;Nassauia,58000,58000,"40,69943471",2,3
CASPIAN,Santos,Dornfall;Promethea;Ngorim;Yjigar,58000,58000,"40,69943471",2,3
CASPIAN,Santos,Dornfall;Promethea;Ngorim;Zuldazar,58000,58000,"40,69943471",2,3
CASPIAN,Santos,Dornfall;Promethea;Konoha;Yjigar,58000,58000,"40,75115884",2,3
CASPIAN,Santos,Dornfall;Promethea;Konoha;Zuldazar,58000,58000,"40,75115884",2,3
CASPIAN,Santos,Dornfall;Promethea;Lothlorien;Yjigar,58000,58000,"40,75115884",2,3
CASPIAN,Santos,Dornfall;Promethea;Lothlorien;Zuldazar,58000,58000,"40,75115884",2,3
CASPIAN,Santos,Dornfall;Ichoris,58000,58000,"38,04012436",2,3
CASPIAN,Santos,Dornfall;Ichoris;Nassauia;Konoha,58000,58000,"40,40633126",2,3
CASPIAN,Santos,Dornfall;Ichoris;Nassauia;Lothlorien,58000,58000,"40,40633126",2,3
CASPIAN,Santos,Dornfall;Ichoris;Ngorim;Nassauia,58000,58000,"40,35460712",2,3
CASPIAN,Santos,Dornfall;Ichoris;Ngorim;Yjigar,58000,58000,"40,35460712",2,3
CASPIAN,Santos,Dornfall;Ichoris;Ngorim;Zuldazar,58000,58000,"40,35460712",2,3
CASPIAN,Santos,Dornfall;Ichoris;Konoha;Yjigar,58000,58000,"40,40633126",2,3
CASPIAN,Santos,Dornfall;Ichoris;Konoha;Zuldazar,58000,58000,"40,40633126",2,3
CASPIAN,Santos,Dornfall;Ichoris;Lothlorien;Yjigar,58000,58000,"40,40633126",2,3
CASPIAN,Santos,Dornfall;Ichoris;Lothlorien;Zuldazar,58000,58000,"40,40633126",2,3
CASPIAN,Santos,Dornfall;Askr;Nassauia;Konoha,58000,58000,"40,36322781",2,3
CASPIAN,Santos,Dornfall;Askr;Nassauia;Lothlorien,58000,58000,"40,36322781",2,3
CASPIAN,Santos,Dornfall;Askr;Ngorim;Nassauia,58000,58000,"40,31150367",2,3
CASPIAN,Santos,Dornfall;Askr;Ngorim;Yjigar,58000,58000,"40,31150367",2,3
CASPIAN,Santos,Dornfall;Askr;Ngorim;Zuldazar,58000,58000,"40,31150367",2,3
CASPIAN,Santos,Dornfall;Askr;Konoha;Yjigar,58000,58000,"40,36322781",2,3
CASPIAN,Santos,Dornfall;Askr;Konoha;Zuldazar,58000,58000,"40,36322781",2,3
CASPIAN,Santos,Dornfall;Askr;Lothlorien;Yjigar,58000,58000,"40,36322781",2,3
CASPIAN,Santos,Dornfall;Askr;Lothlorien;Zuldazar,58000,58000,"40,36322781",2,3
CASPIAN,Santos,Dornfall;Seireitei,58000,58000,"38,67495195",2,3
CASPIAN,Santos,Dornfall;Seireitei;Nassauia;Konoha,58000,58000,"41,04115884",2,3
CASPIAN,Santos,Dornfall;Seireitei;Nassauia;Lothlorien,58000,58000,"41,04115884",2,3
CASPIAN,Santos,Dornfall;Seireitei;Ngorim,58000,58000,"39,98633126",2,3
CASPIAN,Santos,Dornfall;Seireitei;Ngorim;Nassauia,58000,58000,"40,98943471",2,3
CASPIAN,Santos,Dornfall;Seireitei;Ngorim;Yjigar,58000,58000,"40,98943471",2,3
CASPIAN,Santos,Dornfall;Seireitei;Ngorim;Zuldazar,58000,58000,"40,98943471",2,3
CASPIAN,Santos,Dornfall;Seireitei;Konoha,58000,58000,"40,0380554",2,3
CASPIAN,Santos,Dornfall;Seireitei;Konoha;Yjigar,58000,58000,"41,04115884",2,3
CASPIAN,Santos,Dornfall;Seireitei;Konoha;Zuldazar,58000,58000,"41,04115884",2,3
CASPIAN,Santos,Dornfall;Seireitei;Lothlorien,58000,58000,"40,0380554",2,3
CASPIAN,Santos,Dornfall;Seireitei;Lothlorien;Yjigar,58000,58000,"41,04115884",2,3
CASPIAN,Santos,Dornfall;Seireitei;Lothlorien;Zuldazar,58000,58000,"41,04115884",2,3
CASPIAN,Santos,Dornfall;Nassauia;Namek;Konoha,58000,58000,"40,7856416",2,3
CASPIAN,Santos,Dornfall;Nassauia;Namek;Lothlorien,58000,58000,"40,7856416",2,3
CASPIAN,Santos,Dornfall;Nassauia;Konoha,58000,58000,"39,71391746",2,3
CASPIAN,Santos,Dornfall;Nassauia;Konoha;Ulthar,58000,58000,"41,04115884",2,3
CASPIAN,Santos,Dornfall;Nassauia;Konoha;Lothlorien,58000,58000,"40,35702091",2,3
CASPIAN,Santos,Dornfall;Nassauia;Ulthar;Lothlorien,58000,58000,"41,04115884",2,3
CASPIAN,Santos,Dornfall;Nassauia;Lothlorien,58000,58000,"39,71391746",2,3
CASPIAN,Santos,Dornfall;Ngorim,58000,58000,"38,66908988",2,3
CASPIAN,Santos,Dornfall;Ngorim;Nassauia,58000,58000,"39,66219333",2,3
CASPIAN,Santos,Dornfall;Ngorim;Nassauia;Namek,58000,58000,"40,73391746",2,3
CASPIAN,Santos,Dornfall;Ngorim;Nassauia;Konoha,58000,58000,"40,30529677",2,3
CASPIAN,Santos,Dornfall;Ngorim;Nassauia;Ulthar,58000,58000,"40,98943471",2,3
CASPIAN,Santos,Dornfall;Ngorim;Nassauia;Lothlorien,58000,58000,"40,30529677",2,3
CASPIAN,Santos,Dornfall;Ngorim;Namek;Yjigar,58000,58000,"40,73391746",2,3
CASPIAN,Santos,Dornfall;Ngorim;Namek;Zuldazar,58000,58000,"40,73391746",2,3
CASPIAN,Santos,Dornfall;Ngorim;Konoha;Yjigar,58000,58000,"40,30529677",2,3
CASPIAN,Santos,Dornfall;Ngorim;Konoha;Zuldazar,58000,58000,"40,30529677",2,3
CASPIAN,Santos,Dornfall;Ngorim;Ulthar,58000,58000,"39,98633126",2,3
CASPIAN,Santos,Dornfall;Ngorim;Ulthar;Yjigar,58000,58000,"40,98943471",2,3
CASPIAN,Santos,Dornfall;Ngorim;Ulthar;Zuldazar,58000,58000,"40,98943471",2,3
CASPIAN,Santos,Dornfall;Ngorim;Lothlorien;Yjigar,58000,58000,"40,30529677",2,3
CASPIAN,Santos,Dornfall;Ngorim;Lothlorien;Zuldazar,58000,58000,"40,30529677",2,3
CASPIAN,Santos,Dornfall;Ngorim;Yjigar,58000,58000,"39,66219333",2,3
CASPIAN,Santos,Dornfall;Ngorim;Zuldazar,58000,58000,"39,66219333",2,3
CASPIAN,Santos,Dornfall;Namek,58000,58000,"38,41943471",2,3
CASPIAN,Santos,Dornfall;Namek;Konoha;Yjigar,58000,58000,"40,7856416",2,3
CASPIAN,Santos,Dornfall;Namek;Konoha;Zuldazar,58000,58000,"40,7856416",2,3
CASPIAN,Santos,Dornfall;Namek;Lothlorien;Yjigar,58000,58000,"40,7856416",2,3
CASPIAN,Santos,Dornfall;Namek;Lothlorien;Zuldazar,58000,58000,"40,7856416",2,3
CASPIAN,Santos,Dornfall;Konoha,58000,58000,"38,72081402",2,3
CASPIAN,Santos,Dornfall;Konoha;Ulthar,58000,58000,"40,0380554",2,3
CASPIAN,Santos,Dornfall;Konoha;Ulthar;Yjigar,58000,58000,"41,04115884",2,3
CASPIAN,Santos,Dornfall;Konoha;Ulthar;Zuldazar,58000,58000,"41,04115884",2,3
CASPIAN,Santos,Dornfall;Konoha;Lothlorien;Yjigar,58000,58000,"40,35702091",2,3
CASPIAN,Santos,Dornfall;Konoha;Lothlorien;Zuldazar,58000,58000,"40,35702091",2,3
CASPIAN,Santos,Dornfall;Konoha;Yjigar,58000,58000,"39,71391746",2,3
CASPIAN,Santos,Dornfall;Konoha;Zuldazar,58000,58000,"39,71391746",2,3
CASPIAN,Santos,Dornfall;Ulthar,58000,58000,"38,67495195",2,3
CASPIAN,Santos,Dornfall;Ulthar;Lothlorien,58000,58000,"40,0380554",2,3
CASPIAN,Santos,Dornfall;Ulthar;Lothlorien;Yjigar,58000,58000,"41,04115884",2,3
CASPIAN,Santos,Dornfall;Ulthar;Lothlorien;Zuldazar,58000,58000,"41,04115884",2,3
CASPIAN,Santos,Dornfall;Lothlorien,58000,58000,"38,72081402",2,3
CASPIAN,Santos,Dornfall;Lothlorien;Yjigar,58000,58000,"39,71391746",2,3
CASPIAN,Santos,Dornfall;Lothlorien;Zuldazar,58000,58000,"39,71391746",2,3
CASPIAN,Santos,Deliora;Promethea,58000,58000,"39,0056416",2,3
CASPIAN,Santos,Deliora;Promethea;Nassauia;Konoha,58000,58000,"41,3718485",2,3
CASPIAN,Santos,Deliora;Promethea;Nassauia;Lothlorien,58000,58000,"41,3718485",2,3
CASPIAN,Santos,Deliora;Promethea;Ngorim;Nassauia,58000,58000,"41,32012436",2,3
CASPIAN,Santos,Deliora;Promethea;Ngorim;Yjigar,58000,58000,"41,32012436",2,3
CASPIAN,Santos,Deliora;Promethea;Ngorim;Zuldazar,58000,58000,"41,32012436",2,3
CASPIAN,Santos,Deliora;Promethea;Konoha;Yjigar,58000,58000,"41,3718485",2,3
CASPIAN,Santos,Deliora;Promethea;Konoha;Zuldazar,58000,58000,"41,3718485",2,3
CASPIAN,Santos,Deliora;Promethea;Lothlorien;Yjigar,58000,58000,"41,3718485",2,3
CASPIAN,Santos,Deliora;Promethea;Lothlorien;Zuldazar,58000,58000,"41,3718485",2,3
CASPIAN,Santos,Deliora;Ichoris,58000,58000,"38,66081402",2,3
CASPIAN,Santos,Deliora;Ichoris;Nassauia;Konoha,58000,58000,"41,02702091",2,3
CASPIAN,Santos,Deliora;Ichoris;Nassauia;Lothlorien,58000,58000,"41,02702091",2,3
CASPIAN,Santos,Deliora;Ichoris;Ngorim;Nassauia,58000,58000,"40,97529677",2,3
CASPIAN,Santos,Deliora;Ichoris;Ngorim;Yjigar,58000,58000,"40,97529677",2,3
CASPIAN,Santos,Deliora;Ichoris;Ngorim;Zuldazar,58000,58000,"40,97529677",2,3
CASPIAN,Santos,Deliora;Ichoris;Konoha;Yjigar,58000,58000,"41,02702091",2,3
CASPIAN,Santos,Deliora;Ichoris;Konoha;Zuldazar,58000,58000,"41,02702091",2,3
CASPIAN,Santos,Deliora;Ichoris;Lothlorien;Yjigar,58000,58000,"41,02702091",2,3
CASPIAN,Santos,Deliora;Ichoris;Lothlorien;Zuldazar,58000,58000,"41,02702091",2,3
CASPIAN,Santos,Deliora;Askr;Nassauia;Konoha,58000,58000,"40,98391746",2,3
CASPIAN,Santos,Deliora;Askr;Nassauia;Lothlorien,58000,58000,"40,98391746",2,3
CASPIAN,Santos,Deliora;Askr;Ngorim;Nassauia,58000,58000,"40,93219333",2,3
CASPIAN,Santos,Deliora;Askr;Ngorim;Yjigar,58000,58000,"40,93219333",2,3
CASPIAN,Santos,Deliora;Askr;Ngorim;Zuldazar,58000,58000,"40,93219333",2,3
CASPIAN,Santos,Deliora;Askr;Konoha;Yjigar,58000,58000,"40,98391746",2,3
CASPIAN,Santos,Deliora;Askr;Konoha;Zuldazar,58000,58000,"40,98391746",2,3
CASPIAN,Santos,Deliora;Askr;Lothlorien;Yjigar,58000,58000,"40,98391746",2,3
CASPIAN,Santos,Deliora;Askr;Lothlorien;Zuldazar,58000,58000,"40,98391746",2,3
CASPIAN,Santos,Deliora;Seireitei,58000,58000,"39,2956416",2,3
CASPIAN,Santos,Deliora;Seireitei;Nassauia;Konoha,58000,58000,"41,6618485",2,3
CASPIAN,Santos,Deliora;Seireitei;Nassauia;Lothlorien,58000,58000,"41,6618485",2,3
CASPIAN,Santos,Deliora;Seireitei;Ngorim,58000,58000,"40,60702091",2,3
CASPIAN,Santos,Deliora;Seireitei;Ngorim;Nassauia,58000,58000,"41,61012436",2,3
CASPIAN,Santos,Deliora;Seireitei;Ngorim;Yjigar,58000,58000,"41,61012436",2,3
CASPIAN,Santos,Deliora;Seireitei;Ngorim;Zuldazar,58000,58000,"41,61012436",2,3
CASPIAN,Santos,Deliora;Seireitei;Konoha,58000,58000,"40,65874505",2,3
CASPIAN,Santos,Deliora;Seireitei;Konoha;Yjigar,58000,58000,"41,6618485",2,3
CASPIAN,Santos,Deliora;Seireitei;Konoha;Zuldazar,58000,58000,"41,6618485",2,3
CASPIAN,Santos,Deliora;Seireitei;Lothlorien,58000,58000,"40,65874505",2,3
CASPIAN,Santos,Deliora;Seireitei;Lothlorien;Yjigar,58000,58000,"41,6618485",2,3
CASPIAN,Santos,Deliora;Seireitei;Lothlorien;Zuldazar,58000,58000,"41,6618485",2,3
CASPIAN,Santos,Deliora;Nassauia;Namek;Konoha,58000,58000,"41,40633126",2,3
CASPIAN,Santos,Deliora;Nassauia;Namek;Lothlorien,58000,58000,"41,40633126",2,3
CASPIAN,Santos,Deliora;Nassauia;Konoha,58000,58000,"40,33460712",2,3
CASPIAN,Santos,Deliora;Nassauia;Konoha;Ulthar,58000,58000,"41,6618485",2,3
CASPIAN,Santos,Deliora;Nassauia;Konoha;Lothlorien,58000,58000,"40,97771057",2,3
CASPIAN,Santos,Deliora;Nassauia;Ulthar;Lothlorien,58000,58000,"41,6618485",2,3
CASPIAN,Santos,Deliora;Nassauia;Lothlorien,58000,58000,"40,33460712",2,3
CASPIAN,Santos,Deliora;Ngorim,58000,58000,"39,28977953",2,3
CASPIAN,Santos,Deliora;Ngorim;Nassauia,58000,58000,"40,28288298",2,3
CASPIAN,Santos,Deliora;Ngorim;Nassauia;Namek,58000,58000,"41,35460712",2,3
CASPIAN,Santos,Deliora;Ngorim;Nassauia;Konoha,58000,58000,"40,92598643",2,3
CASPIAN,Santos,Deliora;Ngorim;Nassauia;Ulthar,58000,58000,"41,61012436",2,3
CASPIAN,Santos,Deliora;Ngorim;Nassauia;Lothlorien,58000,58000,"40,92598643",2,3
CASPIAN,Santos,Deliora;Ngorim;Namek;Yjigar,58000,58000,"41,35460712",2,3
CASPIAN,Santos,Deliora;Ngorim;Namek;Zuldazar,58000,58000,"41,35460712",2,3
CASPIAN,Santos,Deliora;Ngorim;Konoha;Yjigar,58000,58000,"40,92598643",2,3
CASPIAN,Santos,Deliora;Ngorim;Konoha;Zuldazar,58000,58000,"40,92598643",2,3
CASPIAN,Santos,Deliora;Ngorim;Ulthar,58000,58000,"40,60702091",2,3
CASPIAN,Santos,Deliora;Ngorim;Ulthar;Yjigar,58000,58000,"41,61012436",2,3
CASPIAN,Santos,Deliora;Ngorim;Ulthar;Zuldazar,58000,58000,"41,61012436",2,3
CASPIAN,Santos,Deliora;Ngorim;Lothlorien;Yjigar,58000,58000,"40,92598643",2,3
CASPIAN,Santos,Deliora;Ngorim;Lothlorien;Zuldazar,58000,58000,"40,92598643",2,3
CASPIAN,Santos,Deliora;Ngorim;Yjigar,58000,58000,"40,28288298",2,3
CASPIAN,Santos,Deliora;Ngorim;Zuldazar,58000,58000,"40,28288298",2,3
CASPIAN,Santos,Deliora;Namek,58000,58000,"39,04012436",2,3
CASPIAN,Santos,Deliora;Namek;Konoha;Yjigar,58000,58000,"41,40633126",2,3
CASPIAN,Santos,Deliora;Namek;Konoha;Zuldazar,58000,58000,"41,40633126",2,3
CASPIAN,Santos,Deliora;Namek;Lothlorien;Yjigar,58000,58000,"41,40633126",2,3
CASPIAN,Santos,Deliora;Namek;Lothlorien;Zuldazar,58000,58000,"41,40633126",2,3
CASPIAN,Santos,Deliora;Konoha,58000,58000,"39,34150367",2,3
CASPIAN,Santos,Deliora;Konoha;Ulthar,58000,58000,"40,65874505",2,3
CASPIAN,Santos,Deliora;Konoha;Ulthar;Yjigar,58000,58000,"41,6618485",2,3
CASPIAN,Santos,Deliora;Konoha;Ulthar;Zuldazar,58000,58000,"41,6618485",2,3
CASPIAN,Santos,Deliora;Konoha;Lothlorien;Yjigar,58000,58000,"40,97771057",2,3
CASPIAN,Santos,Deliora;Konoha;Lothlorien;Zuldazar,58000,58000,"40,97771057",2,3
CASPIAN,Santos,Deliora;Konoha;Yjigar,58000,58000,"40,33460712",2,3
CASPIAN,Santos,Deliora;Konoha;Zuldazar,58000,58000,"40,33460712",2,3
CASPIAN,Santos,Deliora;Ulthar,58000,58000,"39,2956416",2,3
CASPIAN,Santos,Deliora;Ulthar;Lothlorien,58000,58000,"40,65874505",2,3
CASPIAN,Santos,Deliora;Ulthar;Lothlorien;Yjigar,58000,58000,"41,6618485",2,3
CASPIAN,Santos,Deliora;Ulthar;Lothlorien;Zuldazar,58000,58000,"41,6618485",2,3
CASPIAN,Santos,Deliora;Lothlorien,58000,58000,"39,34150367",2,3
CASPIAN,Santos,Deliora;Lothlorien;Yjigar,58000,58000,"40,33460712",2,3
CASPIAN,Santos,Deliora;Lothlorien;Zuldazar,58000,58000,"40,33460712",2,3
CASPIAN,Santos,Promethea;Lyngard,58000,58000,"38,38495195",2,3
CASPIAN,Santos,Promethea;Lyngard;Nassauia;Konoha,58000,58000,"40,75115884",2,3
CASPIAN,Santos,Promethea;Lyngard;Nassauia;Lothlorien,58000,58000,"40,75115884",2,3
CASPIAN,Santos,Promethea;Lyngard;Ngorim;Nassauia,58000,58000,"40,69943471",2,3
CASPIAN,Santos,Promethea;Lyngard;Ngorim;Yjigar,58000,58000,"40,69943471",2,3
CASPIAN,Santos,Promethea;Lyngard;Ngorim;Zuldazar,58000,58000,"40,69943471",2,3
CASPIAN,Santos,Promethea;Lyngard;Konoha;Yjigar,58000,58000,"40,75115884",2,3
CASPIAN,Santos,Promethea;Lyngard;Konoha;Zuldazar,58000,58000,"40,75115884",2,3
CASPIAN,Santos,Promethea;Lyngard;Lothlorien;Yjigar,58000,58000,"40,75115884",2,3
CASPIAN,Santos,Promethea;Lyngard;Lothlorien;Zuldazar,58000,58000,"40,75115884",2,3
CASPIAN,Santos,Promethea;Nassauia;Tahlenwald;Konoha,58000,58000,"41,3718485",2,3
CASPIAN,Santos,Promethea;Nassauia;Tahlenwald;Lothlorien,58000,58000,"41,3718485",2,3
CASPIAN,Santos,Promethea;Nassauia;Dirtmouth;Konoha,58000,58000,"41,44081402",2,3
CASPIAN,Santos,Promethea;Nassauia;Dirtmouth;Lothlorien,58000,58000,"41,44081402",2,3
CASPIAN,Santos,Promethea;Nassauia;Konoha;Marineford,58000,58000,"41,3718485",2,3
CASPIAN,Santos,Promethea;Nassauia;Marineford;Lothlorien,58000,58000,"41,3718485",2,3
CASPIAN,Santos,Promethea;Ngorim;Nassauia;Tahlenwald,58000,58000,"41,32012436",2,3
CASPIAN,Santos,Promethea;Ngorim;Nassauia;Dirtmouth,58000,58000,"41,38908988",2,3
CASPIAN,Santos,Promethea;Ngorim;Nassauia;Marineford,58000,58000,"41,32012436",2,3
CASPIAN,Santos,Promethea;Ngorim;Tahlenwald;Yjigar,58000,58000,"41,32012436",2,3
CASPIAN,Santos,Promethea;Ngorim;Tahlenwald;Zuldazar,58000,58000,"41,32012436",2,3
CASPIAN,Santos,Promethea;Ngorim;Dirtmouth;Yjigar,58000,58000,"41,38908988",2,3
CASPIAN,Santos,Promethea;Ngorim;Dirtmouth;Zuldazar,58000,58000,"41,38908988",2,3
CASPIAN,Santos,Promethea;Ngorim;Marineford;Yjigar,58000,58000,"41,32012436",2,3
CASPIAN,Santos,Promethea;Ngorim;Marineford;Zuldazar,58000,58000,"41,32012436",2,3
CASPIAN,Santos,Promethea;Tahlenwald,58000,58000,"39,0056416",2,3
CASPIAN,Santos,Promethea;Tahlenwald;Konoha;Yjigar,58000,58000,"41,3718485",2,3
CASPIAN,Santos,Promethea;Tahlenwald;Konoha;Zuldazar,58000,58000,"41,3718485",2,3
CASPIAN,Santos,Promethea;Tahlenwald;Lothlorien;Yjigar,58000,58000,"41,3718485",2,3
CASPIAN,Santos,Promethea;Tahlenwald;Lothlorien;Zuldazar,58000,58000,"41,3718485",2,3
CASPIAN,Santos,Promethea;Dirtmouth,58000,58000,"39,07460712",2,3
CASPIAN,Santos,Promethea;Dirtmouth;Konoha;Yjigar,58000,58000,"41,44081402",2,3
CASPIAN,Santos,Promethea;Dirtmouth;Konoha;Zuldazar,58000,58000,"41,44081402",2,3
CASPIAN,Santos,Promethea;Dirtmouth;Lothlorien;Yjigar,58000,58000,"41,44081402",2,3
CASPIAN,Santos,Promethea;Dirtmouth;Lothlorien;Zuldazar,58000,58000,"41,44081402",2,3
CASPIAN,Santos,Promethea;Konoha;Marineford;Yjigar,58000,58000,"41,3718485",2,3
CASPIAN,Santos,Promethea;Konoha;Marineford;Zuldazar,58000,58000,"41,3718485",2,3
CASPIAN,Santos,Promethea;Marineford,58000,58000,"39,0056416",2,3
CASPIAN,Santos,Promethea;Marineford;Lothlorien;Yjigar,58000,58000,"41,3718485",2,3
CASPIAN,Santos,Promethea;Marineford;Lothlorien;Zuldazar,58000,58000,"41,3718485",2,3
CASPIAN,Santos,Ichoris;Lyngard,58000,58000,"38,04012436",2,3
CASPIAN,Santos,Ichoris;Lyngard;Nassauia;Konoha,58000,58000,"40,40633126",2,3
CASPIAN,Santos,Ichoris;Lyngard;Nassauia;Lothlorien,58000,58000,"40,40633126",2,3
CASPIAN,Santos,Ichoris;Lyngard;Ngorim;Nassauia,58000,58000,"40,35460712",2,3
CASPIAN,Santos,Ichoris;Lyngard;Ngorim;Yjigar,58000,58000,"40,35460712",2,3
CASPIAN,Santos,Ichoris;Lyngard;Ngorim;Zuldazar,58000,58000,"40,35460712",2,3
CASPIAN,Santos,Ichoris;Lyngard;Konoha;Yjigar,58000,58000,"40,40633126",2,3
CASPIAN,Santos,Ichoris;Lyngard;Konoha;Zuldazar,58000,58000,"40,40633126",2,3
CASPIAN,Santos,Ichoris;Lyngard;Lothlorien;Yjigar,58000,58000,"40,40633126",2,3
CASPIAN,Santos,Ichoris;Lyngard;Lothlorien;Zuldazar,58000,58000,"40,40633126",2,3
CASPIAN,Santos,Ichoris;Nassauia;Tahlenwald;Konoha,58000,58000,"41,02702091",2,3
CASPIAN,Santos,Ichoris;Nassauia;Tahlenwald;Lothlorien,58000,58000,"41,02702091",2,3
CASPIAN,Santos,Ichoris;Nassauia;Dirtmouth;Konoha,58000,58000,"41,09598643",2,3
CASPIAN,Santos,Ichoris;Nassauia;Dirtmouth;Lothlorien,58000,58000,"41,09598643",2,3
CASPIAN,Santos,Ichoris;Nassauia;Konoha;Marineford,58000,58000,"41,02702091",2,3
CASPIAN,Santos,Ichoris;Nassauia;Marineford;Lothlorien,58000,58000,"41,02702091",2,3
CASPIAN,Santos,Ichoris;Ngorim;Nassauia;Tahlenwald,58000,58000,"40,97529677",2,3
CASPIAN,Santos,Ichoris;Ngorim;Nassauia;Dirtmouth,58000,58000,"41,04426229",2,3
CASPIAN,Santos,Ichoris;Ngorim;Nassauia;Marineford,58000,58000,"40,97529677",2,3
CASPIAN,Santos,Ichoris;Ngorim;Tahlenwald;Yjigar,58000,58000,"40,97529677",2,3
CASPIAN,Santos,Ichoris;Ngorim;Tahlenwald;Zuldazar,58000,58000,"40,97529677",2,3
CASPIAN,Santos,Ichoris;Ngorim;Dirtmouth;Yjigar,58000,58000,"41,04426229",2,3
CASPIAN,Santos,Ichoris;Ngorim;Dirtmouth;Zuldazar,58000,58000,"41,04426229",2,3
CASPIAN,Santos,Ichoris;Ngorim;Marineford;Yjigar,58000,58000,"40,97529677",2,3
CASPIAN,Santos,Ichoris;Ngorim;Marineford;Zuldazar,58000,58000,"40,97529677",2,3
CASPIAN,Santos,Ichoris;Tahlenwald,58000,58000,"38,66081402",2,3
CASPIAN,Santos,Ichoris;Tahlenwald;Konoha;Yjigar,58000,58000,"41,02702091",2,3
CASPIAN,Santos,Ichoris;Tahlenwald;Konoha;Zuldazar,58000,58000,"41,02702091",2,3
CASPIAN,Santos,Ichoris;Tahlenwald;Lothlorien;Yjigar,58000,58000,"41,02702091",2,3
CASPIAN,Santos,Ichoris;Tahlenwald;Lothlorien;Zuldazar,58000,58000,"41,02702091",2,3
CASPIAN,Santos,Ichoris;Dirtmouth,58000,58000,"38,72977953",2,3
CASPIAN,Santos,Ichoris;Dirtmouth;Konoha;Yjigar,58000,58000,"41,09598643",2,3
CASPIAN,Santos,Ichoris;Dirtmouth;Konoha;Zuldazar,58000,58000,"41,09598643",2,3
CASPIAN,Santos,Ichoris;Dirtmouth;Lothlorien;Yjigar,58000,58000,"41,09598643",2,3
CASPIAN,Santos,Ichoris;Dirtmouth;Lothlorien;Zuldazar,58000,58000,"41,09598643",2,3
CASPIAN,Santos,Ichoris;Konoha;Marineford;Yjigar,58000,58000,"41,02702091",2,3
CASPIAN,Santos,Ichoris;Konoha;Marineford;Zuldazar,58000,58000,"41,02702091",2,3
CASPIAN,Santos,Ichoris;Marineford,58000,58000,"38,66081402",2,3
CASPIAN,Santos,Ichoris;Marineford;Lothlorien;Yjigar,58000,58000,"41,02702091",2,3
CASPIAN,Santos,Ichoris;Marineford;Lothlorien;Zuldazar,58000,58000,"41,02702091",2,3
CASPIAN,Santos,Askr;Lyngard;Nassauia;Konoha,58000,58000,"40,36322781",2,3
CASPIAN,Santos,Askr;Lyngard;Nassauia;Lothlorien,58000,58000,"40,36322781",2,3
CASPIAN,Santos,Askr;Lyngard;Ngorim;Nassauia,58000,58000,"40,31150367",2,3
CASPIAN,Santos,Askr;Lyngard;Ngorim;Yjigar,58000,58000,"40,31150367",2,3
CASPIAN,Santos,Askr;Lyngard;Ngorim;Zuldazar,58000,58000,"40,31150367",2,3
CASPIAN,Santos,Askr;Lyngard;Konoha;Yjigar,58000,58000,"40,36322781",2,3
CASPIAN,Santos,Askr;Lyngard;Konoha;Zuldazar,58000,58000,"40,36322781",2,3
CASPIAN,Santos,Askr;Lyngard;Lothlorien;Yjigar,58000,58000,"40,36322781",2,3
CASPIAN,Santos,Askr;Lyngard;Lothlorien;Zuldazar,58000,58000,"40,36322781",2,3
CASPIAN,Santos,Askr;Nassauia,58000,58000,"37,34771057",2,3
CASPIAN,Santos,Askr;Nassauia;Tahlenwald;Konoha,58000,58000,"40,98391746",2,3
CASPIAN,Santos,Askr;Nassauia;Tahlenwald;Lothlorien,58000,58000,"40,98391746",2,3
CASPIAN,Santos,Askr;Nassauia;Dirtmouth;Konoha,58000,58000,"41,05288298",2,3
CASPIAN,Santos,Askr;Nassauia;Dirtmouth;Lothlorien,58000,58000,"41,05288298",2,3
CASPIAN,Santos,Askr;Nassauia;Konoha,58000,58000,"39,36081402",2,3
CASPIAN,Santos,Askr;Nassauia;Konoha;Marineford,58000,58000,"40,98391746",2,3
CASPIAN,Santos,Askr;Nassauia;Marineford;Lothlorien,58000,58000,"40,98391746",2,3
CASPIAN,Santos,Askr;Nassauia;Lothlorien,58000,58000,"39,36081402",2,3
CASPIAN,Santos,Askr;Ngorim,58000,58000,"38,47598643",2,3
CASPIAN,Santos,Askr;Ngorim;Nassauia,58000,58000,"39,30908988",2,3
CASPIAN,Santos,Askr;Ngorim;Nassauia;Tahlenwald,58000,58000,"40,93219333",2,3
CASPIAN,Santos,Askr;Ngorim;Nassauia;Dirtmouth,58000,58000,"41,00115884",2,3
CASPIAN,Santos,Askr;Ngorim;Nassauia;Marineford,58000,58000,"40,93219333",2,3
CASPIAN,Santos,Askr;Ngorim;Tahlenwald;Yjigar,58000,58000,"40,93219333",2,3
CASPIAN,Santos,Askr;Ngorim;Tahlenwald;Zuldazar,58000,58000,"40,93219333",2,3
CASPIAN,Santos,Askr;Ngorim;Dirtmouth;Yjigar,58000,58000,"41,00115884",2,3
CASPIAN,Santos,Askr;Ngorim;Dirtmouth;Zuldazar,58000,58000,"41,00115884",2,3
CASPIAN,Santos,Askr;Ngorim;Marineford;Yjigar,58000,58000,"40,93219333",2,3
CASPIAN,Santos,Askr;Ngorim;Marineford;Zuldazar,58000,58000,"40,93219333",2,3
CASPIAN,Santos,Askr;Ngorim;Yjigar,58000,58000,"39,30908988",2,3
CASPIAN,Santos,Askr;Ngorim;Zuldazar,58000,58000,"39,30908988",2,3
CASPIAN,Santos,Askr;Tahlenwald;Konoha;Yjigar,58000,58000,"40,98391746",2,3
CASPIAN,Santos,Askr;Tahlenwald;Konoha;Zuldazar,58000,58000,"40,98391746",2,3
CASPIAN,Santos,Askr;Tahlenwald;Lothlorien;Yjigar,58000,58000,"40,98391746",2,3
CASPIAN,Santos,Askr;Tahlenwald;Lothlorien;Zuldazar,58000,58000,"40,98391746",2,3
CASPIAN,Santos,Askr;Dirtmouth;Konoha;Yjigar,58000,58000,"41,05288298",2,3
CASPIAN,Santos,Askr;Dirtmouth;Konoha;Zuldazar,58000,58000,"41,05288298",2,3
CASPIAN,Santos,Askr;Dirtmouth;Lothlorien;Yjigar,58000,58000,"41,05288298",2,3
CASPIAN,Santos,Askr;Dirtmouth;Lothlorien;Zuldazar,58000,58000,"41,05288298",2,3
CASPIAN,Santos,Askr;Konoha,58000,58000,"38,52771057",2,3
CASPIAN,Santos,Askr;Konoha;Marineford;Yjigar,58000,58000,"40,98391746",2,3
CASPIAN,Santos,Askr;Konoha;Marineford;Zuldazar,58000,58000,"40,98391746",2,3
CASPIAN,Santos,Askr;Konoha;Yjigar,58000,58000,"39,36081402",2,3
CASPIAN,Santos,Askr;Konoha;Zuldazar,58000,58000,"39,36081402",2,3
CASPIAN,Santos,Askr;Marineford;Lothlorien;Yjigar,58000,58000,"40,98391746",2,3
CASPIAN,Santos,Askr;Marineford;Lothlorien;Zuldazar,58000,58000,"40,98391746",2,3
CASPIAN,Santos,Askr;Lothlorien,58000,58000,"38,52771057",2,3
CASPIAN,Santos,Askr;Lothlorien;Yjigar,58000,58000,"39,36081402",2,3
CASPIAN,Santos,Askr;Lothlorien;Zuldazar,58000,58000,"39,36081402",2,3
CASPIAN,Santos,Askr;Yjigar,58000,58000,"37,34771057",2,3
CASPIAN,Santos,Askr;Zuldazar,58000,58000,"37,34771057",2,3
CASPIAN,Santos,Lyngard;Seireitei,58000,58000,"38,67495195",2,3
CASPIAN,Santos,Lyngard;Seireitei;Nassauia;Konoha,58000,58000,"41,04115884",2,3
CASPIAN,Santos,Lyngard;Seireitei;Nassauia;Lothlorien,58000,58000,"41,04115884",2,3
CASPIAN,Santos,Lyngard;Seireitei;Ngorim,58000,58000,"39,98633126",2,3
CASPIAN,Santos,Lyngard;Seireitei;Ngorim;Nassauia,58000,58000,"40,98943471",2,3
CASPIAN,Santos,Lyngard;Seireitei;Ngorim;Yjigar,58000,58000,"40,98943471",2,3
CASPIAN,Santos,Lyngard;Seireitei;Ngorim;Zuldazar,58000,58000,"40,98943471",2,3
CASPIAN,Santos,Lyngard;Seireitei;Konoha,58000,58000,"40,0380554",2,3
CASPIAN,Santos,Lyngard;Seireitei;Konoha;Yjigar,58000,58000,"41,04115884",2,3
CASPIAN,Santos,Lyngard;Seireitei;Konoha;Zuldazar,58000,58000,"41,04115884",2,3
CASPIAN,Santos,Lyngard;Seireitei;Lothlorien,58000,58000,"40,0380554",2,3
CASPIAN,Santos,Lyngard;Seireitei;Lothlorien;Yjigar,58000,58000,"41,04115884",2,3
CASPIAN,Santos,Lyngard;Seireitei;Lothlorien;Zuldazar,58000,58000,"41,04115884",2,3
CASPIAN,Santos,Lyngard;Nassauia;Namek;Konoha,58000,58000,"40,7856416",2,3
CASPIAN,Santos,Lyngard;Nassauia;Namek;Lothlorien,58000,58000,"40,7856416",2,3
CASPIAN,Santos,Lyngard;Nassauia;Konoha,58000,58000,"39,71391746",2,3
CASPIAN,Santos,Lyngard;Nassauia;Konoha;Ulthar,58000,58000,"41,04115884",2,3
CASPIAN,Santos,Lyngard;Nassauia;Konoha;Lothlorien,58000,58000,"40,35702091",2,3
CASPIAN,Santos,Lyngard;Nassauia;Ulthar;Lothlorien,58000,58000,"41,04115884",2,3
CASPIAN,Santos,Lyngard;Nassauia;Lothlorien,58000,58000,"39,71391746",2,3
CASPIAN,Santos,Lyngard;Ngorim,58000,58000,"38,66908988",2,3
CASPIAN,Santos,Lyngard;Ngorim;Nassauia,58000,58000,"39,66219333",2,3
CASPIAN,Santos,Lyngard;Ngorim;Nassauia;Namek,58000,58000,"40,73391746",2,3
CASPIAN,Santos,Lyngard;Ngorim;Nassauia;Konoha,58000,58000,"40,30529677",2,3
CASPIAN,Santos,Lyngard;Ngorim;Nassauia;Ulthar,58000,58000,"40,98943471",2,3
CASPIAN,Santos,Lyngard;Ngorim;Nassauia;Lothlorien,58000,58000,"40,30529677",2,3
CASPIAN,Santos,Lyngard;Ngorim;Namek;Yjigar,58000,58000,"40,73391746",2,3
CASPIAN,Santos,Lyngard;Ngorim;Namek;Zuldazar,58000,58000,"40,73391746",2,3
CASPIAN,Santos,Lyngard;Ngorim;Konoha;Yjigar,58000,58000,"40,30529677",2,3
CASPIAN,Santos,Lyngard;Ngorim;Konoha;Zuldazar,58000,58000,"40,30529677",2,3
CASPIAN,Santos,Lyngard;Ngorim;Ulthar,58000,58000,"39,98633126",2,3
CASPIAN,Santos,Lyngard;Ngorim;Ulthar;Yjigar,58000,58000,"40,98943471",2,3
CASPIAN,Santos,Lyngard;Ngorim;Ulthar;Zuldazar,58000,58000,"40,98943471",2,3
CASPIAN,Santos,Lyngard;Ngorim;Lothlorien;Yjigar,58000,58000,"40,30529677",2,3
CASPIAN,Santos,Lyngard;Ngorim;Lothlorien;Zuldazar,58000,58000,"40,30529677",2,3
CASPIAN,Santos,Lyngard;Ngorim;Yjigar,58000,58000,"39,66219333",2,3
CASPIAN,Santos,Lyngard;Ngorim;Zuldazar,58000,58000,"39,66219333",2,3
CASPIAN,Santos,Lyngard;Namek,58000,58000,"38,41943471",2,3
CASPIAN,Santos,Lyngard;Namek;Konoha;Yjigar,58000,58000,"40,7856416",2,3
CASPIAN,Santos,Lyngard;Namek;Konoha;Zuldazar,58000,58000,"40,7856416",2,3
CASPIAN,Santos,Lyngard;Namek;Lothlorien;Yjigar,58000,58000,"40,7856416",2,3
CASPIAN,Santos,Lyngard;Namek;Lothlorien;Zuldazar,58000,58000,"40,7856416",2,3
CASPIAN,Santos,Lyngard;Konoha,58000,58000,"38,72081402",2,3
CASPIAN,Santos,Lyngard;Konoha;Ulthar,58000,58000,"40,0380554",2,3
CASPIAN,Santos,Lyngard;Konoha;Ulthar;Yjigar,58000,58000,"41,04115884",2,3
CASPIAN,Santos,Lyngard;Konoha;Ulthar;Zuldazar,58000,58000,"41,04115884",2,3
CASPIAN,Santos,Lyngard;Konoha;Lothlorien;Yjigar,58000,58000,"40,35702091",2,3
CASPIAN,Santos,Lyngard;Konoha;Lothlorien;Zuldazar,58000,58000,"40,35702091",2,3
CASPIAN,Santos,Lyngard;Konoha;Yjigar,58000,58000,"39,71391746",2,3
CASPIAN,Santos,Lyngard;Konoha;Zuldazar,58000,58000,"39,71391746",2,3
CASPIAN,Santos,Lyngard;Ulthar,58000,58000,"38,67495195",2,3
CASPIAN,Santos,Lyngard;Ulthar;Lothlorien,58000,58000,"40,0380554",2,3
CASPIAN,Santos,Lyngard;Ulthar;Lothlorien;Yjigar,58000,58000,"41,04115884",2,3
CASPIAN,Santos,Lyngard;Ulthar;Lothlorien;Zuldazar,58000,58000,"41,04115884",2,3
CASPIAN,Santos,Lyngard;Lothlorien,58000,58000,"38,72081402",2,3
CASPIAN,Santos,Lyngard;Lothlorien;Yjigar,58000,58000,"39,71391746",2,3
CASPIAN,Santos,Lyngard;Lothlorien;Zuldazar,58000,58000,"39,71391746",2,3
CASPIAN,Santos,Seireitei;Nassauia;Tahlenwald;Konoha,58000,58000,"69,03963466",2,3
CASPIAN,Santos,Seireitei;Nassauia;Tahlenwald;Lothlorien,58000,58000,"69,03963466",2,3
CASPIAN,Santos,Seireitei;Nassauia;Dirtmouth;Konoha,58000,58000,"69,15392037",2,3
CASPIAN,Santos,Seireitei;Nassauia;Dirtmouth;Lothlorien,58000,58000,"69,15392037",2,3
CASPIAN,Santos,Seireitei;Nassauia;Konoha;Marineford,58000,58000,"69,03963466",2,3
CASPIAN,Santos,Seireitei;Nassauia;Marineford;Lothlorien,58000,58000,"69,03963466",2,3
CASPIAN,Santos,Seireitei;Ngorim,58000,58000,"64,88363466",2,3
CASPIAN,Santos,Seireitei;Ngorim;Nassauia;Tahlenwald,58000,58000,"68,95392037",2,3
CASPIAN,Santos,Seireitei;Ngorim;Nassauia;Dirtmouth,58000,58000,"69,06820608",2,3
CASPIAN,Santos,Seireitei;Ngorim;Nassauia;Marineford,58000,58000,"68,95392037",2,3
CASPIAN,Santos,Seireitei;Ngorim;Tahlenwald,58000,58000,"67,29163466",2,3
CASPIAN,Santos,Seireitei;Ngorim;Tahlenwald;Yjigar,58000,58000,"68,95392037",2,3
CASPIAN,Santos,Seireitei;Ngorim;Tahlenwald;Zuldazar,58000,58000,"68,95392037",2,3
CASPIAN,Santos,Seireitei;Ngorim;Dirtmouth,58000,58000,"67,40592037",2,3
CASPIAN,Santos,Seireitei;Ngorim;Dirtmouth;Yjigar,58000,58000,"69,06820608",2,3
CASPIAN,Santos,Seireitei;Ngorim;Dirtmouth;Zuldazar,58000,58000,"69,06820608",2,3
CASPIAN,Santos,Seireitei;Ngorim;Marineford,58000,58000,"67,29163466",2,3
CASPIAN,Santos,Seireitei;Ngorim;Marineford;Yjigar,58000,58000,"68,95392037",2,3
CASPIAN,Santos,Seireitei;Ngorim;Marineford;Zuldazar,58000,58000,"68,95392037",2,3
CASPIAN,Santos,Seireitei;Tahlenwald,58000,58000,"65,1184918",2,3
CASPIAN,Santos,Seireitei;Tahlenwald;Konoha,58000,58000,"67,37734894",2,3
CASPIAN,Santos,Seireitei;Tahlenwald;Konoha;Yjigar,58000,58000,"69,03963466",2,3
CASPIAN,Santos,Seireitei;Tahlenwald;Konoha;Zuldazar,58000,58000,"69,03963466",2,3
CASPIAN,Santos,Seireitei;Tahlenwald;Lothlorien,58000,58000,"67,37734894",2,3
CASPIAN,Santos,Seireitei;Tahlenwald;Lothlorien;Yjigar,58000,58000,"69,03963466",2,3
CASPIAN,Santos,Seireitei;Tahlenwald;Lothlorien;Zuldazar,58000,58000,"69,03963466",2,3
CASPIAN,Santos,Seireitei;Dirtmouth,58000,58000,"65,23277751",2,3
CASPIAN,Santos,Seireitei;Dirtmouth;Konoha,58000,58000,"67,49163466",2,3
CASPIAN,Santos,Seireitei;Dirtmouth;Konoha;Yjigar,58000,58000,"69,15392037",2,3
CASPIAN,Santos,Seireitei;Dirtmouth;Konoha;Zuldazar,58000,58000,"69,15392037",2,3
CASPIAN,Santos,Seireitei;Dirtmouth;Lothlorien,58000,58000,"67,49163466",2,3
CASPIAN,Santos,Seireitei;Dirtmouth;Lothlorien;Yjigar,58000,58000,"69,15392037",2,3
CASPIAN,Santos,Seireitei;Dirtmouth;Lothlorien;Zuldazar,58000,58000,"69,15392037",2,3
CASPIAN,Santos,Seireitei;Konoha,58000,58000,"64,96934894",2,3
CASPIAN,Santos,Seireitei;Konoha;Marineford,58000,58000,"67,37734894",2,3
CASPIAN,Santos,Seireitei;Konoha;Marineford;Yjigar,58000,58000,"69,03963466",2,3
CASPIAN,Santos,Seireitei;Konoha;Marineford;Zuldazar,58000,58000,"69,03963466",2,3
CASPIAN,Santos,Seireitei;Marineford,58000,58000,"65,1184918",2,3
CASPIAN,Santos,Seireitei;Marineford;Lothlorien,58000,58000,"67,37734894",2,3
CASPIAN,Santos,Seireitei;Marineford;Lothlorien;Yjigar,58000,58000,"69,03963466",2,3
CASPIAN,Santos,Seireitei;Marineford;Lothlorien;Zuldazar,58000,58000,"69,03963466",2,3
CASPIAN,Santos,Seireitei;Lothlorien,58000,58000,"64,96934894",2,3
CASPIAN,Santos,Nassauia;Rlyeh,58000,58000,"38,83012436",2,3
CASPIAN,Santos,Nassauia;Rlyeh,72000,72000,"37,19645142",2,3
CASPIAN,Santos,Nassauia;Namek;Tahlenwald;Konoha,58000,58000,"41,40633126",2,3
CASPIAN,Santos,Nassauia;Namek;Tahlenwald;Lothlorien,58000,58000,"41,40633126",2,3
CASPIAN,Santos,Nassauia;Namek;Dirtmouth;Konoha,58000,58000,"41,47529677",2,3
CASPIAN,Santos,Nassauia;Namek;Dirtmouth;Lothlorien,58000,58000,"41,47529677",2,3
CASPIAN,Santos,Nassauia;Namek;Konoha;Marineford,58000,58000,"41,40633126",2,3
CASPIAN,Santos,Nassauia;Namek;Marineford;Lothlorien,58000,58000,"41,40633126",2,3
CASPIAN,Santos,Nassauia;Tahlenwald;Konoha,58000,58000,"40,33460712",2,3
CASPIAN,Santos,Nassauia;Tahlenwald;Konoha;Ulthar,58000,58000,"41,6618485",2,3
CASPIAN,Santos,Nassauia;Tahlenwald;Konoha;Lothlorien,58000,58000,"40,97771057",2,3
CASPIAN,Santos,Nassauia;Tahlenwald;Ulthar;Lothlorien,58000,58000,"41,6618485",2,3
CASPIAN,Santos,Nassauia;Tahlenwald;Lothlorien,58000,58000,"40,33460712",2,3
CASPIAN,Santos,Nassauia;Dirtmouth;Konoha,58000,58000,"40,40357264",2,3
CASPIAN,Santos,Nassauia;Dirtmouth;Konoha;Ulthar,58000,58000,"41,73081402",2,3
CASPIAN,Santos,Nassauia;Dirtmouth;Konoha;Lothlorien,58000,58000,"41,04667609",2,3
CASPIAN,Santos,Nassauia;Dirtmouth;Ulthar;Lothlorien,58000,58000,"41,73081402",2,3
CASPIAN,Santos,Nassauia;Dirtmouth;Lothlorien,58000,58000,"40,40357264",2,3
CASPIAN,Santos,Nassauia;Konoha,58000,58000,"38,72150367",2,3
CASPIAN,Santos,Nassauia;Konoha;Marineford,58000,58000,"40,33460712",2,3
CASPIAN,Santos,Nassauia;Konoha;Marineford;Ulthar,58000,58000,"41,6618485",2,3
CASPIAN,Santos,Nassauia;Konoha;Marineford;Lothlorien,58000,58000,"40,97771057",2,3
CASPIAN,Santos,Nassauia;Konoha;Lothlorien,58000,58000,"39,57460712",2,3
CASPIAN,Santos,Nassauia;Marineford;Ulthar;Lothlorien,58000,58000,"41,6618485",2,3
CASPIAN,Santos,Nassauia;Marineford;Lothlorien,58000,58000,"40,33460712",2,3
CASPIAN,Santos,Nassauia;Lothlorien,58000,58000,"38,72150367",2,3
CASPIAN,Santos,Nassauia;Yjigar,58000,58000,"37,11150367",2,3
CASPIAN,Santos,Nassauia;Zuldazar,58000,58000,"37,11150367",2,3
CASPIAN,Santos,Ngorim;Nassauia,58000,58000,"38,66977953",2,3
CASPIAN,Santos,Ngorim;Nassauia;Namek;Tahlenwald,58000,58000,"41,35460712",2,3
CASPIAN,Santos,Ngorim;Nassauia;Namek;Dirtmouth,58000,58000,"41,42357264",2,3
CASPIAN,Santos,Ngorim;Nassauia;Namek;Marineford,58000,58000,"41,35460712",2,3
CASPIAN,Santos,Ngorim;Nassauia;Tahlenwald,58000,58000,"40,28288298",2,3
CASPIAN,Santos,Ngorim;Nassauia;Tahlenwald;Konoha,58000,58000,"40,92598643",2,3
CASPIAN,Santos,Ngorim;Nassauia;Tahlenwald;Ulthar,58000,58000,"41,61012436",2,3
CASPIAN,Santos,Ngorim;Nassauia;Tahlenwald;Lothlorien,58000,58000,"40,92598643",2,3
CASPIAN,Santos,Ngorim;Nassauia;Dirtmouth,58000,58000,"40,3518485",2,3
CASPIAN,Santos,Ngorim;Nassauia;Dirtmouth;Konoha,58000,58000,"40,99495195",2,3
CASPIAN,Santos,Ngorim;Nassauia;Dirtmouth;Ulthar,58000,58000,"41,67908988",2,3
CASPIAN,Santos,Ngorim;Nassauia;Dirtmouth;Lothlorien,58000,58000,"40,99495195",2,3
CASPIAN,Santos,Ngorim;Nassauia;Konoha,58000,58000,"39,52288298",2,3
CASPIAN,Santos,Ngorim;Nassauia;Konoha;Marineford,58000,58000,"40,92598643",2,3
CASPIAN,Santos,Ngorim;Nassauia;Marineford,58000,58000,"40,28288298",2,3
CASPIAN,Santos,Ngorim;Nassauia;Marineford;Ulthar,58000,58000,"41,61012436",2,3
CASPIAN,Santos,Ngorim;Nassauia;Marineford;Lothlorien,58000,58000,"40,92598643",2,3
CASPIAN,Santos,Ngorim;Nassauia;Lothlorien,58000,58000,"39,52288298",2,3
CASPIAN,Santos,Ngorim;Namek;Tahlenwald;Yjigar,58000,58000,"41,35460712",2,3
CASPIAN,Santos,Ngorim;Namek;Tahlenwald;Zuldazar,58000,58000,"41,35460712",2,3
CASPIAN,Santos,Ngorim;Namek;Dirtmouth;Yjigar,58000,58000,"41,42357264",2,3
CASPIAN,Santos,Ngorim;Namek;Dirtmouth;Zuldazar,58000,58000,"41,42357264",2,3
CASPIAN,Santos,Ngorim;Namek;Marineford;Yjigar,58000,58000,"41,35460712",2,3
CASPIAN,Santos,Ngorim;Namek;Marineford;Zuldazar,58000,58000,"41,35460712",2,3
CASPIAN,Santos,Ngorim;Tahlenwald,58000,58000,"39,28977953",2,3
CASPIAN,Santos,Ngorim;Tahlenwald;Konoha;Yjigar,58000,58000,"40,92598643",2,3
CASPIAN,Santos,Ngorim;Tahlenwald;Konoha;Zuldazar,58000,58000,"40,92598643",2,3
CASPIAN,Santos,Ngorim;Tahlenwald;Ulthar,58000,58000,"40,60702091",2,3
CASPIAN,Santos,Ngorim;Tahlenwald;Ulthar;Yjigar,58000,58000,"41,61012436",2,3
CASPIAN,Santos,Ngorim;Tahlenwald;Ulthar;Zuldazar,58000,58000,"41,61012436",2,3
CASPIAN,Santos,Ngorim;Tahlenwald;Lothlorien;Yjigar,58000,58000,"40,92598643",2,3
CASPIAN,Santos,Ngorim;Tahlenwald;Lothlorien;Zuldazar,58000,58000,"40,92598643",2,3
CASPIAN,Santos,Ngorim;Tahlenwald;Yjigar,58000,58000,"40,28288298",2,3
CASPIAN,Santos,Ngorim;Tahlenwald;Zuldazar,58000,58000,"40,28288298",2,3
CASPIAN,Santos,Ngorim;Dirtmouth,58000,58000,"39,35874505",2,3
CASPIAN,Santos,Ngorim;Dirtmouth;Konoha;Yjigar,58000,58000,"40,99495195",2,3
CASPIAN,Santos,Ngorim;Dirtmouth;Konoha;Zuldazar,58000,58000,"40,99495195",2,3
CASPIAN,Santos,Ngorim;Dirtmouth;Ulthar,58000,58000,"40,67598643",2,3
CASPIAN,Santos,Ngorim;Dirtmouth;Ulthar;Yjigar,58000,58000,"41,67908988",2,3
CASPIAN,Santos,Ngorim;Dirtmouth;Ulthar;Zuldazar,58000,58000,"41,67908988",2,3
CASPIAN,Santos,Ngorim;Dirtmouth;Lothlorien;Yjigar,58000,58000,"40,99495195",2,3
CASPIAN,Santos,Ngorim;Dirtmouth;Lothlorien;Zuldazar,58000,58000,"40,99495195",2,3
CASPIAN,Santos,Ngorim;Dirtmouth;Yjigar,58000,58000,"40,3518485",2,3
CASPIAN,Santos,Ngorim;Dirtmouth;Zuldazar,58000,58000,"40,3518485",2,3
CASPIAN,Santos,Ngorim;Konoha;Marineford;Yjigar,58000,58000,"40,92598643",2,3
CASPIAN,Santos,Ngorim;Konoha;Marineford;Zuldazar,58000,58000,"40,92598643",2,3
CASPIAN,Santos,Ngorim;Konoha;Yjigar,58000,58000,"39,52288298",2,3
CASPIAN,Santos,Ngorim;Konoha;Zuldazar,58000,58000,"39,52288298",2,3
CASPIAN,Santos,Ngorim;Marineford,58000,58000,"39,28977953",2,3
CASPIAN,Santos,Ngorim;Marineford;Ulthar,58000,58000,"40,60702091",2,3
CASPIAN,Santos,Ngorim;Marineford;Ulthar;Yjigar,58000,58000,"41,61012436",2,3
CASPIAN,Santos,Ngorim;Marineford;Ulthar;Zuldazar,58000,58000,"41,61012436",2,3
CASPIAN,Santos,Ngorim;Marineford;Lothlorien;Yjigar,58000,58000,"40,92598643",2,3
CASPIAN,Santos,Ngorim;Marineford;Lothlorien;Zuldazar,58000,58000,"40,92598643",2,3
CASPIAN,Santos,Ngorim;Marineford;Yjigar,58000,58000,"40,28288298",2,3
CASPIAN,Santos,Ngorim;Marineford;Zuldazar,58000,58000,"40,28288298",2,3
CASPIAN,Santos,Ngorim;Ulthar,58000,58000,"39,15391746",2,3
CASPIAN,Santos,Ngorim;Lothlorien;Yjigar,58000,58000,"39,52288298",2,3
CASPIAN,Santos,Ngorim;Lothlorien;Zuldazar,58000,58000,"39,52288298",2,3
CASPIAN,Santos,Ngorim;Yjigar,58000,58000,"38,66977953",2,3
CASPIAN,Santos,Ngorim;Zuldazar,58000,58000,"38,66977953",2,3
CASPIAN,Santos,Namek;Tahlenwald,58000,58000,"39,04012436",2,3
CASPIAN,Santos,Namek;Tahlenwald;Konoha;Yjigar,58000,58000,"41,40633126",2,3
CASPIAN,Santos,Namek;Tahlenwald;Konoha;Zuldazar,58000,58000,"41,40633126",2,3
CASPIAN,Santos,Namek;Tahlenwald;Lothlorien;Yjigar,58000,58000,"41,40633126",2,3
CASPIAN,Santos,Namek;Tahlenwald;Lothlorien;Zuldazar,58000,58000,"41,40633126",2,3
CASPIAN,Santos,Namek;Dirtmouth,58000,58000,"39,10908988",2,3
CASPIAN,Santos,Namek;Dirtmouth;Konoha;Yjigar,58000,58000,"41,47529677",2,3
CASPIAN,Santos,Namek;Dirtmouth;Konoha;Zuldazar,58000,58000,"41,47529677",2,3
CASPIAN,Santos,Namek;Dirtmouth;Lothlorien;Yjigar,58000,58000,"41,47529677",2,3
CASPIAN,Santos,Namek;Dirtmouth;Lothlorien;Zuldazar,58000,58000,"41,47529677",2,3
CASPIAN,Santos,Namek;Konoha;Marineford;Yjigar,58000,58000,"41,40633126",2,3
CASPIAN,Santos,Namek;Konoha;Marineford;Zuldazar,58000,58000,"41,40633126",2,3
CASPIAN,Santos,Namek;Marineford,58000,58000,"39,04012436",2,3
CASPIAN,Santos,Namek;Marineford;Lothlorien;Yjigar,58000,58000,"41,40633126",2,3
CASPIAN,Santos,Namek;Marineford;Lothlorien;Zuldazar,58000,58000,"41,40633126",2,3
CASPIAN,Santos,Tahlenwald;Konoha;Ulthar,58000,58000,"40,65874505",2,3
CASPIAN,Santos,Tahlenwald;Konoha;Ulthar;Yjigar,58000,58000,"41,6618485",2,3
CASPIAN,Santos,Tahlenwald;Konoha;Ulthar;Zuldazar,58000,58000,"41,6618485",2,3
CASPIAN,Santos,Tahlenwald;Konoha;Lothlorien;Yjigar,58000,58000,"40,97771057",2,3
CASPIAN,Santos,Tahlenwald;Konoha;Lothlorien;Zuldazar,58000,58000,"40,97771057",2,3
CASPIAN,Santos,Tahlenwald;Konoha;Yjigar,58000,58000,"40,33460712",2,3
CASPIAN,Santos,Tahlenwald;Konoha;Zuldazar,58000,58000,"40,33460712",2,3
CASPIAN,Santos,Tahlenwald;Ulthar,58000,58000,"39,2956416",2,3
CASPIAN,Santos,Tahlenwald;Ulthar;Lothlorien,58000,58000,"40,65874505",2,3
CASPIAN,Santos,Tahlenwald;Ulthar;Lothlorien;Yjigar,58000,58000,"41,6618485",2,3
CASPIAN,Santos,Tahlenwald;Ulthar;Lothlorien;Zuldazar,58000,58000,"41,6618485",2,3
CASPIAN,Santos,Tahlenwald;Lothlorien,58000,58000,"39,34150367",2,3
CASPIAN,Santos,Tahlenwald;Lothlorien;Yjigar,58000,58000,"40,33460712",2,3
CASPIAN,Santos,Tahlenwald;Lothlorien;Zuldazar,58000,58000,"40,33460712",2,3
CASPIAN,Santos,Dirtmouth;Konoha,58000,58000,"39,41046919",2,3
CASPIAN,Santos,Dirtmouth;Konoha;Ulthar,58000,58000,"40,72771057",2,3
CASPIAN,Santos,Dirtmouth;Konoha;Ulthar;Yjigar,58000,58000,"41,73081402",2,3
CASPIAN,Santos,Dirtmouth;Konoha;Ulthar;Zuldazar,58000,58000,"41,73081402",2,3
CASPIAN,Santos,Dirtmouth;Konoha;Lothlorien;Yjigar,58000,58000,"41,04667609",2,3
CASPIAN,Santos,Dirtmouth;Konoha;Lothlorien;Zuldazar,58000,58000,"41,04667609",2,3
CASPIAN,Santos,Dirtmouth;Konoha;Yjigar,58000,58000,"40,40357264",2,3
CASPIAN,Santos,Dirtmouth;Konoha;Zuldazar,58000,58000,"40,40357264",2,3
CASPIAN,Santos,Dirtmouth;Ulthar,58000,58000,"39,36460712",2,3
CASPIAN,Santos,Dirtmouth;Ulthar;Lothlorien,58000,58000,"40,72771057",2,3
CASPIAN,Santos,Dirtmouth;Ulthar;Lothlorien;Yjigar,58000,58000,"41,73081402",2,3
CASPIAN,Santos,Dirtmouth;Ulthar;Lothlorien;Zuldazar,58000,58000,"41,73081402",2,3
CASPIAN,Santos,Dirtmouth;Lothlorien,58000,58000,"39,41046919",2,3
CASPIAN,Santos,Dirtmouth;Lothlorien;Yjigar,58000,58000,"40,40357264",2,3
CASPIAN,Santos,Dirtmouth;Lothlorien;Zuldazar,58000,58000,"40,40357264",2,3
CASPIAN,Santos,Konoha;Marineford,58000,58000,"42,65060211",2,3
CASPIAN,Santos,Konoha;Marineford;Ulthar,58000,58000,"44,07863949",2,3
CASPIAN,Santos,Konoha;Marineford;Ulthar;Yjigar,58000,58000,"45,16611613",2,3
CASPIAN,Santos,Konoha;Marineford;Ulthar;Zuldazar,58000,58000,"45,16611613",2,3
CASPIAN,Santos,Konoha;Marineford;Lothlorien;Yjigar,58000,58000,"44,42443389",2,3
CASPIAN,Santos,Konoha;Marineford;Lothlorien;Zuldazar,58000,58000,"44,42443389",2,3
CASPIAN,Santos,Konoha;Marineford;Yjigar,58000,58000,"43,72723763",2,3
CASPIAN,Santos,Konoha;Marineford;Zuldazar,58000,58000,"43,72723763",2,3
CASPIAN,Santos,Konoha;Ulthar,58000,58000,"42,50331239",2,3
CASPIAN,Santos,Konoha;Lothlorien;Yjigar,58000,58000,"42,90331239",2,3
CASPIAN,Santos,Konoha;Lothlorien;Zuldazar,58000,58000,"42,90331239",2,3
CASPIAN,Santos,Konoha;Yjigar,58000,58000,"41,97845258",2,3
CASPIAN,Santos,Konoha;Zuldazar,58000,58000,"41,97845258",2,3
CASPIAN,Santos,Marineford,58000,58000,"38,41840022",2,3
CASPIAN,Santos,Marineford,72000,72000,"39,71738064",2,3
CASPIAN,Santos,Marineford;Ulthar,58000,58000,"39,2956416",2,3
CASPIAN,Santos,Marineford;Ulthar;Lothlorien,58000,58000,"40,65874505",2,3
CASPIAN,Santos,Marineford;Ulthar;Lothlorien;Yjigar,58000,58000,"41,6618485",2,3
CASPIAN,Santos,Marineford;Ulthar;Lothlorien;Zuldazar,58000,58000,"41,6618485",2,3
CASPIAN,Santos,Marineford;Lothlorien,58000,58000,"39,34150367",2,3
CASPIAN,Santos,Marineford;Lothlorien;Yjigar,58000,58000,"40,33460712",2,3
CASPIAN,Santos,Marineford;Lothlorien;Zuldazar,58000,58000,"40,33460712",2,3
CASPIAN,Santos,Ulthar;Lothlorien,58000,58000,"56,84818032",2,3
CASPIAN,Santos,Lothlorien;Konoha;Rlyeh,58000,58000,"39,59322781",2,3
CASPIAN,Santos,Lothlorien;Konoha;Rlyeh,72000,72000,"41,86560773",2,3
CASPIAN,Santos,Lothlorien;Yjigar,58000,58000,"38,72150367",2,3
CASPIAN,Santos,Lothlorien;Zuldazar,58000,58000,"38,72150367",2,3
CASPIAN,Santos,Yjigar;Zuldazar,58000,58000,"37,11150367",2,3
CASPIAN,Santos,Zuldazar;Rlyeh,58000,58000,"38,85012436",2,3
CASPIAN,Santos,Zuldazar;Rlyeh,72000,72000,"37,20645142",2,3
CASPIAN,Portocel,Rlyeh,58000,58000,"47,29098651",2,3
CASPIAN,Portocel,Dornfall,58000,58000,"37,42040649",2,3
CASPIAN,Portocel,Ngorim,58000,58000,"37,35937201",2,3
CASPIAN,Portocel,Konoha,58000,58000,"40,55782386",2,3
CASPIAN,Portocel,Lothlorien,58000,58000,"37,41109615",2,3
CASPIAN,Santos,Rlyeh,58000,58000,"47,21227734",2,3
CASPIAN,Santos,Dornfall,58000,58000,"37,35771057",2,3
CASPIAN,Santos,Ngorim,58000,58000,"37,29667609",2,3
CASPIAN,Santos,Konoha,58000,58000,"40,48985445",2,3
CASPIAN,Santos,Lothlorien,58000,58000,"37,34840022",2,3
CASPIAN,Portocel,Deliora,58000,58000,"38,04109615",2,3
CASPIAN,Portocel,Lyngard,58000,58000,"37,42040649",2,3
CASPIAN,Portocel,Dirtmouth,58000,58000,"38,11006167",2,3
CASPIAN,Portocel,Marineford,58000,58000,"38,04109615",2,3
CASPIAN,Santos,Deliora,58000,58000,"37,97840022",2,3
CASPIAN,Santos,Lyngard,58000,58000,"37,35771057",2,3
CASPIAN,Santos,Dirtmouth,58000,58000,"37,94736574",2,3
CASPIAN,Santos,Dirtmouth,72000,72000,"36,49478476",2,3
CASPIAN,Portocel,Nassauia,58000,58000,"36,25109615",2,3
CASPIAN,Portocel,Yjigar,58000,58000,"36,25109615",2,3
CASPIAN,Portocel,Zuldazar,58000,58000,"36,25109615",2,3
CASPIAN,Santos,Nassauia,58000,58000,"36,18840022",2,3
CASPIAN,Santos,Yjigar,58000,58000,"36,18840022",2,3
CASPIAN,Santos,Zuldazar,58000,58000,"36,18840022",2,3
CASPIAN,Portocel,Promethea,58000,58000,"37,89523408",2,3
CASPIAN,Portocel,Ichoris,58000,58000,"37,55040649",2,3
CASPIAN,Portocel,Seireitei,58000,58000,"62,73153076",2,3
CASPIAN,Portocel,Namek,58000,58000,"37,92971684",2,3
CASPIAN,Portocel,Ulthar,58000,58000,"54,89008941",2,3
CASPIAN,Santos,Promethea,58000,58000,"37,83253815",2,3
CASPIAN,Santos,Ichoris,58000,58000,"37,48771057",2,3
CASPIAN,Santos,Seireitei,58000,58000,"62,62763466",2,3
CASPIAN,Santos,Namek,58000,58000,"37,86702091",2,3
CASPIAN,Santos,Ulthar,58000,58000,"54,79918032",2,3
CASPIAN,Portocel,Askr,58000,58000,"36,56730304",2,3
CASPIAN,Santos,Askr,58000,58000,"36,50460712",2,3
ULISSES,Portocel,Promethea;Rlyeh,20000,25000,"43,49064165",2,3
ULISSES,Portocel,Seireitei;Ulthar,20000,25000,"44,59064165",2,3
ULISSES,Portocel,Seireitei;Ulthar;Promethea,20000,25000,"46,49064165",2,3
ULISSES,Portocel,Seireitei;Ulthar;Promethea;Tahlenwald,20000,25000,"47,54064165",2,3
ULISSES,Portocel,Seireitei;Ulthar;Tahlenwald,20000,25000,"45,64064165",2,3
ULISSES,Portocel,Tahlenwald;Seireitei,20000,25000,"43,49064165",2,3
ULISSES,Portocel,Marineford;Rlyeh,20000,25000,"43,44064165",2,3
ULISSES,Portocel,Marineford;Seireitei,20000,25000,"43,49064165",2,3
ULISSES,Portocel,Zuldazar,20000,25000,"38,99064165",2,3
ULISSES,Portocel,Zuldazar;Askr,20000,25000,"39,74064165",2,3
ULISSES,Portocel,Zuldazar;Konoha;Tahlenwald,20000,25000,"43,39064165",2,3
ULISSES,Portocel;Santos,Seireitei;Tahlenwald,20000,25000,"44,34064165",2,3
ULISSES,Portocel;Santos,Tahlenwald;Seireitei,20000,25000,"44,34064165",2,3
ULISSES,Santos,Tahlenwald;Seireitei,20000,25000,"43,49064165",2,3
ULISSES,Santos,Tahlenwald;Namek,20000,25000,"43,49064165",2,3
ULISSES,Santos,Tahlenwald;Dirtmouth,20000,25000,"42,64064165",2,3
ULISSES,Santos,Dirtmouth,20000,25000,"41,59064165",2,3
ULISSES,Santos,Marineford;Rlyeh,20000,25000,"43,44064165",2,3
ULISSES,Santos,Marineford;Seireitei,20000,25000,"43,49064165",2,3
ULISSES,Santos,Zuldazar;Askr,20000,25000,"39,74064165",2,3
ULISSES,Santos,Zuldazar;Tahlenwald;Rlyeh,20000,25000,"43,39064165",2,3
ULISSES,Santos;Portocel,Tahlenwald;Seireitei,20000,25000,"44,34064165",2,3
ULISSES,Santos;Portocel,Konoha;Seireitei;Promethea;Namek,20000,25000,"46,19064165",2,3
ULISSES,Santos;Portocel,Marineford;Rlyeh,20000,25000,"44,34064165",2,3
ULISSES,Santos;Portocel,Marineford;Seireitei,20000,25000,"44,34064165",2,3
ULISSES,Santos;Portocel,Lothlorien;Rlyeh;Seireitei,20000,25000,"45,44064165",2,3
ULISSES,Santos;Portocel,Zuldazar;Askr,20000,25000,"40,64064165",2,3
ULISSES,Portocel,Rlyeh,20000,25000,"41,09064165",2,3
ULISSES,Portocel,Dornfall,20000,25000,"41,09064165",2,3
ULISSES,Santos,Rlyeh,20000,25000,"41,09064165",2,3
ULISSES,Santos,Dornfall,20000,25000,"41,09064165",2,3
ULISSES,Santos;Portocel,Rlyeh,20000,25000,"41,99064165",2,3
ULISSES,Santos;Portocel,Dornfall,20000,25000,"41,99064165",2,3
ULISSES,Portocel,Promethea;Dornfall,20000,25000,"43,49064165",2,3
ULISSES,Portocel,Ichoris;Rlyeh,20000,25000,"43,49064165",2,3
ULISSES,Portocel,Ichoris;Dornfall,20000,25000,"43,49064165",2,3
ULISSES,Portocel,Seireitei;Rlyeh,20000,25000,"43,49064165",2,3
ULISSES,Portocel,Seireitei;Dornfall,20000,25000,"43,49064165",2,3
ULISSES,Santos,Promethea;Rlyeh,20000,25000,"43,49064165",2,3
ULISSES,Santos,Promethea;Dornfall,20000,25000,"43,49064165",2,3
ULISSES,Santos,Ichoris;Rlyeh,20000,25000,"43,49064165",2,3
ULISSES,Santos,Ichoris;Dornfall,20000,25000,"43,49064165",2,3
ULISSES,Santos,Seireitei;Rlyeh,20000,25000,"43,49064165",2,3
ULISSES,Santos,Seireitei;Dornfall,20000,25000,"43,49064165",2,3
ULISSES,Santos;Portocel,Promethea;Rlyeh,20000,25000,"44,34064165",2,3
ULISSES,Santos;Portocel,Promethea;Dornfall,20000,25000,"44,34064165",2,3
ULISSES,Santos;Portocel,Ichoris;Rlyeh,20000,25000,"44,34064165",2,3
ULISSES,Santos;Portocel,Ichoris;Dornfall,20000,25000,"44,34064165",2,3
ULISSES,Santos;Portocel,Seireitei;Rlyeh,20000,25000,"44,34064165",2,3
ULISSES,Santos;Portocel,Seireitei;Dornfall,20000,25000,"44,34064165",2,3
ULISSES,Portocel,Rlyeh;Tahlenwald,20000,25000,"42,64064165",2,3
ULISSES,Portocel,Rlyeh;Marineford,20000,25000,"43,44064165",2,3
ULISSES,Portocel,Dornfall;Tahlenwald,20000,25000,"42,64064165",2,3
ULISSES,Portocel,Dornfall;Marineford,20000,25000,"43,44064165",2,3
ULISSES,Santos,Rlyeh;Tahlenwald,20000,25000,"42,64064165",2,3
ULISSES,Santos,Rlyeh;Marineford,20000,25000,"43,44064165",2,3
ULISSES,Santos,Dornfall;Tahlenwald,20000,25000,"42,64064165",2,3
ULISSES,Santos,Dornfall;Marineford,20000,25000,"43,44064165",2,3
ULISSES,Santos,Tahlenwald;Rlyeh,20000,25000,"42,64064165",2,3
ULISSES,Santos;Portocel,Rlyeh;Tahlenwald,20000,25000,"43,54064165",2,3
ULISSES,Santos;Portocel,Rlyeh;Marineford,20000,25000,"44,34064165",2,3
ULISSES,Santos;Portocel,Dornfall;Tahlenwald,20000,25000,"43,54064165",2,3
ULISSES,Santos;Portocel,Dornfall;Marineford,20000,25000,"44,34064165",2,3
ULISSES,Portocel,Promethea;Tahlenwald;Rlyeh,20000,25000,"44,59064165",2,3
ULISSES,Portocel,Promethea;Tahlenwald;Dornfall,20000,25000,"44,59064165",2,3
ULISSES,Portocel,Promethea;Marineford;Rlyeh,20000,25000,"44,59064165",2,3
ULISSES,Portocel,Promethea;Marineford;Dornfall,20000,25000,"44,59064165",2,3
ULISSES,Portocel,Ichoris;Tahlenwald;Rlyeh,20000,25000,"44,59064165",2,3
ULISSES,Portocel,Ichoris;Tahlenwald;Dornfall,20000,25000,"44,59064165",2,3
ULISSES,Portocel,Ichoris;Marineford;Rlyeh,20000,25000,"44,59064165",2,3
ULISSES,Portocel,Ichoris;Marineford;Dornfall,20000,25000,"44,59064165",2,3
ULISSES,Portocel,Seireitei;Tahlenwald;Rlyeh,20000,25000,"44,59064165",2,3
ULISSES,Portocel,Seireitei;Tahlenwald;Dornfall,20000,25000,"44,59064165",2,3
ULISSES,Portocel,Seireitei;Marineford;Rlyeh,20000,25000,"44,59064165",2,3
ULISSES,Portocel,Seireitei;Marineford;Dornfall,20000,25000,"44,59064165",2,3
ULISSES,Santos,Promethea;Tahlenwald;Rlyeh,20000,25000,"44,59064165",2,3
ULISSES,Santos,Promethea;Tahlenwald;Dornfall,20000,25000,"44,59064165",2,3
ULISSES,Santos,Promethea;Marineford;Rlyeh,20000,25000,"44,59064165",2,3
ULISSES,Santos,Promethea;Marineford;Dornfall,20000,25000,"44,59064165",2,3
ULISSES,Santos,Ichoris;Tahlenwald;Rlyeh,20000,25000,"44,59064165",2,3
ULISSES,Santos,Ichoris;Tahlenwald;Dornfall,20000,25000,"44,59064165",2,3
ULISSES,Santos,Ichoris;Marineford;Rlyeh,20000,25000,"44,59064165",2,3
ULISSES,Santos,Ichoris;Marineford;Dornfall,20000,25000,"44,59064165",2,3
ULISSES,Santos,Seireitei;Tahlenwald;Rlyeh,20000,25000,"44,59064165",2,3
ULISSES,Santos,Seireitei;Tahlenwald;Dornfall,20000,25000,"44,59064165",2,3
ULISSES,Santos,Seireitei;Marineford;Rlyeh,20000,25000,"44,59064165",2,3
ULISSES,Santos,Seireitei;Marineford;Dornfall,20000,25000,"44,59064165",2,3
ULISSES,Santos;Portocel,Promethea;Tahlenwald;Rlyeh,20000,25000,"45,44064165",2,3
ULISSES,Santos;Portocel,Promethea;Tahlenwald;Dornfall,20000,25000,"45,44064165",2,3
ULISSES,Santos;Portocel,Promethea;Marineford;Rlyeh,20000,25000,"45,44064165",2,3
ULISSES,Santos;Portocel,Promethea;Marineford;Dornfall,20000,25000,"45,44064165",2,3
ULISSES,Santos;Portocel,Ichoris;Tahlenwald;Rlyeh,20000,25000,"45,44064165",2,3
ULISSES,Santos;Portocel,Ichoris;Tahlenwald;Dornfall,20000,25000,"45,44064165",2,3
ULISSES,Santos;Portocel,Ichoris;Marineford;Rlyeh,20000,25000,"45,44064165",2,3
ULISSES,Santos;Portocel,Ichoris;Marineford;Dornfall,20000,25000,"45,44064165",2,3
ULISSES,Santos;Portocel,Seireitei;Tahlenwald;Rlyeh,20000,25000,"45,44064165",2,3
ULISSES,Santos;Portocel,Seireitei;Tahlenwald;Dornfall,20000,25000,"45,44064165",2,3
ULISSES,Santos;Portocel,Seireitei;Marineford;Rlyeh,20000,25000,"45,44064165",2,3
ULISSES,Santos;Portocel,Seireitei;Marineford;Dornfall,20000,25000,"45,44064165",2,3
ULISSES,Portocel,Tahlenwald,20000,25000,"41,59064165",2,3
ULISSES,Portocel,Marineford,20000,25000,"42,44064165",2,3
ULISSES,Santos,Tahlenwald,20000,25000,"41,59064165",2,3
ULISSES,Santos,Marineford,20000,25000,"42,44064165",2,3
ULISSES,Santos;Portocel,Tahlenwald,20000,25000,"42,44064165",2,3
ULISSES,Santos;Portocel,Marineford,20000,25000,"43,29064165",2,3
ULISSES,Portocel,Promethea;Tahlenwald,20000,25000,"43,49064165",2,3
ULISSES,Portocel,Promethea;Marineford,20000,25000,"43,49064165",2,3
ULISSES,Portocel,Ichoris;Tahlenwald,20000,25000,"43,49064165",2,3
ULISSES,Portocel,Ichoris;Marineford,20000,25000,"43,49064165",2,3
ULISSES,Portocel,Seireitei;Tahlenwald,20000,25000,"43,49064165",2,3
ULISSES,Portocel,Seireitei;Marineford,20000,25000,"43,49064165",2,3
ULISSES,Santos,Promethea;Tahlenwald,20000,25000,"43,49064165",2,3
ULISSES,Santos,Promethea;Marineford,20000,25000,"43,49064165",2,3
ULISSES,Santos,Ichoris;Tahlenwald,20000,25000,"43,49064165",2,3
ULISSES,Santos,Ichoris;Marineford,20000,25000,"43,49064165",2,3
ULISSES,Santos,Seireitei;Tahlenwald,20000,25000,"43,49064165",2,3
ULISSES,Santos,Seireitei;Marineford,20000,25000,"43,49064165",2,3
ULISSES,Santos;Portocel,Promethea;Tahlenwald,20000,25000,"44,34064165",2,3
ULISSES,Santos;Portocel,Promethea;Marineford,20000,25000,"44,34064165",2,3
ULISSES,Santos;Portocel,Ichoris;Tahlenwald,20000,25000,"44,34064165",2,3
ULISSES,Santos;Portocel,Ichoris;Marineford,20000,25000,"44,34064165",2,3
ULISSES,Santos;Portocel,Seireitei;Tahlenwald,20000,25000,"44,34064165",2,3
ULISSES,Santos;Portocel,Seireitei;Marineford,20000,25000,"44,34064165",2,3
ULISSES,Portocel,Humeria,20000,25000,"38,99064165",2,3
ULISSES,Portocel,Askr;Humeria,20000,25000,"39,74064165",2,3
ULISSES,Portocel,Zuldazar;Lothlorien,20000,25000,"39,74064165",2,3
ULISSES,Santos,Humeria,20000,25000,"38,99064165",2,3
ULISSES,Santos,Askr;Humeria,20000,25000,"39,74064165",2,3
ULISSES,Santos,Askr;Zuldazar,20000,25000,"39,74064165",2,3
ULISSES,Santos,Zuldazar,20000,25000,"38,99064165",2,3
ULISSES,Santos;Portocel,Humeria,20000,25000,"39,84064165",2,3
ULISSES,Santos;Portocel,Askr;Humeria,20000,25000,"40,64064165",2,3
ULISSES,Santos;Portocel,Askr;Zuldazar,20000,25000,"40,64064165",2,3
ULISSES,Santos;Portocel,Zuldazar,20000,25000,"39,84064165",2,3
ULISSES,Portocel,Rlyeh;Humeria,20000,25000,"42,14064165",2,3
ULISSES,Portocel,Rlyeh;Zuldazar,20000,25000,"42,14064165",2,3
ULISSES,Portocel,Humeria;Rlyeh,20000,25000,"42,14064165",2,3
ULISSES,Portocel,Humeria;Dornfall,20000,25000,"42,14064165",2,3
ULISSES,Portocel,Askr;Rlyeh,20000,25000,"41,84064165",2,3
ULISSES,Portocel,Askr;Rlyeh;Humeria,20000,25000,"42,89064165",2,3
ULISSES,Portocel,Askr;Rlyeh;Zuldazar,20000,25000,"42,89064165",2,3
ULISSES,Portocel,Askr;Dornfall,20000,25000,"41,84064165",2,3
ULISSES,Portocel,Askr;Dornfall;Humeria,20000,25000,"42,89064165",2,3
ULISSES,Portocel,Askr;Dornfall;Zuldazar,20000,25000,"42,89064165",2,3
ULISSES,Portocel,Zuldazar;Rlyeh,20000,25000,"42,14064165",2,3
ULISSES,Portocel,Zuldazar;Dornfall,20000,25000,"42,14064165",2,3
ULISSES,Santos,Rlyeh;Humeria,20000,25000,"42,14064165",2,3
ULISSES,Santos,Rlyeh;Zuldazar,20000,25000,"42,14064165",2,3
ULISSES,Santos,Humeria;Rlyeh,20000,25000,"42,14064165",2,3
ULISSES,Santos,Humeria;Dornfall,20000,25000,"42,14064165",2,3
ULISSES,Santos,Askr;Rlyeh,20000,25000,"41,84064165",2,3
ULISSES,Santos,Askr;Rlyeh;Humeria,20000,25000,"42,89064165",2,3
ULISSES,Santos,Askr;Rlyeh;Zuldazar,20000,25000,"42,89064165",2,3
ULISSES,Santos,Askr;Dornfall,20000,25000,"41,84064165",2,3
ULISSES,Santos,Askr;Dornfall;Humeria,20000,25000,"42,89064165",2,3
ULISSES,Santos,Askr;Dornfall;Zuldazar,20000,25000,"42,89064165",2,3
ULISSES,Santos,Zuldazar;Rlyeh,20000,25000,"42,14064165",2,3
ULISSES,Santos,Zuldazar;Dornfall,20000,25000,"42,14064165",2,3
ULISSES,Santos;Portocel,Rlyeh;Humeria,20000,25000,"43,04064165",2,3
ULISSES,Santos;Portocel,Rlyeh;Zuldazar,20000,25000,"43,04064165",2,3
ULISSES,Santos;Portocel,Humeria;Rlyeh,20000,25000,"43,04064165",2,3
ULISSES,Santos;Portocel,Humeria;Dornfall,20000,25000,"43,04064165",2,3
ULISSES,Santos;Portocel,Askr;Rlyeh,20000,25000,"42,74064165",2,3
ULISSES,Santos;Portocel,Askr;Rlyeh;Humeria,20000,25000,"43,79064165",2,3
ULISSES,Santos;Portocel,Askr;Rlyeh;Zuldazar,20000,25000,"43,79064165",2,3
ULISSES,Santos;Portocel,Askr;Dornfall,20000,25000,"42,74064165",2,3
ULISSES,Santos;Portocel,Askr;Dornfall;Humeria,20000,25000,"43,79064165",2,3
ULISSES,Santos;Portocel,Askr;Dornfall;Zuldazar,20000,25000,"43,79064165",2,3
ULISSES,Santos;Portocel,Zuldazar;Rlyeh,20000,25000,"43,04064165",2,3
ULISSES,Santos;Portocel,Zuldazar;Dornfall,20000,25000,"43,04064165",2,3
ULISSES,Portocel,Promethea;Rlyeh;Humeria,20000,25000,"44,59064165",2,3
ULISSES,Portocel,Promethea;Rlyeh;Zuldazar,20000,25000,"44,59064165",2,3
ULISSES,Portocel,Promethea;Dornfall;Humeria,20000,25000,"44,59064165",2,3
ULISSES,Portocel,Promethea;Dornfall;Zuldazar,20000,25000,"44,59064165",2,3
ULISSES,Portocel,Ichoris;Rlyeh;Humeria,20000,25000,"44,59064165",2,3
ULISSES,Portocel,Ichoris;Rlyeh;Zuldazar,20000,25000,"44,59064165",2,3
ULISSES,Portocel,Ichoris;Dornfall;Humeria,20000,25000,"44,59064165",2,3
ULISSES,Portocel,Ichoris;Dornfall;Zuldazar,20000,25000,"44,59064165",2,3
ULISSES,Portocel,Askr;Rlyeh;Promethea,20000,25000,"44,24064165",2,3
ULISSES,Portocel,Askr;Rlyeh;Ichoris,20000,25000,"44,24064165",2,3
ULISSES,Portocel,Askr;Rlyeh;Seireitei,20000,25000,"44,24064165",2,3
ULISSES,Portocel,Askr;Dornfall;Promethea,20000,25000,"44,24064165",2,3
ULISSES,Portocel,Askr;Dornfall;Ichoris,20000,25000,"44,24064165",2,3
ULISSES,Portocel,Askr;Dornfall;Seireitei,20000,25000,"44,24064165",2,3
ULISSES,Portocel,Askr;Humeria;Rlyeh;Promethea,20000,25000,"45,34064165",2,3
ULISSES,Portocel,Askr;Humeria;Rlyeh;Ichoris,20000,25000,"45,34064165",2,3
ULISSES,Portocel,Askr;Humeria;Rlyeh;Seireitei,20000,25000,"45,34064165",2,3
ULISSES,Portocel,Askr;Humeria;Dornfall;Promethea,20000,25000,"45,34064165",2,3
ULISSES,Portocel,Askr;Humeria;Dornfall;Ichoris,20000,25000,"45,34064165",2,3
ULISSES,Portocel,Askr;Humeria;Dornfall;Seireitei,20000,25000,"45,34064165",2,3
ULISSES,Portocel,Askr;Humeria;Promethea,20000,25000,"44,24064165",2,3
ULISSES,Portocel,Askr;Humeria;Ichoris,20000,25000,"44,24064165",2,3
ULISSES,Portocel,Askr;Humeria;Seireitei,20000,25000,"44,24064165",2,3
ULISSES,Portocel,Askr;Zuldazar;Rlyeh;Promethea,20000,25000,"45,34064165",2,3
ULISSES,Portocel,Askr;Zuldazar;Rlyeh;Ichoris,20000,25000,"45,34064165",2,3
ULISSES,Portocel,Askr;Zuldazar;Rlyeh;Seireitei,20000,25000,"45,34064165",2,3
ULISSES,Portocel,Askr;Zuldazar;Dornfall;Promethea,20000,25000,"45,34064165",2,3
ULISSES,Portocel,Askr;Zuldazar;Dornfall;Ichoris,20000,25000,"45,34064165",2,3
ULISSES,Portocel,Askr;Zuldazar;Dornfall;Seireitei,20000,25000,"45,34064165",2,3
ULISSES,Portocel,Askr;Zuldazar;Promethea,20000,25000,"44,24064165",2,3
ULISSES,Portocel,Askr;Zuldazar;Ichoris,20000,25000,"44,24064165",2,3
ULISSES,Portocel,Askr;Zuldazar;Seireitei,20000,25000,"44,24064165",2,3
ULISSES,Portocel,Seireitei;Rlyeh;Humeria,20000,25000,"44,59064165",2,3
ULISSES,Portocel,Seireitei;Rlyeh;Zuldazar,20000,25000,"44,59064165",2,3
ULISSES,Portocel,Seireitei;Dornfall;Humeria,20000,25000,"44,59064165",2,3
ULISSES,Portocel,Seireitei;Dornfall;Zuldazar,20000,25000,"44,59064165",2,3
ULISSES,Santos,Promethea;Rlyeh;Humeria,20000,25000,"44,59064165",2,3
ULISSES,Santos,Promethea;Rlyeh;Zuldazar,20000,25000,"44,59064165",2,3
ULISSES,Santos,Promethea;Dornfall;Humeria,20000,25000,"44,59064165",2,3
ULISSES,Santos,Promethea;Dornfall;Zuldazar,20000,25000,"44,59064165",2,3
ULISSES,Santos,Ichoris;Rlyeh;Humeria,20000,25000,"44,59064165",2,3
ULISSES,Santos,Ichoris;Rlyeh;Zuldazar,20000,25000,"44,59064165",2,3
ULISSES,Santos,Ichoris;Dornfall;Humeria,20000,25000,"44,59064165",2,3
ULISSES,Santos,Ichoris;Dornfall;Zuldazar,20000,25000,"44,59064165",2,3
ULISSES,Santos,Askr;Rlyeh;Promethea,20000,25000,"44,24064165",2,3
ULISSES,Santos,Askr;Rlyeh;Ichoris,20000,25000,"44,24064165",2,3
ULISSES,Santos,Askr;Rlyeh;Seireitei,20000,25000,"44,24064165",2,3
ULISSES,Santos,Askr;Dornfall;Promethea,20000,25000,"44,24064165",2,3
ULISSES,Santos,Askr;Dornfall;Ichoris,20000,25000,"44,24064165",2,3
ULISSES,Santos,Askr;Dornfall;Seireitei,20000,25000,"44,24064165",2,3
ULISSES,Santos,Askr;Humeria;Rlyeh;Promethea,20000,25000,"45,34064165",2,3
ULISSES,Santos,Askr;Humeria;Rlyeh;Ichoris,20000,25000,"45,34064165",2,3
ULISSES,Santos,Askr;Humeria;Rlyeh;Seireitei,20000,25000,"45,34064165",2,3
ULISSES,Santos,Askr;Humeria;Dornfall;Promethea,20000,25000,"45,34064165",2,3
ULISSES,Santos,Askr;Humeria;Dornfall;Ichoris,20000,25000,"45,34064165",2,3
ULISSES,Santos,Askr;Humeria;Dornfall;Seireitei,20000,25000,"45,34064165",2,3
ULISSES,Santos,Askr;Humeria;Promethea,20000,25000,"44,24064165",2,3
ULISSES,Santos,Askr;Humeria;Ichoris,20000,25000,"44,24064165",2,3
ULISSES,Santos,Askr;Humeria;Seireitei,20000,25000,"44,24064165",2,3
ULISSES,Santos,Askr;Zuldazar;Rlyeh;Promethea,20000,25000,"45,34064165",2,3
ULISSES,Santos,Askr;Zuldazar;Rlyeh;Ichoris,20000,25000,"45,34064165",2,3
ULISSES,Santos,Askr;Zuldazar;Rlyeh;Seireitei,20000,25000,"45,34064165",2,3
ULISSES,Santos,Askr;Zuldazar;Dornfall;Promethea,20000,25000,"45,34064165",2,3
ULISSES,Santos,Askr;Zuldazar;Dornfall;Ichoris,20000,25000,"45,34064165",2,3
ULISSES,Santos,Askr;Zuldazar;Dornfall;Seireitei,20000,25000,"45,34064165",2,3
ULISSES,Santos,Askr;Zuldazar;Promethea,20000,25000,"44,24064165",2,3
ULISSES,Santos,Askr;Zuldazar;Ichoris,20000,25000,"44,24064165",2,3
ULISSES,Santos,Askr;Zuldazar;Seireitei,20000,25000,"44,24064165",2,3
ULISSES,Santos,Seireitei;Rlyeh;Humeria,20000,25000,"44,59064165",2,3
ULISSES,Santos,Seireitei;Rlyeh;Zuldazar,20000,25000,"44,59064165",2,3
ULISSES,Santos,Seireitei;Dornfall;Humeria,20000,25000,"44,59064165",2,3
ULISSES,Santos,Seireitei;Dornfall;Zuldazar,20000,25000,"44,59064165",2,3
ULISSES,Santos;Portocel,Promethea;Rlyeh;Humeria,20000,25000,"45,44064165",2,3
ULISSES,Santos;Portocel,Promethea;Rlyeh;Zuldazar,20000,25000,"45,44064165",2,3
ULISSES,Santos;Portocel,Promethea;Dornfall;Humeria,20000,25000,"45,44064165",2,3
ULISSES,Santos;Portocel,Promethea;Dornfall;Zuldazar,20000,25000,"45,44064165",2,3
ULISSES,Santos;Portocel,Ichoris;Rlyeh;Humeria,20000,25000,"45,44064165",2,3
ULISSES,Santos;Portocel,Ichoris;Rlyeh;Zuldazar,20000,25000,"45,44064165",2,3
ULISSES,Santos;Portocel,Ichoris;Dornfall;Humeria,20000,25000,"45,44064165",2,3
ULISSES,Santos;Portocel,Ichoris;Dornfall;Zuldazar,20000,25000,"45,44064165",2,3
ULISSES,Santos;Portocel,Askr;Rlyeh;Promethea,20000,25000,"45,09064165",2,3
ULISSES,Santos;Portocel,Askr;Rlyeh;Ichoris,20000,25000,"45,09064165",2,3
ULISSES,Santos;Portocel,Askr;Rlyeh;Seireitei,20000,25000,"45,09064165",2,3
ULISSES,Santos;Portocel,Askr;Dornfall;Promethea,20000,25000,"45,09064165",2,3
ULISSES,Santos;Portocel,Askr;Dornfall;Ichoris,20000,25000,"45,09064165",2,3
ULISSES,Santos;Portocel,Askr;Dornfall;Seireitei,20000,25000,"45,09064165",2,3
ULISSES,Santos;Portocel,Askr;Humeria;Rlyeh;Promethea,20000,25000,"46,19064165",2,3
ULISSES,Santos;Portocel,Askr;Humeria;Rlyeh;Ichoris,20000,25000,"46,19064165",2,3
ULISSES,Santos;Portocel,Askr;Humeria;Rlyeh;Seireitei,20000,25000,"46,19064165",2,3
ULISSES,Santos;Portocel,Askr;Humeria;Dornfall;Promethea,20000,25000,"46,19064165",2,3
ULISSES,Santos;Portocel,Askr;Humeria;Dornfall;Ichoris,20000,25000,"46,19064165",2,3
ULISSES,Santos;Portocel,Askr;Humeria;Dornfall;Seireitei,20000,25000,"46,19064165",2,3
ULISSES,Santos;Portocel,Askr;Humeria;Promethea,20000,25000,"45,09064165",2,3
ULISSES,Santos;Portocel,Askr;Humeria;Ichoris,20000,25000,"45,09064165",2,3
ULISSES,Santos;Portocel,Askr;Humeria;Seireitei,20000,25000,"45,09064165",2,3
ULISSES,Santos;Portocel,Askr;Zuldazar;Rlyeh;Promethea,20000,25000,"46,19064165",2,3
ULISSES,Santos;Portocel,Askr;Zuldazar;Rlyeh;Ichoris,20000,25000,"46,19064165",2,3
ULISSES,Santos;Portocel,Askr;Zuldazar;Rlyeh;Seireitei,20000,25000,"46,19064165",2,3
ULISSES,Santos;Portocel,Askr;Zuldazar;Dornfall;Promethea,20000,25000,"46,19064165",2,3
ULISSES,Santos;Portocel,Askr;Zuldazar;Dornfall;Ichoris,20000,25000,"46,19064165",2,3
ULISSES,Santos;Portocel,Askr;Zuldazar;Dornfall;Seireitei,20000,25000,"46,19064165",2,3
ULISSES,Santos;Portocel,Askr;Zuldazar;Promethea,20000,25000,"45,09064165",2,3
ULISSES,Santos;Portocel,Askr;Zuldazar;Ichoris,20000,25000,"45,09064165",2,3
ULISSES,Santos;Portocel,Askr;Zuldazar;Seireitei,20000,25000,"45,09064165",2,3
ULISSES,Santos;Portocel,Seireitei;Rlyeh;Humeria,20000,25000,"45,44064165",2,3
ULISSES,Santos;Portocel,Seireitei;Rlyeh;Zuldazar,20000,25000,"45,44064165",2,3
ULISSES,Santos;Portocel,Seireitei;Dornfall;Humeria,20000,25000,"45,44064165",2,3
ULISSES,Santos;Portocel,Seireitei;Dornfall;Zuldazar,20000,25000,"45,44064165",2,3
ULISSES,Portocel,Askr;Rlyeh;Tahlenwald;Promethea,20000,25000,"45,34064165",2,3
ULISSES,Portocel,Askr;Rlyeh;Tahlenwald;Ichoris,20000,25000,"45,34064165",2,3
ULISSES,Portocel,Askr;Rlyeh;Tahlenwald;Seireitei,20000,25000,"45,34064165",2,3
ULISSES,Portocel,Askr;Rlyeh;Marineford;Promethea,20000,25000,"45,34064165",2,3
ULISSES,Portocel,Askr;Rlyeh;Marineford;Ichoris,20000,25000,"45,34064165",2,3
ULISSES,Portocel,Askr;Rlyeh;Marineford;Seireitei,20000,25000,"45,34064165",2,3
ULISSES,Portocel,Askr;Dornfall;Tahlenwald;Promethea,20000,25000,"45,34064165",2,3
ULISSES,Portocel,Askr;Dornfall;Tahlenwald;Ichoris,20000,25000,"45,34064165",2,3
ULISSES,Portocel,Askr;Dornfall;Tahlenwald;Seireitei,20000,25000,"45,34064165",2,3
ULISSES,Portocel,Askr;Dornfall;Marineford;Promethea,20000,25000,"45,34064165",2,3
ULISSES,Portocel,Askr;Dornfall;Marineford;Ichoris,20000,25000,"45,34064165",2,3
ULISSES,Portocel,Askr;Dornfall;Marineford;Seireitei,20000,25000,"45,34064165",2,3
ULISSES,Portocel,Askr;Humeria;Rlyeh;Tahlenwald,20000,25000,"44,49064165",2,3
ULISSES,Portocel,Askr;Humeria;Rlyeh;Marineford,20000,25000,"45,34064165",2,3
ULISSES,Portocel,Askr;Humeria;Dornfall;Tahlenwald,20000,25000,"44,49064165",2,3
ULISSES,Portocel,Askr;Humeria;Dornfall;Marineford,20000,25000,"45,34064165",2,3
ULISSES,Portocel,Askr;Humeria;Tahlenwald;Promethea,20000,25000,"45,34064165",2,3
ULISSES,Portocel,Askr;Humeria;Tahlenwald;Ichoris,20000,25000,"45,34064165",2,3
ULISSES,Portocel,Askr;Humeria;Tahlenwald;Seireitei,20000,25000,"45,34064165",2,3
ULISSES,Portocel,Askr;Humeria;Marineford;Promethea,20000,25000,"45,34064165",2,3
ULISSES,Portocel,Askr;Humeria;Marineford;Ichoris,20000,25000,"45,34064165",2,3
ULISSES,Portocel,Askr;Humeria;Marineford;Seireitei,20000,25000,"45,34064165",2,3
ULISSES,Portocel,Askr;Tahlenwald;Rlyeh,20000,25000,"43,39064165",2,3
ULISSES,Portocel,Askr;Tahlenwald;Dornfall,20000,25000,"43,39064165",2,3
ULISSES,Portocel,Askr;Marineford;Rlyeh,20000,25000,"44,24064165",2,3
ULISSES,Portocel,Askr;Marineford;Dornfall,20000,25000,"44,24064165",2,3
ULISSES,Portocel,Askr;Zuldazar;Rlyeh;Tahlenwald,20000,25000,"44,49064165",2,3
ULISSES,Portocel,Askr;Zuldazar;Rlyeh;Marineford,20000,25000,"45,34064165",2,3
ULISSES,Portocel,Askr;Zuldazar;Dornfall;Tahlenwald,20000,25000,"44,49064165",2,3
ULISSES,Portocel,Askr;Zuldazar;Dornfall;Marineford,20000,25000,"45,34064165",2,3
ULISSES,Portocel,Askr;Zuldazar;Tahlenwald;Promethea,20000,25000,"45,34064165",2,3
ULISSES,Portocel,Askr;Zuldazar;Tahlenwald;Ichoris,20000,25000,"45,34064165",2,3
ULISSES,Portocel,Askr;Zuldazar;Tahlenwald;Seireitei,20000,25000,"45,34064165",2,3
ULISSES,Portocel,Askr;Zuldazar;Marineford;Promethea,20000,25000,"45,34064165",2,3
ULISSES,Portocel,Askr;Zuldazar;Marineford;Ichoris,20000,25000,"45,34064165",2,3
ULISSES,Portocel,Askr;Zuldazar;Marineford;Seireitei,20000,25000,"45,34064165",2,3
ULISSES,Portocel,Tahlenwald;Rlyeh;Humeria;Zuldazar,20000,25000,"44,79064165",2,3
ULISSES,Portocel,Tahlenwald;Rlyeh;Zuldazar;Humeria,20000,25000,"44,79064165",2,3
ULISSES,Portocel,Tahlenwald;Dornfall;Humeria;Zuldazar,20000,25000,"44,79064165",2,3
ULISSES,Portocel,Tahlenwald;Dornfall;Zuldazar;Humeria,20000,25000,"44,79064165",2,3
ULISSES,Portocel,Marineford;Rlyeh;Humeria;Zuldazar,20000,25000,"45,64064165",2,3
ULISSES,Portocel,Marineford;Rlyeh;Zuldazar;Humeria,20000,25000,"45,64064165",2,3
ULISSES,Portocel,Marineford;Dornfall;Humeria;Zuldazar,20000,25000,"45,64064165",2,3
ULISSES,Portocel,Marineford;Dornfall;Zuldazar;Humeria,20000,25000,"45,64064165",2,3
ULISSES,Santos,Askr;Rlyeh;Tahlenwald;Promethea,20000,25000,"45,34064165",2,3
ULISSES,Santos,Askr;Rlyeh;Tahlenwald;Ichoris,20000,25000,"45,34064165",2,3
ULISSES,Santos,Askr;Rlyeh;Tahlenwald;Seireitei,20000,25000,"45,34064165",2,3
ULISSES,Santos,Askr;Rlyeh;Marineford;Promethea,20000,25000,"45,34064165",2,3
ULISSES,Santos,Askr;Rlyeh;Marineford;Ichoris,20000,25000,"45,34064165",2,3
ULISSES,Santos,Askr;Rlyeh;Marineford;Seireitei,20000,25000,"45,34064165",2,3
ULISSES,Santos,Askr;Dornfall;Tahlenwald;Promethea,20000,25000,"45,34064165",2,3
ULISSES,Santos,Askr;Dornfall;Tahlenwald;Ichoris,20000,25000,"45,34064165",2,3
ULISSES,Santos,Askr;Dornfall;Tahlenwald;Seireitei,20000,25000,"45,34064165",2,3
ULISSES,Santos,Askr;Dornfall;Marineford;Promethea,20000,25000,"45,34064165",2,3
ULISSES,Santos,Askr;Dornfall;Marineford;Ichoris,20000,25000,"45,34064165",2,3
ULISSES,Santos,Askr;Dornfall;Marineford;Seireitei,20000,25000,"45,34064165",2,3
ULISSES,Santos,Askr;Humeria;Rlyeh;Tahlenwald,20000,25000,"44,49064165",2,3
ULISSES,Santos,Askr;Humeria;Rlyeh;Marineford,20000,25000,"45,34064165",2,3
ULISSES,Santos,Askr;Humeria;Dornfall;Tahlenwald,20000,25000,"44,49064165",2,3
ULISSES,Santos,Askr;Humeria;Dornfall;Marineford,20000,25000,"45,34064165",2,3
ULISSES,Santos,Askr;Humeria;Tahlenwald;Promethea,20000,25000,"45,34064165",2,3
ULISSES,Santos,Askr;Humeria;Tahlenwald;Ichoris,20000,25000,"45,34064165",2,3
ULISSES,Santos,Askr;Humeria;Tahlenwald;Seireitei,20000,25000,"45,34064165",2,3
ULISSES,Santos,Askr;Humeria;Marineford;Promethea,20000,25000,"45,34064165",2,3
ULISSES,Santos,Askr;Humeria;Marineford;Ichoris,20000,25000,"45,34064165",2,3
ULISSES,Santos,Askr;Humeria;Marineford;Seireitei,20000,25000,"45,34064165",2,3
ULISSES,Santos,Askr;Tahlenwald;Rlyeh,20000,25000,"43,39064165",2,3
ULISSES,Santos,Askr;Tahlenwald;Dornfall,20000,25000,"43,39064165",2,3
ULISSES,Santos,Askr;Marineford;Rlyeh,20000,25000,"44,24064165",2,3
ULISSES,Santos,Askr;Marineford;Dornfall,20000,25000,"44,24064165",2,3
ULISSES,Santos,Askr;Zuldazar;Rlyeh;Tahlenwald,20000,25000,"44,49064165",2,3
ULISSES,Santos,Askr;Zuldazar;Rlyeh;Marineford,20000,25000,"45,34064165",2,3
ULISSES,Santos,Askr;Zuldazar;Dornfall;Tahlenwald,20000,25000,"44,49064165",2,3
ULISSES,Santos,Askr;Zuldazar;Dornfall;Marineford,20000,25000,"45,34064165",2,3
ULISSES,Santos,Askr;Zuldazar;Tahlenwald;Promethea,20000,25000,"45,34064165",2,3
ULISSES,Santos,Askr;Zuldazar;Tahlenwald;Ichoris,20000,25000,"45,34064165",2,3
ULISSES,Santos,Askr;Zuldazar;Tahlenwald;Seireitei,20000,25000,"45,34064165",2,3
ULISSES,Santos,Askr;Zuldazar;Marineford;Promethea,20000,25000,"45,34064165",2,3
ULISSES,Santos,Askr;Zuldazar;Marineford;Ichoris,20000,25000,"45,34064165",2,3
ULISSES,Santos,Askr;Zuldazar;Marineford;Seireitei,20000,25000,"45,34064165",2,3
ULISSES,Santos,Tahlenwald;Rlyeh;Humeria;Zuldazar,20000,25000,"44,79064165",2,3
ULISSES,Santos,Tahlenwald;Rlyeh;Zuldazar;Humeria,20000,25000,"44,79064165",2,3
ULISSES,Santos,Tahlenwald;Dornfall;Humeria;Zuldazar,20000,25000,"44,79064165",2,3
ULISSES,Santos,Tahlenwald;Dornfall;Zuldazar;Humeria,20000,25000,"44,79064165",2,3
ULISSES,Santos,Marineford;Rlyeh;Humeria;Zuldazar,20000,25000,"45,64064165",2,3
ULISSES,Santos,Marineford;Rlyeh;Zuldazar;Humeria,20000,25000,"45,64064165",2,3
ULISSES,Santos,Marineford;Dornfall;Humeria;Zuldazar,20000,25000,"45,64064165",2,3
ULISSES,Santos,Marineford;Dornfall;Zuldazar;Humeria,20000,25000,"45,64064165",2,3
ULISSES,Santos;Portocel,Askr;Rlyeh;Tahlenwald;Promethea,20000,25000,"46,19064165",2,3
ULISSES,Santos;Portocel,Askr;Rlyeh;Tahlenwald;Ichoris,20000,25000,"46,19064165",2,3
ULISSES,Santos;Portocel,Askr;Rlyeh;Tahlenwald;Seireitei,20000,25000,"46,19064165",2,3
ULISSES,Santos;Portocel,Askr;Rlyeh;Marineford;Promethea,20000,25000,"46,19064165",2,3
ULISSES,Santos;Portocel,Askr;Rlyeh;Marineford;Ichoris,20000,25000,"46,19064165",2,3
ULISSES,Santos;Portocel,Askr;Rlyeh;Marineford;Seireitei,20000,25000,"46,19064165",2,3
ULISSES,Santos;Portocel,Askr;Dornfall;Tahlenwald;Promethea,20000,25000,"46,19064165",2,3
ULISSES,Santos;Portocel,Askr;Dornfall;Tahlenwald;Ichoris,20000,25000,"46,19064165",2,3
ULISSES,Santos;Portocel,Askr;Dornfall;Tahlenwald;Seireitei,20000,25000,"46,19064165",2,3
ULISSES,Santos;Portocel,Askr;Dornfall;Marineford;Promethea,20000,25000,"46,19064165",2,3
ULISSES,Santos;Portocel,Askr;Dornfall;Marineford;Ichoris,20000,25000,"46,19064165",2,3
ULISSES,Santos;Portocel,Askr;Dornfall;Marineford;Seireitei,20000,25000,"46,19064165",2,3
ULISSES,Santos;Portocel,Askr;Humeria;Rlyeh;Tahlenwald,20000,25000,"45,34064165",2,3
ULISSES,Santos;Portocel,Askr;Humeria;Rlyeh;Marineford,20000,25000,"46,19064165",2,3
ULISSES,Santos;Portocel,Askr;Humeria;Dornfall;Tahlenwald,20000,25000,"45,34064165",2,3
ULISSES,Santos;Portocel,Askr;Humeria;Dornfall;Marineford,20000,25000,"46,19064165",2,3
ULISSES,Santos;Portocel,Askr;Humeria;Tahlenwald;Promethea,20000,25000,"46,19064165",2,3
ULISSES,Santos;Portocel,Askr;Humeria;Tahlenwald;Ichoris,20000,25000,"46,19064165",2,3
ULISSES,Santos;Portocel,Askr;Humeria;Tahlenwald;Seireitei,20000,25000,"46,19064165",2,3
ULISSES,Santos;Portocel,Askr;Humeria;Marineford;Promethea,20000,25000,"46,19064165",2,3
ULISSES,Santos;Portocel,Askr;Humeria;Marineford;Ichoris,20000,25000,"46,19064165",2,3
ULISSES,Santos;Portocel,Askr;Humeria;Marineford;Seireitei,20000,25000,"46,19064165",2,3
ULISSES,Santos;Portocel,Askr;Tahlenwald;Rlyeh,20000,25000,"44,24064165",2,3
ULISSES,Santos;Portocel,Askr;Tahlenwald;Dornfall,20000,25000,"44,24064165",2,3
ULISSES,Santos;Portocel,Askr;Marineford;Rlyeh,20000,25000,"45,09064165",2,3
ULISSES,Santos;Portocel,Askr;Marineford;Dornfall,20000,25000,"45,09064165",2,3
ULISSES,Santos;Portocel,Askr;Zuldazar;Rlyeh;Tahlenwald,20000,25000,"45,34064165",2,3
ULISSES,Santos;Portocel,Askr;Zuldazar;Rlyeh;Marineford,20000,25000,"46,19064165",2,3
ULISSES,Santos;Portocel,Askr;Zuldazar;Dornfall;Tahlenwald,20000,25000,"45,34064165",2,3
ULISSES,Santos;Portocel,Askr;Zuldazar;Dornfall;Marineford,20000,25000,"46,19064165",2,3
ULISSES,Santos;Portocel,Askr;Zuldazar;Tahlenwald;Promethea,20000,25000,"46,19064165",2,3
ULISSES,Santos;Portocel,Askr;Zuldazar;Tahlenwald;Ichoris,20000,25000,"46,19064165",2,3
ULISSES,Santos;Portocel,Askr;Zuldazar;Tahlenwald;Seireitei,20000,25000,"46,19064165",2,3
ULISSES,Santos;Portocel,Askr;Zuldazar;Marineford;Promethea,20000,25000,"46,19064165",2,3
ULISSES,Santos;Portocel,Askr;Zuldazar;Marineford;Ichoris,20000,25000,"46,19064165",2,3
ULISSES,Santos;Portocel,Askr;Zuldazar;Marineford;Seireitei,20000,25000,"46,19064165",2,3
ULISSES,Santos;Portocel,Tahlenwald;Rlyeh;Humeria;Zuldazar,20000,25000,"45,69064165",2,3
ULISSES,Santos;Portocel,Tahlenwald;Rlyeh;Zuldazar;Humeria,20000,25000,"45,69064165",2,3
ULISSES,Santos;Portocel,Tahlenwald;Dornfall;Humeria;Zuldazar,20000,25000,"45,69064165",2,3
ULISSES,Santos;Portocel,Tahlenwald;Dornfall;Zuldazar;Humeria,20000,25000,"45,69064165",2,3
ULISSES,Santos;Portocel,Marineford;Rlyeh;Humeria;Zuldazar,20000,25000,"46,49064165",2,3
ULISSES,Santos;Portocel,Marineford;Rlyeh;Zuldazar;Humeria,20000,25000,"46,49064165",2,3
ULISSES,Santos;Portocel,Marineford;Dornfall;Humeria;Zuldazar,20000,25000,"46,49064165",2,3
ULISSES,Santos;Portocel,Marineford;Dornfall;Zuldazar;Humeria,20000,25000,"46,49064165",2,3
ULISSES,Portocel,Humeria;Rlyeh;Tahlenwald;Promethea,20000,25000,"45,64064165",2,3
ULISSES,Portocel,Humeria;Rlyeh;Tahlenwald;Ichoris,20000,25000,"45,64064165",2,3
ULISSES,Portocel,Humeria;Rlyeh;Tahlenwald;Seireitei,20000,25000,"45,64064165",2,3
ULISSES,Portocel,Humeria;Rlyeh;Marineford;Promethea,20000,25000,"45,64064165",2,3
ULISSES,Portocel,Humeria;Rlyeh;Marineford;Ichoris,20000,25000,"45,64064165",2,3
ULISSES,Portocel,Humeria;Rlyeh;Marineford;Seireitei,20000,25000,"45,64064165",2,3
ULISSES,Portocel,Humeria;Dornfall;Tahlenwald;Promethea,20000,25000,"45,64064165",2,3
ULISSES,Portocel,Humeria;Dornfall;Tahlenwald;Ichoris,20000,25000,"45,64064165",2,3
ULISSES,Portocel,Humeria;Dornfall;Tahlenwald;Seireitei,20000,25000,"45,64064165",2,3
ULISSES,Portocel,Humeria;Dornfall;Marineford;Promethea,20000,25000,"45,64064165",2,3
ULISSES,Portocel,Humeria;Dornfall;Marineford;Ichoris,20000,25000,"45,64064165",2,3
ULISSES,Portocel,Humeria;Dornfall;Marineford;Seireitei,20000,25000,"45,64064165",2,3
ULISSES,Portocel,Askr;Humeria;Rlyeh;Tahlenwald;Promethea,20000,25000,"47,14064165",2,3
ULISSES,Portocel,Askr;Humeria;Rlyeh;Tahlenwald;Ichoris,20000,25000,"47,14064165",2,3
ULISSES,Portocel,Askr;Humeria;Rlyeh;Tahlenwald;Seireitei,20000,25000,"47,14064165",2,3
ULISSES,Portocel,Askr;Humeria;Rlyeh;Marineford;Promethea,20000,25000,"47,14064165",2,3
ULISSES,Portocel,Askr;Humeria;Rlyeh;Marineford;Ichoris,20000,25000,"47,14064165",2,3
ULISSES,Portocel,Askr;Humeria;Rlyeh;Marineford;Seireitei,20000,25000,"47,14064165",2,3
ULISSES,Portocel,Askr;Humeria;Dornfall;Tahlenwald;Promethea,20000,25000,"47,14064165",2,3
ULISSES,Portocel,Askr;Humeria;Dornfall;Tahlenwald;Ichoris,20000,25000,"47,14064165",2,3
ULISSES,Portocel,Askr;Humeria;Dornfall;Tahlenwald;Seireitei,20000,25000,"47,14064165",2,3
ULISSES,Portocel,Askr;Humeria;Dornfall;Marineford;Promethea,20000,25000,"47,14064165",2,3
ULISSES,Portocel,Askr;Humeria;Dornfall;Marineford;Ichoris,20000,25000,"47,14064165",2,3
ULISSES,Portocel,Askr;Humeria;Dornfall;Marineford;Seireitei,20000,25000,"47,14064165",2,3
ULISSES,Portocel,Askr;Zuldazar;Rlyeh;Tahlenwald;Promethea,20000,25000,"47,14064165",2,3
ULISSES,Portocel,Askr;Zuldazar;Rlyeh;Tahlenwald;Ichoris,20000,25000,"47,14064165",2,3
ULISSES,Portocel,Askr;Zuldazar;Rlyeh;Tahlenwald;Seireitei,20000,25000,"47,14064165",2,3
ULISSES,Portocel,Askr;Zuldazar;Rlyeh;Marineford;Promethea,20000,25000,"47,14064165",2,3
ULISSES,Portocel,Askr;Zuldazar;Rlyeh;Marineford;Ichoris,20000,25000,"47,14064165",2,3
ULISSES,Portocel,Askr;Zuldazar;Rlyeh;Marineford;Seireitei,20000,25000,"47,14064165",2,3
ULISSES,Portocel,Askr;Zuldazar;Dornfall;Tahlenwald;Promethea,20000,25000,"47,14064165",2,3
ULISSES,Portocel,Askr;Zuldazar;Dornfall;Tahlenwald;Ichoris,20000,25000,"47,14064165",2,3
ULISSES,Portocel,Askr;Zuldazar;Dornfall;Tahlenwald;Seireitei,20000,25000,"47,14064165",2,3
ULISSES,Portocel,Askr;Zuldazar;Dornfall;Marineford;Promethea,20000,25000,"47,14064165",2,3
ULISSES,Portocel,Askr;Zuldazar;Dornfall;Marineford;Ichoris,20000,25000,"47,14064165",2,3
ULISSES,Portocel,Askr;Zuldazar;Dornfall;Marineford;Seireitei,20000,25000,"47,14064165",2,3
ULISSES,Portocel,Zuldazar;Rlyeh;Tahlenwald;Promethea,20000,25000,"45,64064165",2,3
ULISSES,Portocel,Zuldazar;Rlyeh;Tahlenwald;Ichoris,20000,25000,"45,64064165",2,3
ULISSES,Portocel,Zuldazar;Rlyeh;Tahlenwald;Seireitei,20000,25000,"45,64064165",2,3
ULISSES,Portocel,Zuldazar;Rlyeh;Marineford;Promethea,20000,25000,"45,64064165",2,3
ULISSES,Portocel,Zuldazar;Rlyeh;Marineford;Ichoris,20000,25000,"45,64064165",2,3
ULISSES,Portocel,Zuldazar;Rlyeh;Marineford;Seireitei,20000,25000,"45,64064165",2,3
ULISSES,Portocel,Zuldazar;Dornfall;Tahlenwald;Promethea,20000,25000,"45,64064165",2,3
ULISSES,Portocel,Zuldazar;Dornfall;Tahlenwald;Ichoris,20000,25000,"45,64064165",2,3
ULISSES,Portocel,Zuldazar;Dornfall;Tahlenwald;Seireitei,20000,25000,"45,64064165",2,3
ULISSES,Portocel,Zuldazar;Dornfall;Marineford;Promethea,20000,25000,"45,64064165",2,3
ULISSES,Portocel,Zuldazar;Dornfall;Marineford;Ichoris,20000,25000,"45,64064165",2,3
ULISSES,Portocel,Zuldazar;Dornfall;Marineford;Seireitei,20000,25000,"45,64064165",2,3
ULISSES,Santos,Humeria;Rlyeh;Tahlenwald;Promethea,20000,25000,"45,64064165",2,3
ULISSES,Santos,Humeria;Rlyeh;Tahlenwald;Ichoris,20000,25000,"45,64064165",2,3
ULISSES,Santos,Humeria;Rlyeh;Tahlenwald;Seireitei,20000,25000,"45,64064165",2,3
ULISSES,Santos,Humeria;Rlyeh;Marineford;Promethea,20000,25000,"45,64064165",2,3
ULISSES,Santos,Humeria;Rlyeh;Marineford;Ichoris,20000,25000,"45,64064165",2,3
ULISSES,Santos,Humeria;Rlyeh;Marineford;Seireitei,20000,25000,"45,64064165",2,3
ULISSES,Santos,Humeria;Dornfall;Tahlenwald;Promethea,20000,25000,"45,64064165",2,3
ULISSES,Santos,Humeria;Dornfall;Tahlenwald;Ichoris,20000,25000,"45,64064165",2,3
ULISSES,Santos,Humeria;Dornfall;Tahlenwald;Seireitei,20000,25000,"45,64064165",2,3
ULISSES,Santos,Humeria;Dornfall;Marineford;Promethea,20000,25000,"45,64064165",2,3
ULISSES,Santos,Humeria;Dornfall;Marineford;Ichoris,20000,25000,"45,64064165",2,3
ULISSES,Santos,Humeria;Dornfall;Marineford;Seireitei,20000,25000,"45,64064165",2,3
ULISSES,Santos,Askr;Humeria;Rlyeh;Tahlenwald;Promethea,20000,25000,"47,14064165",2,3
ULISSES,Santos,Askr;Humeria;Rlyeh;Tahlenwald;Ichoris,20000,25000,"47,14064165",2,3
ULISSES,Santos,Askr;Humeria;Rlyeh;Tahlenwald;Seireitei,20000,25000,"47,14064165",2,3
ULISSES,Santos,Askr;Humeria;Rlyeh;Marineford;Promethea,20000,25000,"47,14064165",2,3
ULISSES,Santos,Askr;Humeria;Rlyeh;Marineford;Ichoris,20000,25000,"47,14064165",2,3
ULISSES,Santos,Askr;Humeria;Rlyeh;Marineford;Seireitei,20000,25000,"47,14064165",2,3
ULISSES,Santos,Askr;Humeria;Dornfall;Tahlenwald;Promethea,20000,25000,"47,14064165",2,3
ULISSES,Santos,Askr;Humeria;Dornfall;Tahlenwald;Ichoris,20000,25000,"47,14064165",2,3
ULISSES,Santos,Askr;Humeria;Dornfall;Tahlenwald;Seireitei,20000,25000,"47,14064165",2,3
ULISSES,Santos,Askr;Humeria;Dornfall;Marineford;Promethea,20000,25000,"47,14064165",2,3
ULISSES,Santos,Askr;Humeria;Dornfall;Marineford;Ichoris,20000,25000,"47,14064165",2,3
ULISSES,Santos,Askr;Humeria;Dornfall;Marineford;Seireitei,20000,25000,"47,14064165",2,3
ULISSES,Santos,Askr;Zuldazar;Rlyeh;Tahlenwald;Promethea,20000,25000,"47,14064165",2,3
ULISSES,Santos,Askr;Zuldazar;Rlyeh;Tahlenwald;Ichoris,20000,25000,"47,14064165",2,3
ULISSES,Santos,Askr;Zuldazar;Rlyeh;Tahlenwald;Seireitei,20000,25000,"47,14064165",2,3
ULISSES,Santos,Askr;Zuldazar;Rlyeh;Marineford;Promethea,20000,25000,"47,14064165",2,3
ULISSES,Santos,Askr;Zuldazar;Rlyeh;Marineford;Ichoris,20000,25000,"47,14064165",2,3
ULISSES,Santos,Askr;Zuldazar;Rlyeh;Marineford;Seireitei,20000,25000,"47,14064165",2,3
ULISSES,Santos,Askr;Zuldazar;Dornfall;Tahlenwald;Promethea,20000,25000,"47,14064165",2,3
ULISSES,Santos,Askr;Zuldazar;Dornfall;Tahlenwald;Ichoris,20000,25000,"47,14064165",2,3
ULISSES,Santos,Askr;Zuldazar;Dornfall;Tahlenwald;Seireitei,20000,25000,"47,14064165",2,3
ULISSES,Santos,Askr;Zuldazar;Dornfall;Marineford;Promethea,20000,25000,"47,14064165",2,3
ULISSES,Santos,Askr;Zuldazar;Dornfall;Marineford;Ichoris,20000,25000,"47,14064165",2,3
ULISSES,Santos,Askr;Zuldazar;Dornfall;Marineford;Seireitei,20000,25000,"47,14064165",2,3
ULISSES,Santos,Zuldazar;Rlyeh;Tahlenwald;Promethea,20000,25000,"45,64064165",2,3
ULISSES,Santos,Zuldazar;Rlyeh;Tahlenwald;Ichoris,20000,25000,"45,64064165",2,3
ULISSES,Santos,Zuldazar;Rlyeh;Tahlenwald;Seireitei,20000,25000,"45,64064165",2,3
ULISSES,Santos,Zuldazar;Rlyeh;Marineford;Promethea,20000,25000,"45,64064165",2,3
ULISSES,Santos,Zuldazar;Rlyeh;Marineford;Ichoris,20000,25000,"45,64064165",2,3
ULISSES,Santos,Zuldazar;Rlyeh;Marineford;Seireitei,20000,25000,"45,64064165",2,3
ULISSES,Santos,Zuldazar;Dornfall;Tahlenwald;Promethea,20000,25000,"45,64064165",2,3
ULISSES,Santos,Zuldazar;Dornfall;Tahlenwald;Ichoris,20000,25000,"45,64064165",2,3
ULISSES,Santos,Zuldazar;Dornfall;Tahlenwald;Seireitei,20000,25000,"45,64064165",2,3
ULISSES,Santos,Zuldazar;Dornfall;Marineford;Promethea,20000,25000,"45,64064165",2,3
ULISSES,Santos,Zuldazar;Dornfall;Marineford;Ichoris,20000,25000,"45,64064165",2,3
ULISSES,Santos,Zuldazar;Dornfall;Marineford;Seireitei,20000,25000,"45,64064165",2,3
ULISSES,Santos;Portocel,Humeria;Rlyeh;Tahlenwald;Promethea,20000,25000,"46,49064165",2,3
ULISSES,Santos;Portocel,Humeria;Rlyeh;Tahlenwald;Ichoris,20000,25000,"46,49064165",2,3
ULISSES,Santos;Portocel,Humeria;Rlyeh;Tahlenwald;Seireitei,20000,25000,"46,49064165",2,3
ULISSES,Santos;Portocel,Humeria;Rlyeh;Marineford;Promethea,20000,25000,"46,49064165",2,3
ULISSES,Santos;Portocel,Humeria;Rlyeh;Marineford;Ichoris,20000,25000,"46,49064165",2,3
ULISSES,Santos;Portocel,Humeria;Rlyeh;Marineford;Seireitei,20000,25000,"46,49064165",2,3
ULISSES,Santos;Portocel,Humeria;Dornfall;Tahlenwald;Promethea,20000,25000,"46,49064165",2,3
ULISSES,Santos;Portocel,Humeria;Dornfall;Tahlenwald;Ichoris,20000,25000,"46,49064165",2,3
ULISSES,Santos;Portocel,Humeria;Dornfall;Tahlenwald;Seireitei,20000,25000,"46,49064165",2,3
ULISSES,Santos;Portocel,Humeria;Dornfall;Marineford;Promethea,20000,25000,"46,49064165",2,3
ULISSES,Santos;Portocel,Humeria;Dornfall;Marineford;Ichoris,20000,25000,"46,49064165",2,3
ULISSES,Santos;Portocel,Humeria;Dornfall;Marineford;Seireitei,20000,25000,"46,49064165",2,3
ULISSES,Santos;Portocel,Askr;Humeria;Rlyeh;Tahlenwald;Promethea,20000,25000,"47,99064165",2,3
ULISSES,Santos;Portocel,Askr;Humeria;Rlyeh;Tahlenwald;Ichoris,20000,25000,"47,99064165",2,3
ULISSES,Santos;Portocel,Askr;Humeria;Rlyeh;Tahlenwald;Seireitei,20000,25000,"47,99064165",2,3
ULISSES,Santos;Portocel,Askr;Humeria;Rlyeh;Marineford;Promethea,20000,25000,"47,99064165",2,3
ULISSES,Santos;Portocel,Askr;Humeria;Rlyeh;Marineford;Ichoris,20000,25000,"47,99064165",2,3
ULISSES,Santos;Portocel,Askr;Humeria;Rlyeh;Marineford;Seireitei,20000,25000,"47,99064165",2,3
ULISSES,Santos;Portocel,Askr;Humeria;Dornfall;Tahlenwald;Promethea,20000,25000,"47,99064165",2,3
ULISSES,Santos;Portocel,Askr;Humeria;Dornfall;Tahlenwald;Ichoris,20000,25000,"47,99064165",2,3
ULISSES,Santos;Portocel,Askr;Humeria;Dornfall;Tahlenwald;Seireitei,20000,25000,"47,99064165",2,3
ULISSES,Santos;Portocel,Askr;Humeria;Dornfall;Marineford;Promethea,20000,25000,"47,99064165",2,3
ULISSES,Santos;Portocel,Askr;Humeria;Dornfall;Marineford;Ichoris,20000,25000,"47,99064165",2,3
ULISSES,Santos;Portocel,Askr;Humeria;Dornfall;Marineford;Seireitei,20000,25000,"47,99064165",2,3
ULISSES,Santos;Portocel,Askr;Zuldazar;Rlyeh;Tahlenwald;Promethea,20000,25000,"47,99064165",2,3
ULISSES,Santos;Portocel,Askr;Zuldazar;Rlyeh;Tahlenwald;Ichoris,20000,25000,"47,99064165",2,3
ULISSES,Santos;Portocel,Askr;Zuldazar;Rlyeh;Tahlenwald;Seireitei,20000,25000,"47,99064165",2,3
ULISSES,Santos;Portocel,Askr;Zuldazar;Rlyeh;Marineford;Promethea,20000,25000,"47,99064165",2,3
ULISSES,Santos;Portocel,Askr;Zuldazar;Rlyeh;Marineford;Ichoris,20000,25000,"47,99064165",2,3
ULISSES,Santos;Portocel,Askr;Zuldazar;Rlyeh;Marineford;Seireitei,20000,25000,"47,99064165",2,3
ULISSES,Santos;Portocel,Askr;Zuldazar;Dornfall;Tahlenwald;Promethea,20000,25000,"47,99064165",2,3
ULISSES,Santos;Portocel,Askr;Zuldazar;Dornfall;Tahlenwald;Ichoris,20000,25000,"47,99064165",2,3
ULISSES,Santos;Portocel,Askr;Zuldazar;Dornfall;Tahlenwald;Seireitei,20000,25000,"47,99064165",2,3
ULISSES,Santos;Portocel,Askr;Zuldazar;Dornfall;Marineford;Promethea,20000,25000,"47,99064165",2,3
ULISSES,Santos;Portocel,Askr;Zuldazar;Dornfall;Marineford;Ichoris,20000,25000,"47,99064165",2,3
ULISSES,Santos;Portocel,Askr;Zuldazar;Dornfall;Marineford;Seireitei,20000,25000,"47,99064165",2,3
ULISSES,Santos;Portocel,Zuldazar;Rlyeh;Tahlenwald;Promethea,20000,25000,"46,49064165",2,3
ULISSES,Santos;Portocel,Zuldazar;Rlyeh;Tahlenwald;Ichoris,20000,25000,"46,49064165",2,3
ULISSES,Santos;Portocel,Zuldazar;Rlyeh;Tahlenwald;Seireitei,20000,25000,"46,49064165",2,3
ULISSES,Santos;Portocel,Zuldazar;Rlyeh;Marineford;Promethea,20000,25000,"46,49064165",2,3
ULISSES,Santos;Portocel,Zuldazar;Rlyeh;Marineford;Ichoris,20000,25000,"46,49064165",2,3
ULISSES,Santos;Portocel,Zuldazar;Rlyeh;Marineford;Seireitei,20000,25000,"46,49064165",2,3
ULISSES,Santos;Portocel,Zuldazar;Dornfall;Tahlenwald;Promethea,20000,25000,"46,49064165",2,3
ULISSES,Santos;Portocel,Zuldazar;Dornfall;Tahlenwald;Ichoris,20000,25000,"46,49064165",2,3
ULISSES,Santos;Portocel,Zuldazar;Dornfall;Tahlenwald;Seireitei,20000,25000,"46,49064165",2,3
ULISSES,Santos;Portocel,Zuldazar;Dornfall;Marineford;Promethea,20000,25000,"46,49064165",2,3
ULISSES,Santos;Portocel,Zuldazar;Dornfall;Marineford;Ichoris,20000,25000,"46,49064165",2,3
ULISSES,Santos;Portocel,Zuldazar;Dornfall;Marineford;Seireitei,20000,25000,"46,49064165",2,3
ULISSES,Portocel,Promethea;Humeria,20000,25000,"43,49064165",2,3
ULISSES,Portocel,Promethea;Zuldazar,20000,25000,"43,49064165",2,3
ULISSES,Portocel,Ichoris;Humeria,20000,25000,"43,49064165",2,3
ULISSES,Portocel,Ichoris;Zuldazar,20000,25000,"43,49064165",2,3
ULISSES,Portocel,Askr;Promethea,20000,25000,"43,14064165",2,3
ULISSES,Portocel,Askr;Ichoris,20000,25000,"43,14064165",2,3
ULISSES,Portocel,Askr;Seireitei,20000,25000,"43,14064165",2,3
ULISSES,Portocel,Seireitei;Humeria,20000,25000,"43,49064165",2,3
ULISSES,Portocel,Seireitei;Zuldazar,20000,25000,"43,49064165",2,3
ULISSES,Santos,Promethea;Humeria,20000,25000,"43,49064165",2,3
ULISSES,Santos,Promethea;Zuldazar,20000,25000,"43,49064165",2,3
ULISSES,Santos,Ichoris;Humeria,20000,25000,"43,49064165",2,3
ULISSES,Santos,Ichoris;Zuldazar,20000,25000,"43,49064165",2,3
ULISSES,Santos,Askr;Promethea,20000,25000,"43,14064165",2,3
ULISSES,Santos,Askr;Ichoris,20000,25000,"43,14064165",2,3
ULISSES,Santos,Askr;Seireitei,20000,25000,"43,14064165",2,3
ULISSES,Santos,Seireitei;Humeria,20000,25000,"43,49064165",2,3
ULISSES,Santos,Seireitei;Zuldazar,20000,25000,"43,49064165",2,3
ULISSES,Santos;Portocel,Promethea;Humeria,20000,25000,"44,34064165",2,3
ULISSES,Santos;Portocel,Promethea;Zuldazar,20000,25000,"44,34064165",2,3
ULISSES,Santos;Portocel,Ichoris;Humeria,20000,25000,"44,34064165",2,3
ULISSES,Santos;Portocel,Ichoris;Zuldazar,20000,25000,"44,34064165",2,3
ULISSES,Santos;Portocel,Askr;Promethea,20000,25000,"44,04064165",2,3
ULISSES,Santos;Portocel,Askr;Ichoris,20000,25000,"44,04064165",2,3
ULISSES,Santos;Portocel,Askr;Seireitei,20000,25000,"44,04064165",2,3
ULISSES,Santos;Portocel,Seireitei;Humeria,20000,25000,"44,34064165",2,3
ULISSES,Santos;Portocel,Seireitei;Zuldazar,20000,25000,"44,34064165",2,3
ULISSES,Portocel,Humeria;Tahlenwald,20000,25000,"42,64064165",2,3
ULISSES,Portocel,Humeria;Marineford,20000,25000,"43,49064165",2,3
ULISSES,Portocel,Askr;Tahlenwald,20000,25000,"42,34064165",2,3
ULISSES,Portocel,Askr;Tahlenwald;Humeria,20000,25000,"43,39064165",2,3
ULISSES,Portocel,Askr;Tahlenwald;Zuldazar,20000,25000,"43,39064165",2,3
ULISSES,Portocel,Askr;Marineford,20000,25000,"43,14064165",2,3
ULISSES,Portocel,Askr;Marineford;Humeria,20000,25000,"44,24064165",2,3
ULISSES,Portocel,Askr;Marineford;Zuldazar,20000,25000,"44,24064165",2,3
ULISSES,Portocel,Zuldazar;Tahlenwald,20000,25000,"42,64064165",2,3
ULISSES,Portocel,Zuldazar;Marineford,20000,25000,"43,49064165",2,3
ULISSES,Santos,Humeria;Tahlenwald,20000,25000,"42,64064165",2,3
ULISSES,Santos,Humeria;Marineford,20000,25000,"43,49064165",2,3
ULISSES,Santos,Askr;Tahlenwald,20000,25000,"42,34064165",2,3
ULISSES,Santos,Askr;Tahlenwald;Humeria,20000,25000,"43,39064165",2,3
ULISSES,Santos,Askr;Tahlenwald;Zuldazar,20000,25000,"43,39064165",2,3
ULISSES,Santos,Askr;Marineford,20000,25000,"43,14064165",2,3
ULISSES,Santos,Askr;Marineford;Humeria,20000,25000,"44,24064165",2,3
ULISSES,Santos,Askr;Marineford;Zuldazar,20000,25000,"44,24064165",2,3
ULISSES,Santos,Zuldazar;Tahlenwald,20000,25000,"42,64064165",2,3
ULISSES,Santos,Zuldazar;Marineford,20000,35000,"43,49064165",2,3
ULISSES,Santos;Portocel,Humeria;Tahlenwald,20000,25000,"43,54064165",2,3
ULISSES,Santos;Portocel,Humeria;Marineford,20000,25000,"44,34064165",2,3
ULISSES,Santos;Portocel,Askr;Tahlenwald,20000,25000,"43,19064165",2,3
ULISSES,Santos;Portocel,Askr;Tahlenwald;Humeria,20000,25000,"44,24064165",2,3
ULISSES,Santos;Portocel,Askr;Tahlenwald;Zuldazar,20000,25000,"44,24064165",2,3
ULISSES,Santos;Portocel,Askr;Marineford,20000,25000,"44,04064165",2,3
ULISSES,Santos;Portocel,Askr;Marineford;Humeria,20000,25000,"45,09064165",2,3
ULISSES,Santos;Portocel,Askr;Marineford;Zuldazar,20000,25000,"45,09064165",2,3
ULISSES,Santos;Portocel,Zuldazar;Tahlenwald,20000,25000,"43,54064165",2,3
ULISSES,Santos;Portocel,Zuldazar;Marineford,20000,25000,"44,34064165",2,3
ULISSES,Portocel,Promethea;Tahlenwald;Humeria,20000,25000,"44,59064165",2,3
ULISSES,Portocel,Promethea;Tahlenwald;Zuldazar,20000,25000,"44,59064165",2,3
ULISSES,Portocel,Promethea;Marineford;Humeria,20000,25000,"44,59064165",2,3
ULISSES,Portocel,Promethea;Marineford;Zuldazar,20000,25000,"44,59064165",2,3
ULISSES,Portocel,Ichoris;Tahlenwald;Humeria,20000,25000,"44,59064165",2,3
ULISSES,Portocel,Ichoris;Tahlenwald;Zuldazar,20000,25000,"44,59064165",2,3
ULISSES,Portocel,Ichoris;Marineford;Humeria,20000,25000,"44,59064165",2,3
ULISSES,Portocel,Ichoris;Marineford;Zuldazar,20000,25000,"44,59064165",2,3
ULISSES,Portocel,Askr;Tahlenwald;Promethea,20000,25000,"44,24064165",2,3
ULISSES,Portocel,Askr;Tahlenwald;Ichoris,20000,25000,"44,24064165",2,3
ULISSES,Portocel,Askr;Tahlenwald;Seireitei,20000,25000,"44,24064165",2,3
ULISSES,Portocel,Askr;Marineford;Promethea,20000,25000,"44,24064165",2,3
ULISSES,Portocel,Askr;Marineford;Ichoris,20000,25000,"44,24064165",2,3
ULISSES,Portocel,Askr;Marineford;Seireitei,20000,25000,"44,24064165",2,3
ULISSES,Portocel,Seireitei;Tahlenwald;Humeria,20000,25000,"44,59064165",2,3
ULISSES,Portocel,Seireitei;Tahlenwald;Zuldazar,20000,25000,"44,59064165",2,3
ULISSES,Portocel,Seireitei;Marineford;Humeria,20000,25000,"44,59064165",2,3
ULISSES,Portocel,Seireitei;Marineford;Zuldazar,20000,25000,"44,59064165",2,3
ULISSES,Santos,Promethea;Tahlenwald;Humeria,20000,25000,"44,59064165",2,3
ULISSES,Santos,Promethea;Tahlenwald;Zuldazar,20000,25000,"44,59064165",2,3
ULISSES,Santos,Promethea;Marineford;Humeria,20000,25000,"44,59064165",2,3
ULISSES,Santos,Promethea;Marineford;Zuldazar,20000,25000,"44,59064165",2,3
ULISSES,Santos,Ichoris;Tahlenwald;Humeria,20000,25000,"44,59064165",2,3
ULISSES,Santos,Ichoris;Tahlenwald;Zuldazar,20000,25000,"44,59064165",2,3
ULISSES,Santos,Ichoris;Marineford;Humeria,20000,25000,"44,59064165",2,3
ULISSES,Santos,Ichoris;Marineford;Zuldazar,20000,25000,"44,59064165",2,3
ULISSES,Santos,Askr;Tahlenwald;Promethea,20000,25000,"44,24064165",2,3
ULISSES,Santos,Askr;Tahlenwald;Ichoris,20000,25000,"44,24064165",2,3
ULISSES,Santos,Askr;Tahlenwald;Seireitei,20000,25000,"44,24064165",2,3
ULISSES,Santos,Askr;Marineford;Promethea,20000,25000,"44,24064165",2,3
ULISSES,Santos,Askr;Marineford;Ichoris,20000,25000,"44,24064165",2,3
ULISSES,Santos,Askr;Marineford;Seireitei,20000,25000,"44,24064165",2,3
ULISSES,Santos,Seireitei;Tahlenwald;Humeria,20000,25000,"44,59064165",2,3
ULISSES,Santos,Seireitei;Tahlenwald;Zuldazar,20000,25000,"44,59064165",2,3
ULISSES,Santos,Seireitei;Marineford;Humeria,20000,25000,"44,59064165",2,3
ULISSES,Santos,Seireitei;Marineford;Zuldazar,20000,25000,"44,59064165",2,3
ULISSES,Santos;Portocel,Promethea;Tahlenwald;Humeria,20000,25000,"45,44064165",2,3
ULISSES,Santos;Portocel,Promethea;Tahlenwald;Zuldazar,20000,25000,"45,44064165",2,3
ULISSES,Santos;Portocel,Promethea;Marineford;Humeria,20000,25000,"45,44064165",2,3
ULISSES,Santos;Portocel,Promethea;Marineford;Zuldazar,20000,25000,"45,44064165",2,3
ULISSES,Santos;Portocel,Ichoris;Tahlenwald;Humeria,20000,25000,"45,44064165",2,3
ULISSES,Santos;Portocel,Ichoris;Tahlenwald;Zuldazar,20000,25000,"45,44064165",2,3
ULISSES,Santos;Portocel,Ichoris;Marineford;Humeria,20000,25000,"45,44064165",2,3
ULISSES,Santos;Portocel,Ichoris;Marineford;Zuldazar,20000,25000,"45,44064165",2,3
ULISSES,Santos;Portocel,Askr;Tahlenwald;Promethea,20000,25000,"45,09064165",2,3
ULISSES,Santos;Portocel,Askr;Tahlenwald;Ichoris,20000,25000,"45,09064165",2,3
ULISSES,Santos;Portocel,Askr;Tahlenwald;Seireitei,20000,25000,"45,09064165",2,3
ULISSES,Santos;Portocel,Askr;Marineford;Promethea,20000,25000,"45,09064165",2,3
ULISSES,Santos;Portocel,Askr;Marineford;Ichoris,20000,25000,"45,09064165",2,3
ULISSES,Santos;Portocel,Askr;Marineford;Seireitei,20000,25000,"45,09064165",2,3
ULISSES,Santos;Portocel,Seireitei;Tahlenwald;Humeria,20000,25000,"45,44064165",2,3
ULISSES,Santos;Portocel,Seireitei;Tahlenwald;Zuldazar,20000,25000,"45,44064165",2,3
ULISSES,Santos;Portocel,Seireitei;Marineford;Humeria,20000,25000,"45,44064165",2,3
ULISSES,Santos;Portocel,Seireitei;Marineford;Zuldazar,20000,25000,"45,44064165",2,3
ULISSES,Portocel,Promethea,20000,25000,"42,44064165",2,3
ULISSES,Portocel,Ichoris,20000,25000,"42,44064165",2,3
ULISSES,Portocel,Seireitei,20000,25000,"42,44064165",2,3
ULISSES,Santos,Promethea,20000,25000,"42,44064165",2,3
ULISSES,Santos,Ichoris,20000,25000,"42,44064165",2,3
ULISSES,Santos,Seireitei,20000,25000,"42,44064165",2,3
ULISSES,Santos;Portocel,Promethea,20000,25000,"43,29064165",2,3
ULISSES,Santos;Portocel,Ichoris,20000,25000,"43,29064165",2,3
ULISSES,Santos;Portocel,Seireitei,20000,25000,"43,29064165",2,3
ULISSES,Portocel,Askr,20000,25000,"39,14064165",2,3
ULISSES,Santos,Askr,20000,25000,"39,14064165",2,3
ULISSES,Santos;Portocel,Askr,20000,25000,"40,04064165",2,3
ULISSES,Itaqui;Portocel;Santos,Kakariko;Termina;Pandora,40000,45000,"57,38727198",1,2
ULISSES,Itaqui;Portocel;Santos,Piscara;Termina;Pandora,40000,45000,"57,38727198",1,2
ULISSES,Portocel;Santos,Kakariko;Termina;Pandora,40000,45000,"51,13727198",1,2
ULISSES,Portocel;Santos,Piscara;Termina;Pandora,40000,45000,"51,13727198",1,2
ULISSES,Portocel;Santos,Savois;Liones,20000,25000,"29,4314158",1,2
ULISSES,Santos,Savois;Liones;Skellige;Resembool,20000,25000,"40,54358134",1,2
ULISSES,Portocel,Tartarus,20000,25000,"26,04968738",1,2
ULISSES,Santos,Tartarus,20000,25000,"26,3009393",1,2
ULISSES,Santos;Portocel,Tartarus,20000,25000,"27,2509393",1,2
ULISSES,Portocel,Tartarus;Prontera,20000,25000,"33,94797947",1,2
ULISSES,Santos,Tartarus;Prontera,20000,25000,"34,1992314",1,2
ULISSES,Santos;Portocel,Tartarus;Prontera,20000,25000,"35,0992314",1,2
ULISSES,Portocel,Tartarus;Liones,20000,25000,"28,5740504",1,2
ULISSES,Portocel,Tartarus;Liones;Nibelheim,20000,25000,"30,29031359",1,2
ULISSES,Portocel,Tartarus;Nibelheim,20000,25000,"29,7371267",1,2
ULISSES,Santos,Tartarus;Liones,20000,25000,"28,84677906",1,2
ULISSES,Santos,Tartarus;Liones;Nibelheim,20000,25000,"30,54130676",1,2
ULISSES,Santos,Tartarus;Nibelheim,20000,25000,"29,98811987",1,2
ULISSES,Santos;Portocel,Tartarus;Liones,20000,25000,"29,79677906",1,2
ULISSES,Santos;Portocel,Tartarus;Liones;Nibelheim,20000,25000,"31,44130676",1,2
ULISSES,Santos;Portocel,Tartarus;Nibelheim,20000,25000,"30,88811987",1,2
ULISSES,Portocel,Tartarus;Liones;Prontera,20000,25000,"34,5249719",1,2
ULISSES,Portocel,Tartarus;Nibelheim;Prontera,20000,25000,"35,53098341",1,2
ULISSES,Santos,Tartarus;Liones;Prontera,20000,25000,"34,77622383",1,2
ULISSES,Santos,Tartarus;Nibelheim;Prontera,20000,25000,"35,78223534",1,2
ULISSES,Santos;Portocel,Tartarus;Liones;Prontera,20000,25000,"35,67622383",1,2
ULISSES,Santos;Portocel,Tartarus;Nibelheim;Prontera,20000,25000,"36,73223534",1,2
ULISSES,Portocel,Skellige;Limoria,35000,45000,"36,41010348",1,2
ULISSES,Portocel,Skellige;Limoria;Prontera,35000,45000,"47,65293325",1,2
ULISSES,Portocel,Skellige;Mondstadt,35000,45000,"36,41010348",1,2
ULISSES,Portocel,Skellige;Mondstadt;Prontera,35000,45000,"47,65552081",1,2
ULISSES,Portocel,Skellige;Prontera,30000,40000,"49,58904541",1,2
ULISSES,Portocel,Limoria;Mondstadt,35000,45000,"36,41010348",1,2
ULISSES,Portocel,Limoria;Mondstadt;Prontera,35000,45000,"47,65707334",1,2
ULISSES,Portocel,Limoria;Prontera,30000,40000,"49,59059795",1,2
ULISSES,Portocel,Mondstadt;Prontera,30000,40000,"49,53807051",1,2
ULISSES,Portocel,Prontera,20000,25000,"33,50323486",1,2
ULISSES,Portocel,Prontera;Skellige,30000,40000,"49,58904541",1,2
ULISSES,Portocel,Prontera;Skellige;Limoria,35000,45000,"47,65138072",1,2
ULISSES,Portocel,Prontera;Skellige;Mondstadt,35000,45000,"47,6749275",1,2
ULISSES,Portocel,Prontera;Limoria,30000,40000,"49,59059795",1,2
ULISSES,Portocel,Prontera;Mondstadt,30000,40000,"49,52668525",1,2
ULISSES,Portocel,Prontera;Mondstadt;Limoria,35000,45000,"47,65707334",1,2
ULISSES,Santos,Skellige;Limoria;Prontera,35000,45000,"47,89823379",1,2
ULISSES,Santos,Skellige;Mondstadt,35000,45000,"36,41010348",1,2
ULISSES,Santos,Skellige;Mondstadt;Prontera,35000,45000,"47,90082135",1,2
ULISSES,Santos,Skellige;Prontera,30000,40000,"49,83434595",1,2
ULISSES,Santos,Limoria;Mondstadt,35000,45000,"36,41010348",1,2
ULISSES,Santos,Limoria;Mondstadt;Prontera,35000,45000,"47,90237389",1,2
ULISSES,Santos,Limoria;Prontera,30000,40000,"49,83589849",1,2
ULISSES,Santos,Mondstadt;Prontera,30000,40000,"49,77819593",1,2
ULISSES,Santos,Prontera,20000,25000,"33,75448679",1,2
ULISSES,Santos,Prontera;Skellige,30000,40000,"49,84029734",1,2
ULISSES,Santos,Prontera;Skellige;Limoria,35000,45000,"47,90263264",1,2
ULISSES,Santos,Prontera;Skellige;Mondstadt,35000,45000,"47,92617943",1,2
ULISSES,Santos,Prontera;Limoria,30000,40000,"49,84184987",1,2
ULISSES,Santos,Prontera;Mondstadt,30000,40000,"49,77793718",1,2
ULISSES,Santos,Prontera;Mondstadt;Limoria,35000,45000,"47,90832527",1,2
ULISSES,Santos;Portocel,Prontera,20000,25000,"34,65448679",1,2
ULISSES,Portocel,Liones,20000,25000,"28,39220173",1,2
ULISSES,Portocel,Liones;Nibelheim,20000,25000,"29,65846492",1,2
ULISSES,Portocel,Nibelheim,20000,25000,"29,50378562",1,2
ULISSES,Santos,Liones,20000,25000,"28,65872025",1,2
ULISSES,Santos,Liones;Nibelheim,20000,25000,"29,90324796",1,2
ULISSES,Santos,Nibelheim,20000,25000,"29,74856865",1,2
ULISSES,Santos;Portocel,Liones,20000,25000,"29,60872025",1,2
ULISSES,Santos;Portocel,Liones;Nibelheim,20000,25000,"30,80324796",1,2
ULISSES,Santos;Portocel,Nibelheim,20000,25000,"30,64856865",1,2
ULISSES,Portocel,Liones;Prontera,20000,25000,"33,89312323",1,2
ULISSES,Portocel,Liones;Nibelheim;Prontera,20000,25000,"35,45232163",1,2
ULISSES,Portocel,Nibelheim;Prontera,20000,25000,"34,84764233",1,2
ULISSES,Santos,Liones;Prontera,20000,25000,"34,13816502",1,2
ULISSES,Santos,Liones;Nibelheim;Prontera,20000,25000,"35,69736342",1,2
ULISSES,Santos,Nibelheim;Prontera,20000,25000,"35,09268411",1,2
ULISSES,Santos;Portocel,Liones;Prontera,20000,25000,"35,03816502",1,2
ULISSES,Santos;Portocel,Liones;Nibelheim;Prontera,20000,25000,"36,64736342",1,2
ULISSES,Santos;Portocel,Nibelheim;Prontera,20000,25000,"35,99268411",1,2
ULISSES,Portocel,Limoria,30000,40000,"38,41010348",1,2
ULISSES,Portocel,Mondstadt,30000,40000,"38,41010348",1,2
ULISSES,Portocel,Mondstadt;Limoria,35000,45000,"36,41010348",1,2
ULISSES,Portocel,Tartarus;Liones;Limoria,30000,40000,"45,85205642",1,2
ULISSES,Portocel,Tartarus;Liones;Mondstadt,30000,40000,"45,78762621",1,2
ULISSES,Portocel,Tartarus;Liones;Mondstadt;Limoria,35000,45000,"43,9180143",1,2
ULISSES,Santos,Limoria,30000,40000,"38,41010348",1,2
ULISSES,Santos,Mondstadt,30000,40000,"38,41010348",1,2
ULISSES,Santos,Mondstadt;Limoria,35000,45000,"36,41010348",1,2
ULISSES,Santos,Tartarus;Liones;Limoria,30000,40000,"45,15330834",1,2
ULISSES,Santos,Tartarus;Liones;Mondstadt,30000,40000,"45,08887814",1,2
ULISSES,Santos,Tartarus;Liones;Mondstadt;Limoria,35000,45000,"43,21926623",1,2
ULISSES,Santos;Portocel,Limoria,30000,40000,"39,36010348",1,2
ULISSES,Santos;Portocel,Mondstadt,30000,40000,"39,36010348",1,2
ULISSES,Santos;Portocel,Mondstadt;Limoria,35000,45000,"37,36010348",1,2
ULISSES,Santos;Portocel,Tartarus;Liones;Limoria,30000,40000,"46,10330834",1,2
ULISSES,Santos;Portocel,Tartarus;Liones;Mondstadt,30000,40000,"46,03887814",1,2
ULISSES,Santos;Portocel,Tartarus;Liones;Mondstadt;Limoria,35000,45000,"44,16926623",1,2
ULISSES,Santos,Gerudo;Azkaban,20000,25000,"30,96793764",1,2
ULISSES,Santos;Portocel,Laputa;Azkaban;Brakmar,20000,25000,"32,80251238",1,2
ULISSES,Portocel,Elzion,20000,25000,"29,74363474",1,2
ULISSES,Santos,Elzion,20000,25000,"29,99152284",1,2
ULISSES,Santos;Portocel,Elzion,20000,25000,"30,89152284",1,2
ULISSES,Portocel,Hyrule;Laputa;Elzion,20000,25000,"32,61258559",1,2
ULISSES,Santos,Hyrule;Laputa;Elzion,20000,25000,"32,86047369",1,2
ULISSES,Santos;Portocel,Hyrule;Laputa;Elzion,20000,25000,"33,81047369",1,2
ULISSES,Portocel,Azkaban;Laputa;Elzion,20000,25000,"31,82689555",1,2
ULISSES,Santos,Azkaban;Laputa;Elzion,20000,25000,"31,87605916",1,2
ULISSES,Santos;Portocel,Azkaban;Laputa;Elzion,20000,25000,"32,82605916",1,2
ULISSES,Portocel,Azkaban;Elzion,20000,25000,"30,06288276",1,2
ULISSES,Santos,Azkaban;Elzion,20000,25000,"30,11204638",1,2
ULISSES,Santos;Portocel,Azkaban;Elzion,20000,25000,"31,01204638",1,2
ULISSES,Portocel,Hyrule;Elzion,20000,25000,"30,7939152",1,2
ULISSES,Santos,Hyrule;Elzion,20000,25000,"31,0418033",1,2
ULISSES,Santos;Portocel,Hyrule;Elzion,20000,25000,"31,9918033",1,2
ULISSES,Portocel,Laputa,20000,25000,"27,88708745",1,2
ULISSES,Santos,Laputa,20000,25000,"28,0925396",1,2
ULISSES,Santos;Portocel,Laputa,20000,25000,"29,0425396",1,2
ULISSES,Portocel,Hyrule;Laputa,20000,25000,"29,31702286",1,2
ULISSES,Santos,Hyrule;Laputa,20000,25000,"29,52868514",1,2
ULISSES,Santos;Portocel,Hyrule;Laputa,20000,25000,"30,47868514",1,2
ULISSES,Portocel,Hyrule;Gerudo;Laputa,20000,25000,"33,52701579",1,2
ULISSES,Santos,Hyrule;Gerudo;Laputa,20000,25000,"33,73867808",1,2
ULISSES,Santos;Portocel,Hyrule;Gerudo;Laputa,20000,25000,"34,63867808",1,2
ULISSES,Portocel,Azkaban;Laputa,20000,25000,"28,53133282",1,2
ULISSES,Santos,Azkaban;Laputa,20000,25000,"28,54427061",1,2
ULISSES,Santos;Portocel,Azkaban;Laputa,20000,25000,"29,49427061",1,2
ULISSES,Portocel,Azkaban;Gerudo;Laputa,20000,25000,"32,79132576",1,2
ULISSES,Santos,Azkaban;Gerudo;Laputa,20000,25000,"32,80426355",1,2
ULISSES,Santos;Portocel,Azkaban;Gerudo;Laputa,20000,25000,"33,70426355",1,2
ULISSES,Portocel,Hyrule,20000,25000,"27,45979785",1,2
ULISSES,Santos,Hyrule,20000,25000,"27,70768595",1,2
ULISSES,Santos;Portocel,Hyrule,20000,25000,"28,65768595",1,2
ULISSES,Portocel,Hyrule;Gerudo,20000,25000,"31,65446406",1,2
ULISSES,Santos,Hyrule;Gerudo,20000,25000,"31,90235217",1,2
ULISSES,Santos;Portocel,Hyrule;Gerudo,20000,25000,"32,85235217",1,2
ULISSES,Portocel,Azkaban,20000,25000,"26,73445804",1,2
ULISSES,Santos,Azkaban,20000,25000,"26,78025783",1,2
ULISSES,Santos;Portocel,Azkaban,20000,25000,"27,68025783",1,2
ULISSES,Portocel,Azkaban;Gerudo,20000,25000,"30,91877403",1,2
ULISSES,Santos,Azkaban;Gerudo,20000,25000,"30,96793764",1,2
ULISSES,Santos;Portocel,Azkaban;Gerudo,20000,25000,"31,86793764",1,2
ULISSES,Portocel,Gerudo,20000,25000,"30,35215541",1,2
ULISSES,Santos,Gerudo,20000,25000,"30,60004352",1,2
ULISSES,Santos;Portocel,Gerudo,20000,25000,"31,50004352",1,2
ULISSES,Portocel,Johto;Philgaia,20000,25000,"23,06206415",1,2
ULISSES,Portocel,Johto;Philgaia;Winhill,20000,25000,"25,36206415",1,2
ULISSES,Portocel,Deeptrench,20000,25000,"21,96206415",1,2
ULISSES,Portocel,Deeptrench;Johto,20000,25000,"23,06206415",1,2
ULISSES,Portocel,Johto,20000,25000,"21,41206415",1,2
ULISSES,Portocel,Philgaia,20000,25000,"21,96206415",1,2
ULISSES,Portocel,Philgaia;Johto,20000,25000,"23,23467824",1,2
ULISSES,Santos,Deeptrench,20000,25000,"21,96206415",1,2
ULISSES,Santos,Deeptrench;Johto,20000,25000,"23,06206415",1,2
ULISSES,Santos,Johto,20000,25000,"21,41206415",1,2
ULISSES,Santos,Philgaia,20000,25000,"21,96206415",1,2
ULISSES,Santos,Philgaia;Johto,20000,25000,"23,06206415",1,2
ULISSES,Santos;Portocel,Deeptrench,20000,25000,"22,86206415",1,2
ULISSES,Santos;Portocel,Johto,20000,25000,"22,31206415",1,2
ULISSES,Santos;Portocel,Philgaia,20000,25000,"22,86206415",1,2
ULISSES,Santos;Portocel,Philgaia;Johto,20000,25000,"23,96206415",1,2
ULISSES,Portocel,Johto;Philgaia;Paldea,20000,25000,"24,26206415",1,2
ULISSES,Portocel,Johto;Besaid;Walden,20000,25000,"23,51206415",1,2
ULISSES,Portocel,Philgaia;Johto;Besaid,20000,25000,"24,86206415",1,2
ULISSES,Portocel,Philgaia;Johto;Walden,20000,25000,"25,26206415",1,2
ULISSES,Portocel,Philgaia;Besaid;Walden,20000,25000,"25,26206415",1,2
ULISSES,Santos,Johto;Besaid;Walden,20000,25000,"23,51206415",1,2
ULISSES,Santos,Philgaia;Johto;Besaid,20000,25000,"24,86206415",1,2
ULISSES,Santos,Philgaia;Johto;Walden,20000,25000,"25,26206415",1,2
ULISSES,Santos,Philgaia;Besaid;Walden,20000,25000,"25,26206415",1,2
ULISSES,Santos;Portocel,Johto;Besaid;Walden,20000,25000,"24,31206415",1,2
ULISSES,Santos;Portocel,Philgaia;Johto;Besaid,20000,25000,"25,61206415",1,2
ULISSES,Santos;Portocel,Philgaia;Johto;Walden,20000,25000,"26,01206415",1,2
ULISSES,Santos;Portocel,Philgaia;Besaid;Walden,20000,25000,"26,01206415",1,2
ULISSES,Portocel,Alabasta;Besaid,20000,25000,"21,56206415",1,2
ULISSES,Portocel,Alabasta;Besaid;Valisthea,20000,25000,"27,46206415",1,2
ULISSES,Portocel,Besaid;Alabasta;Walden,20000,25000,"25,11206415",1,2
ULISSES,Portocel,Besaid;Walden;Alabasta,20000,25000,"25,06206415",1,2
ULISSES,Portocel,Besaid;Paldea,20000,25000,"21,56206415",1,2
ULISSES,Portocel,Walden;Besaid,20000,25000,"21,56206415",1,2
ULISSES,Portocel,Besaid,20000,25000,"20,56206415",1,2
ULISSES,Portocel,Besaid;Noctis,20000,25000,"24,16206415",1,2
ULISSES,Portocel,Besaid;Noctis;Walden,20000,25000,"25,11206415",1,2
ULISSES,Portocel,Besaid;Walden,20000,25000,"21,56206415",1,2
ULISSES,Portocel,Noctis,20000,25000,"22,56206415",1,2
ULISSES,Portocel,Walden,20000,25000,"20,91206415",1,2
ULISSES,Portocel,Walden;Noctis,20000,25000,"24,46206415",1,2
ULISSES,Santos,Besaid,20000,25000,"20,56206415",1,2
ULISSES,Santos,Besaid;Noctis,20000,25000,"24,16206415",1,2
ULISSES,Santos,Besaid;Noctis;Walden,20000,25000,"25,11206415",1,2
ULISSES,Santos,Besaid;Walden,20000,25000,"21,56206415",1,2
ULISSES,Santos,Noctis,20000,25000,"22,56206415",1,2
ULISSES,Santos,Walden,20000,25000,"20,91206415",1,2
ULISSES,Santos,Walden;Noctis,20000,25000,"24,46206415",1,2
ULISSES,Santos;Portocel,Besaid,20000,25000,"21,36206415",1,2
ULISSES,Santos;Portocel,Besaid;Noctis,20000,25000,"24,96206415",1,2
ULISSES,Santos;Portocel,Besaid;Noctis;Walden,20000,25000,"25,91206415",1,2
ULISSES,Santos;Portocel,Besaid;Walden,20000,25000,"22,36206415",1,2
ULISSES,Santos;Portocel,Noctis,20000,25000,"23,36206415",1,2
ULISSES,Santos;Portocel,Walden,20000,25000,"21,71206415",1,2
ULISSES,Santos;Portocel,Walden;Noctis,20000,25000,"25,26206415",1,2
AHAB,Portocel;Santos,Savois;Mondstadt;Resembool;Valyria;Mythra;Jadehold,53000,54500,"74,93172185",1,2
AHAB,Itaqui;Santos,Rocabar;Midgar;Rlyeh,53000,54500,"74,56618701",2,3
AHAB,Portocel,Lochbar;Zuldazar;Rlyeh,53000,54500,"62,55201965",2,3
AHAB,Portocel,Nassauia;Askr;Konoha,53000,54500,"60,5660446",2,3
AHAB,Portocel,Nassauia;Zuldazar;Askr;Konoha;Rlyeh,53000,54500,"63,08767901",2,3
AHAB,Portocel,Tahlenwald;Dirtmouth;Rlyeh,53000,54500,"62,45024052",2,3
AHAB,Portocel,Tahlenwald;Dirtmouth;Promethea;Seireitei;Ulthar,53000,54500,"65,26276658",2,3
AHAB,Portocel,Tahlenwald;Dirtmouth;Seireitei;Ulthar,53000,54500,"64,04651383",2,3
AHAB,Portocel,Dirtmouth;Tahlenwald;Deliora,53000,54500,"63,53250652",2,3
AHAB,Portocel,Marineford;Deliora;Rlyeh,53000,54500,"63,82617956",2,3
AHAB,Portocel,Lothlorien;Rlyeh;Bethlehem,53000,54500,"84,95024088",2,3
AHAB,Portocel,Zuldazar;Rlyeh;Lochbar,53000,54500,"62,55201965",2,3
AHAB,Portocel,Zuldazar;Askr;Konoha,53000,54500,"61,81125302",2,3
AHAB,Portocel,Zuldazar;Askr;Konoha;Rlyeh,53000,54500,"61,62503391",2,3
AHAB,Portocel,Zuldazar;Nassauia;Askr;Konoha,53000,54500,"61,74056181",2,3
AHAB,Portocel,Zuldazar;Nassauia;Askr;Konoha;Rlyeh,53000,54500,"63,08767901",2,3
AHAB,Portocel,Zuldazar;Tahlenwald;Rlyeh,53000,54500,"62,02768868",2,3
AHAB,Santos,Nassauia;Askr;Konoha,53000,54500,"61,41891536",2,3
AHAB,Santos,Klunheim;Konoha;Morrowind;Kandor,53000,54500,"69,58751002",2,3
AHAB,Santos,Klunheim;Lothlorien;Konoha,53000,54500,"61,16441815",2,3
AHAB,Santos,Klunheim;Zuldazar,53000,54500,"56,154292",2,3
AHAB,Santos,Klunheim;Zuldazar;Rlyeh,53000,54500,"61,17780961",2,3
AHAB,Santos,Tahlenwald;Dirtmouth;Rlyeh,53000,54500,"63,30311128",2,3
AHAB,Santos,Dirtmouth;Tahlenwald;Deliora,53000,54500,"64,38537728",2,3
AHAB,Santos,Marineford;Deliora;Rlyeh,53000,54500,"64,67905032",2,3
AHAB,Santos,Lothlorien;Rlyeh;Bethlehem,53000,54500,"61,62539043",2,3
AHAB,Santos,Lothlorien;Rlyeh;Bethlehem;Lochbar,53000,54500,"64,52050831",2,3
AHAB,Santos,Lothlorien;Konoha;Morrowind;Kandor,53000,54500,"69,92619292",2,3
AHAB,Santos,Lothlorien;Konoha;Klunheim,53000,54500,"61,16441815",2,3
AHAB,Santos,Zuldazar,53000,54500,"55,28626524",2,3
AHAB,Santos,Zuldazar;Lothlorien;Konoha,53000,54500,"61,67476967",2,3
AHAB,Santos;Portocel,Nassauia;Askr;Konoha,53000,54500,"63,50834551",2,3
AHAB,Santos;Portocel,Tahlenwald;Dirtmouth;Rlyeh,53000,54500,"65,34391757",2,3
AHAB,Santos;Portocel,Dirtmouth;Tahlenwald;Deliora,53000,54500,"66,47480742",2,3
AHAB,Santos;Portocel,Marineford;Deliora;Rlyeh,53000,54500,"66,76848047",2,3
AHAB,Santos;Portocel,Lothlorien;Rlyeh;Bethlehem,53000,54500,"63,71666044",2,3
AHAB,Portocel,Konoha;Rlyeh,53000,54500,"59,33390787",2,3
AHAB,Santos,Konoha;Rlyeh,53000,54500,"60,18628571",2,3
AHAB,Santos;Portocel,Konoha;Rlyeh,53000,54500,"62,27571585",2,3
AHAB,Itaqui,Tahlenwald;Rlyeh,53000,54500,"64,85284441",2,3
AHAB,Portocel,Tahlenwald;Rlyeh,53000,54500,"60,8521856",2,3
AHAB,Portocel,Tahlenwald;Rlyeh;Bethlehem,53000,54500,"62,08978038",2,3
AHAB,Portocel,Tahlenwald;Konoha,53000,54500,"60,76044249",2,3
AHAB,Portocel,Marineford;Rlyeh,53000,54500,"62,26677968",2,3
AHAB,Portocel,Marineford;Tahlenwald;Rlyeh,53000,54500,"63,71410216",2,3
AHAB,Portocel;Itaqui,Tahlenwald;Rlyeh,53000,54500,"67,86236046",2,3
AHAB,Santos,Tahlenwald;Rlyeh,53000,54500,"61,7055493",2,3
AHAB,Santos,Tahlenwald;Rlyeh;Bethlehem,53000,54500,"62,94485898",2,3
AHAB,Santos,Tahlenwald;Konoha,53000,54500,"61,61380618",2,3
AHAB,Santos,Marineford;Rlyeh,53000,54500,"63,11915751",2,3
AHAB,Santos,Marineford;Tahlenwald;Rlyeh,53000,54500,"64,56697293",2,3
AHAB,Santos;Itaqui,Tahlenwald;Rlyeh,53000,54500,"69,02274816",2,3
AHAB,Santos;Portocel,Tahlenwald;Rlyeh,53000,54500,"63,54348037",2,3
AHAB,Santos;Portocel,Tahlenwald;Rlyeh;Bethlehem,53000,54500,"65,03612899",2,3
AHAB,Santos;Portocel,Tahlenwald;Konoha,53000,54500,"63,45173725",2,3
AHAB,Santos;Portocel,Marineford;Rlyeh,53000,54500,"65,16045673",2,3
AHAB,Santos;Portocel,Marineford;Tahlenwald;Rlyeh,53000,54500,"66,60827215",2,3
AHAB,Portocel,Tahlenwald;Promethea;Rlyeh,53000,54500,"62,32683844",2,3
AHAB,Portocel,Tahlenwald;Seireitei;Rlyeh,53000,54500,"62,83920225",2,3
AHAB,Santos,Tahlenwald;Promethea;Rlyeh,53000,54500,"63,18020213",2,3
AHAB,Santos,Tahlenwald;Seireitei;Rlyeh,53000,54500,"63,69158008",2,3
AHAB,Santos;Portocel,Tahlenwald;Promethea;Rlyeh,53000,54500,"65,22100842",2,3
AHAB,Santos;Portocel,Tahlenwald;Seireitei;Rlyeh,53000,54500,"65,73238637",2,3
AHAB,Itaqui,Tahlenwald;Marineford,53000,54500,"66,3681367",2,3
AHAB,Portocel,Tahlenwald,53000,54500,"59,60625955",2,3
AHAB,Portocel,Tahlenwald;Marineford,53000,54500,"62,36797082",2,3
AHAB,Portocel,Marineford,53000,54500,"61,01838897",2,3
AHAB,Portocel;Itaqui,Tahlenwald;Marineford,53000,54500,"69,37814568",2,3
AHAB,Santos,Tahlenwald,53000,54500,"60,45863738",2,3
AHAB,Santos,Tahlenwald;Marineford,53000,54500,"63,22084159",2,3
AHAB,Santos,Marineford,53000,54500,"61,87027388",2,3
AHAB,Santos;Itaqui,Tahlenwald;Marineford,53000,54500,"70,53853338",2,3
AHAB,Santos;Portocel,Tahlenwald,53000,54500,"62,54806753",2,3
AHAB,Santos;Portocel,Tahlenwald;Marineford,53000,54500,"65,26214081",2,3
AHAB,Santos;Portocel,Marineford,53000,54500,"63,96019695",2,3
AHAB,Itaqui,Tahlenwald;Seireitei,53000,54500,"65,49175799",2,3
AHAB,Portocel,Tahlenwald;Promethea,53000,54500,"61,08091238",2,3
AHAB,Portocel,Tahlenwald;Promethea;Seireitei,53000,54500,"62,65774222",2,3
AHAB,Portocel,Tahlenwald;Seireitei,53000,54500,"61,49159212",2,3
AHAB,Portocel,Marineford;Seireitei,53000,54500,"62,69788875",2,3
AHAB,Portocel;Itaqui,Tahlenwald;Seireitei,53000,54500,"68,50127405",2,3
AHAB,Santos,Tahlenwald;Promethea,53000,54500,"61,93329022",2,3
AHAB,Santos,Tahlenwald;Seireitei,53000,54500,"62,34446288",2,3
AHAB,Santos,Marineford;Seireitei,53000,54500,"63,54977365",2,3
AHAB,Santos;Itaqui,Tahlenwald;Seireitei,53000,54500,"69,66116882",2,3
AHAB,Santos;Portocel,Tahlenwald;Promethea,53000,54500,"63,97458944",2,3
AHAB,Santos;Portocel,Tahlenwald;Promethea;Seireitei,53000,54500,"65,55092635",2,3
AHAB,Santos;Portocel,Tahlenwald;Seireitei,53000,54500,"64,38477624",2,3
AHAB,Santos;Portocel,Marineford;Seireitei,53000,54500,"65,59107287",2,3
AHAB,Itaqui,Askr;Zuldazar,53000,54500,"60,42261714",2,3
AHAB,Itaqui,Zuldazar,53000,54500,"58,43356035",2,3
AHAB,Portocel,Askr;Zuldazar,53000,54500,"56,39600925",2,3
AHAB,Portocel,Zuldazar;Nassauia,53000,54500,"55,94614222",2,3
AHAB,Portocel;Itaqui,Askr;Zuldazar,53000,54500,"63,43213319",2,3
AHAB,Portocel;Itaqui,Zuldazar,53000,54500,"61,4430764",2,3
AHAB,Santos,Askr;Zuldazar,53000,54500,"57,27433617",2,3
AHAB,Santos,Zuldazar;Nassauia,53000,54500,"56,79852005",2,3
AHAB,Santos;Itaqui,Askr;Zuldazar,53000,54500,"64,59202796",2,3
AHAB,Santos;Itaqui,Zuldazar,53000,54500,"62,60297117",2,3
AHAB,Santos;Portocel,Askr;Zuldazar,53000,54500,"59,31563539",2,3
AHAB,Santos;Portocel,Zuldazar;Nassauia,53000,54500,"58,8879502",2,3
AHAB,Itaqui,Askr;Rlyeh,53000,54500,"62,73896248",2,3
AHAB,Itaqui,Zuldazar;Rlyeh,53000,54500,"63,55925496",2,3
AHAB,Portocel,Askr;Rlyeh,53000,54500,"58,68820103",2,3
AHAB,Portocel,Askr;Konoha,53000,54500,"58,59645792",2,3
AHAB,Portocel,Askr;Konoha;Rlyeh,53000,54500,"59,95343371",2,3
AHAB,Portocel,Askr;Zuldazar;Rlyeh,53000,54500,"60,01746254",2,3
AHAB,Portocel,Askr;Zuldazar;Konoha,53000,54500,"59,92571942",2,3
AHAB,Portocel,Zuldazar;Rlyeh,53000,54500,"59,58225678",2,3
AHAB,Portocel,Zuldazar;Konoha,53000,54500,"59,4678389",2,3
AHAB,Portocel;Itaqui,Askr;Rlyeh,53000,54500,"65,74749268",2,3
AHAB,Portocel;Itaqui,Zuldazar;Rlyeh,53000,54500,"66,56877101",2,3
AHAB,Santos,Askr;Rlyeh,53000,54500,"59,54205766",2,3
AHAB,Santos,Askr;Konoha,53000,54500,"59,45031454",2,3
AHAB,Santos,Askr;Konoha;Rlyeh,53000,54500,"60,79792467",2,3
AHAB,Santos,Askr;Zuldazar;Rlyeh,53000,54500,"60,8703333",2,3
AHAB,Santos,Askr;Zuldazar;Konoha,53000,54500,"60,77859018",2,3
AHAB,Santos,Zuldazar;Rlyeh,53000,54500,"60,41195985",2,3
AHAB,Santos,Zuldazar;Rlyeh;Bethlehem,53000,54500,"61,64830121",2,3
AHAB,Santos,Zuldazar;Konoha,53000,54500,"60,32021673",2,3
AHAB,Santos,Zuldazar;Lothlorien;Rlyeh,53000,54500,"61,61866951",2,3
AHAB,Santos;Itaqui,Askr;Rlyeh,53000,54500,"66,90837331",2,3
AHAB,Santos;Itaqui,Zuldazar;Rlyeh,53000,54500,"67,72965164",2,3
AHAB,Santos;Portocel,Askr;Rlyeh,53000,54500,"61,63099487",2,3
AHAB,Santos;Portocel,Askr;Konoha,53000,54500,"61,53925175",2,3
AHAB,Santos;Portocel,Askr;Konoha;Rlyeh,53000,54500,"62,88784774",2,3
AHAB,Santos;Portocel,Askr;Zuldazar;Rlyeh,53000,54500,"63,05158893",2,3
AHAB,Santos;Portocel,Askr;Zuldazar;Konoha,53000,54500,"62,97315491",2,3
AHAB,Santos;Portocel,Zuldazar;Rlyeh,53000,54500,"62,50138999",2,3
AHAB,Santos;Portocel,Zuldazar;Konoha,53000,54500,"62,40964687",2,3
AHAB,Itaqui;Portocel,Askr;Konoha;Seireitei;Ulthar,53000,54500,"69,26821989",2,3
AHAB,Portocel,Askr;Rlyeh;Seireitei,53000,54500,"61,23324776",2,3
AHAB,Portocel,Askr;Konoha;Seireitei,53000,54500,"61,14150464",2,3
AHAB,Portocel,Askr;Zuldazar;Nassauia,53000,54500,"58,08846451",2,3
AHAB,Santos,Askr;Rlyeh;Seireitei,53000,54500,"62,08611852",2,3
AHAB,Santos,Askr;Konoha;Seireitei,53000,54500,"61,9943754",2,3
AHAB,Santos,Askr;Zuldazar;Nassauia,53000,54500,"58,9894662",2,3
AHAB,Santos;Portocel,Askr;Rlyeh;Seireitei,53000,54500,"64,1760416",2,3
AHAB,Santos;Portocel,Askr;Konoha;Seireitei,53000,54500,"64,08429848",2,3
AHAB,Santos;Portocel,Askr;Zuldazar;Nassauia,53000,54500,"61,03027249",2,3
AHAB,Portocel,Zuldazar;Konoha;Rlyeh,53000,54500,"60,86308702",2,3
AHAB,Santos,Zuldazar;Konoha;Rlyeh,53000,54500,"61,71595778",2,3
AHAB,Portocel,Nassauia;Rlyeh,53000,54500,"59,8442594",2,3
AHAB,Santos,Nassauia;Rlyeh,53000,54500,"60,6961443",2,3
AHAB,Santos;Portocel,Nassauia;Rlyeh,53000,54500,"62,78606738",2,3
AHAB,Portocel,Lochbar;Rlyeh,53000,54500,"60,96879443",2,3
AHAB,Santos,Lochbar;Rlyeh,53000,54500,"61,82117226",2,3
AHAB,Santos;Portocel,Lochbar;Rlyeh,53000,54500,"63,91109533",2,3
AHAB,Itaqui;Portocel;Santos,Kakariko;Termina;Tahlenwald,53000,54500,"131,19724",2,3
AHAB,Itaqui;Santos,Kakariko;Termina;Tahlenwald,53000,54500,"128,7629311",2,3
AHAB,Portocel;Santos,Piscara;Termina;Tahlenwald,53000,54500,"99,79506264",2,3
AHAB,Itaqui;Santos,Midgar;Cairhien;Rlyeh,53000,54500,"75,75038891",2,3
AHAB,Itaqui;Santos,Midgar;Cairhien;Askr;Tahlenwald,53000,54500,"77,84211563",2,3
AHAB,Itaqui;Santos,Midgar;Cairhien;Tahlenwald,53000,54500,"77,07868996",2,3
AHAB,Portocel,Midgar;Rlyeh,53000,54500,"66,09769721",2,3
AHAB,Portocel,Midgar;Klunheim;Zuldazar;Rlyeh,53000,54500,"68,24143233",2,3
AHAB,Portocel,Midgar;Tahlenwald;Rlyeh,53000,54500,"68,62034288",2,3
AHAB,Portocel,Midgar;Zuldazar;Rlyeh,53000,54500,"67,37537728",2,3
AHAB,Santos,Midgar;Rlyeh,53000,54500,"66,94859625",2,3
AHAB,Santos,Midgar;Ivalice;Rlyeh,53000,54500,"64,74904087",2,3
AHAB,Santos,Midgar;Ivalice;Kandor,53000,54500,"49,3736794",2,3
AHAB,Santos,Midgar;Ivalice;Kandor;Morrowind,53000,54500,"54,55304554",2,3
AHAB,Santos,Midgar;Klunheim;Zuldazar;Rlyeh,53000,54500,"69,09430309",2,3
AHAB,Santos,Midgar;Tahlenwald;Rlyeh,53000,54500,"69,47272071",2,3
AHAB,Santos,Midgar;Zuldazar;Rlyeh,53000,54500,"68,22824805",2,3
AHAB,Santos,Midgar;Zuldazar;Konoha;Rlyeh,53000,54500,"65,76555463",2,3
AHAB,Santos;Itaqui,Midgar;Cairhien;Rlyeh,53000,54500,"75,75038891",2,3
AHAB,Santos;Itaqui,Midgar;Cairhien;Askr;Tahlenwald,53000,54500,"77,84211563",2,3
AHAB,Santos;Itaqui,Midgar;Cairhien;Tahlenwald,53000,54500,"77,07868996",2,3
AHAB,Santos;Portocel,Midgar;Rlyeh,53000,54500,"68,98989548",2,3
AHAB,Santos;Portocel,Midgar;Klunheim;Zuldazar;Rlyeh,53000,54500,"71,13510939",2,3
AHAB,Santos;Portocel,Midgar;Tahlenwald;Rlyeh,53000,54500,"71,56215086",2,3
AHAB,Santos;Portocel,Midgar;Zuldazar;Rlyeh,53000,54500,"70,31767819",2,3
AHAB,Santos,Zuldazar;Askr;Pausen,53000,54500,"65,17235089",2,3
AHAB,Portocel,Nassauia;Pausen,53000,54500,"65,61435825",2,3
AHAB,Santos,Nassauia;Pausen,53000,54500,"64,15117008",2,3
AHAB,Santos;Portocel,Nassauia;Pausen,53000,54500,"66,24060022",2,3
AHAB,Itaqui,Greywatch;Rlyeh,53000,54500,"67,6291773",2,3
AHAB,Itaqui,Vancross;Rlyeh,53000,54500,"67,83372066",2,3
AHAB,Portocel,Greywatch;Rlyeh,53000,54500,"70,28318126",2,3
AHAB,Portocel,Vancross;Rlyeh,53000,54500,"70,48772462",2,3
AHAB,Santos,Greywatch;Rlyeh,53000,54500,"69,01697844",2,3
AHAB,Santos,Vancross;Rlyeh,53000,54500,"69,2215218",2,3
AHAB,Itaqui,Greywatch;Tahlenwald,53000,54500,"68,40109111",2,3
AHAB,Itaqui,Tahlenwald;Greywatch,53000,54500,"70,29828895",2,3
AHAB,Itaqui,Tahlenwald;Vancross,53000,54500,"70,45539058",2,3
AHAB,Itaqui,Vancross;Tahlenwald,53000,54500,"68,55701062",2,3
AHAB,Portocel,Greywatch;Tahlenwald,53000,54500,"71,00588017",2,3
AHAB,Portocel,Tahlenwald;Greywatch,53000,54500,"71,67286255",2,3
AHAB,Portocel,Tahlenwald;Vancross,53000,54500,"71,82878206",2,3
AHAB,Portocel,Vancross;Tahlenwald,53000,54500,"71,21160564",2,3
AHAB,Santos,Greywatch;Tahlenwald,53000,54500,"69,78889226",2,3
AHAB,Santos,Tahlenwald;Greywatch,53000,54500,"70,20211637",2,3
AHAB,Santos,Tahlenwald;Vancross,53000,54500,"70,40784185",2,3
AHAB,Santos,Vancross;Tahlenwald,53000,54500,"69,94540282",2,3
AHAB,Santos,Piscara,53000,54500,"46,43540266",1,2
AHAB,Santos,Piscara;Azural;Rivenspire,53000,54500,"56,86905527",1,2
AHAB,Itaqui,Alabasta;Besaid;Paldea;Tuxara,53000,54500,"37,42555959",1,2
AHAB,Itaqui,Besaid;Alabasta;Tuxara,53000,54500,"32,77958576",1,2
AHAB,Itaqui,Besaid;Alabasta;Tuxara;Paldea,53000,54500,"36,6744632",1,2
AHAB,Itaqui,Noctis;Alabasta;Besaid;Paldea;Tuxara,53000,54500,"39,28405193",1,2
AHAB,Itaqui,Noctis;Alabasta;Besaid;Paldea;Valisthea,53000,54500,"39,36830828",1,2
AHAB,Itaqui,Noctis;Alabasta;Paldea;Tuxara,53000,54500,"36,74356861",1,2
AHAB,Itaqui,Tuxara;Alabasta;Besaid,53000,54500,"29,79329577",1,2
AHAB,Itaqui,Tuxara;Alabasta;Besaid;Paldea,53000,54500,"32,3988175",1,2
AHAB,Portocel;Itaqui,Noctis;Alabasta;Tuxara,53000,54500,"40,51004413",1,2
AHAB,Itaqui;Santos,Piscara;Termina;Greywatch,53000,54500,"48,492464",1,2
AHAB,Itaqui;Santos,Piscara;Termina;Pandora,53000,54500,"50,419397",1,2
AHAB,Portocel;Santos,Piscara;Termina;Pandora,53000,54500,"48,6113355",1,2
AHAB,Portocel,Midgar,53000,54500,"44,59734595",1,2
AHAB,Portocel,Midgar;Cairhien,53000,54500,"46,12521418",1,2
AHAB,Portocel,Mythra;Jadehold,53000,54500,"53,66215767",1,2
AHAB,Santos,Midgar,53000,54500,"45,49372434",1,2
AHAB,Santos,Midgar;Ivalice,53000,54500,"44,4499583",1,2
AHAB,Santos,Mythra;Jadehold,53000,54500,"55,85755917",1,2
AHAB,Santos;Portocel,Midgar,53000,54500,"47,53107559",1,2
AHAB,Santos;Portocel,Midgar;Cairhien,53000,54500,"49,05894381",1,2
AHAB,Santos;Portocel,Mythra;Jadehold,53000,54500,"57,29026168",1,2
AHAB,Santos;Portocel,Midgar;Mythra,53000,54500,"65,15767659",1,2
AHAB,Portocel;Santos,Mythra;Jadehold;Valyria;Resembool;Mondstadt,53000,54500,"63,65413304",1,2
AHAB,Santos,Valyria;Mythra;Jadehold,53000,54500,"57,71377189",1,2
AHAB,Santos,Mythra;Jadehold;Valyria;Resembool,53000,54500,"59,0074446",1,2
AHAB,Santos,Mythra;Jadehold;Valyria;Savois,53000,54500,"65,50985099",1,2
AHAB,Santos,Mythra;Jadehold;Savois,53000,54500,"57,52231014",1,2
AHAB,Santos,Resembool;Mythra;Jadehold;Valyria,53000,54500,"59,0074446",1,2
AHAB,Santos;Portocel,Mythra;Jadehold;Valyria;Resembool;Mondstadt,53000,54500,"63,65413304",1,2
AHAB,Portocel,Midgar;Mythra;Resembool,53000,54500,"58,64179889",1,2
AHAB,Portocel,Midgar;Cairhien;Mythra;Valyria;Resembool,53000,54500,"60,75512111",1,2
AHAB,Portocel,Midgar;Cairhien;Ivalice;Mythra;Valyria;Resembool,53000,54500,"67,43920778",1,2
AHAB,Portocel,Midgar;Ivalice;Mythra;Valyria;Resembool,53000,54500,"60,71785299",1,2
AHAB,Portocel;Santos,Midgar;Ivalice;Mythra;Valyria;Resembool,53000,54500,"64,28305303",1,2
AHAB,Santos,Midgar;Mythra;Resembool,53000,54500,"60,16273629",1,2
AHAB,Santos,Midgar;Cairhien;Mythra;Valyria;Resembool,53000,54500,"62,22743466",1,2
AHAB,Santos,Midgar;Cairhien;Ivalice;Mythra;Valyria;Resembool,53000,54500,"68,96014518",1,2
AHAB,Santos,Midgar;Ivalice;Mythra;Valyria;Resembool,53000,54500,"62,23879039",1,2
AHAB,Santos;Portocel,Midgar;Mythra;Resembool,53000,54500,"62,25509085",1,2
AHAB,Santos;Portocel,Midgar;Cairhien;Mythra;Valyria;Resembool,53000,54500,"64,2716973",1,2
AHAB,Santos;Portocel,Midgar;Cairhien;Ivalice;Mythra;Valyria;Resembool,53000,54500,"71,00387589",1,2
AHAB,Santos;Portocel,Midgar;Ivalice;Mythra;Valyria;Resembool,53000,54500,"64,28305303",1,2
AHAB,Santos;Portocel,Midgar;Ivalice;Mythra;Valyria;Resembool;Limoria;Mondstadt,53000,54500,"68,3642665",1,2
AHAB,Itaqui,Tartarus;Liones;Savois,53000,54500,"32,52875978",1,2
AHAB,Itaqui,Tartarus;Savois;Liones,53000,54500,"33,02560734",1,2
AHAB,Itaqui;Portocel;Santos,Tartarus;Liones;Nibelheim,53000,54500,"44,38058199",1,2
AHAB,Portocel,Savois;Liones;Skellige;Resembool,53000,54500,"48,54043535",1,2
AHAB,Portocel,Savois;Liones;Nibelheim;Skellige;Resembool,53000,54500,"49,71578501",1,2
AHAB,Portocel,Savois;Liones;Nibelheim;Prontera;Valyria,53000,54500,"51,10221223",1,2
AHAB,Portocel,Savois;Prontera,53000,54500,"42,58696824",1,2
AHAB,Portocel,Tartarus;Savois;Liones;Nibelheim;Prontera,53000,54500,"46,797689",1,2
AHAB,Santos,Skellige;Resembool;Valyria;Liones;Savois,53000,54500,"55,34371948",1,2
AHAB,Santos,Skellige;Resembool;Valyria;Savois,53000,54500,"53,8924227",1,2
AHAB,Santos,Mondstadt;Skellige;Resembool;Valyria;Savois,53000,54500,"53,4800131",1,2
AHAB,Santos,Savois;Liones;Skellige;Resembool,53000,54500,"51,02876288",1,2
AHAB,Santos,Savois;Liones;Nibelheim;Skellige;Resembool,53000,54500,"52,2037801",1,2
AHAB,Santos,Savois;Liones;Nibelheim;Prontera;Valyria,53000,54500,"53,68961733",1,2
AHAB,Santos,Savois;Prontera,53000,54500,"45,06990285",1,2
AHAB,Santos,Tartarus;Savois;Liones;Nibelheim;Prontera,53000,54500,"49,31628378",1,2
AHAB,Santos;Itaqui,Tartarus;Liones,53000,54500,"41,59038964",1,2
AHAB,Santos;Portocel,Mondstadt;Skellige;Resembool;Valyria,53000,54500,"51,79672738",1,2
AHAB,Santos;Portocel,Mondstadt;Skellige;Resembool;Valyria;Savois,53000,54500,"54,91454403",1,2
AHAB,Santos;Portocel,Savois;Liones;Skellige;Resembool,53000,54500,"52,46413971",1,2
AHAB,Santos;Portocel,Savois;Liones;Nibelheim;Skellige;Resembool,53000,54500,"53,63790472",1,2
AHAB,Santos;Portocel,Savois;Liones;Nibelheim;Prontera;Valyria,53000,54500,"55,07768613",1,2
AHAB,Santos;Portocel,Savois;Prontera,53000,54500,"46,50417155",1,2
AHAB,Santos;Portocel,Tartarus;Savois;Liones;Nibelheim;Prontera,53000,54500,"50,76330627",1,2
AHAB,Itaqui,Tartarus;Aeusserst;Liones,53000,54500,"32,8293834",1,2
AHAB,Itaqui,Tartarus;Aeusserst;Savois;Liones,53000,54500,"34,593848",1,2
AHAB,Santos;Itaqui,Tartarus;Aeusserst;Liones,53000,54500,"42,36981052",1,2
AHAB,Santos;Portocel,Tartarus;Liones;Aeusserst,53000,54500,"40,91350044",1,2
AHAB,Santos;Portocel,Tartarus;Aeusserst;Liones,53000,54500,"40,75413336",1,2
AHAB,Santos;Itaqui,Tartarus;Liones;Prontera,53000,54500,"48,47355669",1,2
AHAB,Itaqui,Hyrule;Azkaban,53000,54500,"30,9878987",1,2
AHAB,Itaqui,Gerudo;Raumor;Elzion,53000,54500,"43,38961795",1,2
AHAB,Itaqui,Azkaban;Hyrule,53000,54500,"30,9878987",1,2
AHAB,Itaqui,Azkaban;Hyrule;Brakmar,53000,54500,"34,77336802",1,2
AHAB,Itaqui,Azkaban;Hyrule;Laputa,53000,54500,"33,89004432",1,2
AHAB,Itaqui,Azkaban;Laputa,53000,54500,"31,1998964",1,2
AHAB,Itaqui,Azkaban;Raumor,53000,54500,"38,27417446",1,2
AHAB,Itaqui,Azkaban;Raumor;Elzion,53000,54500,"40,92922618",1,2
AHAB,Itaqui,Laputa;Azkaban,53000,54500,"31,58464946",1,2
AHAB,Itaqui,Laputa;Azkaban;Raumor,53000,54500,"40,95518018",1,2
AHAB,Portocel,Gerudo;Raumor;Elzion,53000,54500,"47,82781492",1,2
AHAB,Portocel,Azkaban;Elzion;Laputa,53000,54500,"39,70495106",1,2
AHAB,Portocel,Azkaban;Raumor,53000,54500,"42,90213722",1,2
AHAB,Portocel,Azkaban;Raumor;Elzion,53000,54500,"45,51419053",1,2
AHAB,Portocel,Laputa;Brakmar,53000,54500,"38,40188351",1,2
AHAB,Portocel,Laputa;Elzion,53000,54500,"37,57490866",1,2
AHAB,Portocel,Laputa;Azkaban;Hyrule;Elzion;Brakmar,53000,54500,"44,50994833",1,2
AHAB,Portocel,Laputa;Azkaban;Elzion,53000,54500,"39,38735417",1,2
AHAB,Portocel,Laputa;Azkaban;Raumor,53000,54500,"45,28284621",1,2
AHAB,Portocel;Santos,Gerudo;Azkaban;Elzion;Laputa,53000,54500,"43,68430855",1,2
AHAB,Santos,Brakmar,53000,54500,"43,10982088",1,2
AHAB,Santos,Brakmar;Elzion,53000,54500,"45,721818",1,2
AHAB,Santos,Gerudo;Raumor;Elzion,53000,54500,"50,26911696",1,2
AHAB,Santos,Elzion,53000,54500,"56,66414479",1,2
AHAB,Santos,Azkaban;Raumor,53000,54500,"44,94661783",1,2
AHAB,Santos,Azkaban;Raumor;Elzion,53000,54500,"47,61014577",1,2
AHAB,Santos,Laputa;Brakmar,53000,54500,"40,84687004",1,2
AHAB,Santos,Laputa;Elzion,53000,54500,"40,01730733",1,2
AHAB,Santos,Laputa;Azkaban;Hyrule;Elzion;Brakmar,53000,54500,"46,89776788",1,2
AHAB,Santos,Laputa;Azkaban;Elzion,53000,54500,"41,7779638",1,2
AHAB,Santos,Laputa;Azkaban;Raumor,53000,54500,"47,82019499",1,2
AHAB,Santos;Itaqui,Laputa;Azkaban,53000,54500,"41,52315735",1,2
AHAB,Santos;Itaqui,Laputa;Azkaban;Hyrule,53000,54500,"43,670983",1,2
AHAB,Santos;Portocel,Gerudo;Azkaban;Elzion;Laputa,53000,54500,"43,94820856",1,2
AHAB,Santos;Portocel,Gerudo;Raumor;Elzion,53000,54500,"51,5965012",1,2
AHAB,Santos;Portocel,Azkaban;Raumor,53000,54500,"46,37410419",1,2
AHAB,Santos;Portocel,Azkaban;Raumor;Elzion,53000,54500,"48,98916777",1,2
AHAB,Santos;Portocel,Laputa;Brakmar,53000,54500,"42,22264664",1,2
AHAB,Santos;Portocel,Laputa;Elzion,53000,54500,"41,39197571",1,2
AHAB,Santos;Portocel,Laputa;Azkaban;Elzion,53000,54500,"43,20419793",1,2
AHAB,Santos;Portocel,Laputa;Azkaban;Raumor,53000,54500,"48,98975185",1,2
AHAB,Portocel,Azkaban;Elzion,53000,54500,"36,55702208",1,2
AHAB,Portocel,Laputa;Azkaban;Hyrule;Brakmar,53000,54500,"42,25048706",1,2
AHAB,Portocel,Laputa;Azkaban;Hyrule;Elzion;Brakmar;Gerudo,53000,54500,"48,84358378",1,2
AHAB,Portocel,Laputa;Azkaban;Elzion;Brakmar,53000,54500,"41,67846295",1,2
AHAB,Portocel,Laputa;Azkaban;Elzion;Brakmar;Gerudo,53000,54500,"46,06443932",1,2
AHAB,Portocel,Laputa;Azkaban;Elzion;Gerudo,53000,54500,"42,6531138",1,2
AHAB,Santos,Azkaban;Elzion,53000,54500,"38,60856812",1,2
AHAB,Santos,Azkaban;Elzion;Laputa,53000,54500,"41,8114922",1,2
AHAB,Santos,Laputa;Azkaban;Hyrule;Brakmar,53000,54500,"44,6436326",1,2
AHAB,Santos,Laputa;Azkaban;Hyrule;Elzion;Brakmar;Gerudo,53000,54500,"51,23500682",1,2
AHAB,Santos,Laputa;Azkaban;Elzion;Brakmar,53000,54500,"44,02101152",1,2
AHAB,Santos,Laputa;Azkaban;Elzion;Brakmar;Gerudo,53000,54500,"48,45621323",1,2
AHAB,Santos,Laputa;Azkaban;Elzion;Gerudo,53000,54500,"45,09063616",1,2
AHAB,Santos;Portocel,Azkaban;Elzion,53000,54500,"39,99157188",1,2
AHAB,Santos;Portocel,Azkaban;Elzion;Laputa,53000,54500,"43,23674569",1,2
AHAB,Santos;Portocel,Laputa;Azkaban;Hyrule;Brakmar,53000,54500,"46,06955185",1,2
AHAB,Santos;Portocel,Laputa;Azkaban;Hyrule;Elzion;Brakmar,53000,54500,"48,43227432",1,2
AHAB,Santos;Portocel,Laputa;Azkaban;Hyrule;Elzion;Brakmar;Gerudo,53000,54500,"52,66092607",1,2
AHAB,Santos;Portocel,Laputa;Azkaban;Elzion;Brakmar,53000,54500,"45,39678812",1,2
AHAB,Santos;Portocel,Laputa;Azkaban;Elzion;Brakmar;Gerudo,53000,54500,"49,88314502",1,2
AHAB,Santos;Portocel,Laputa;Azkaban;Elzion;Gerudo,53000,54500,"46,41658499",1,2
AHAB,Portocel,Laputa;Azkaban,53000,54500,"35,69537339",1,2
AHAB,Santos,Laputa;Azkaban,53000,54500,"38,02013524",1,2
AHAB,Santos;Portocel,Laputa;Azkaban,53000,54500,"39,35347435",1,2
AHAB,Itaqui,Azkaban,53000,54500,"28,52658945",1,2
AHAB,Portocel,Azkaban,53000,54500,"33,27702233",1,2
AHAB,Portocel;Itaqui,Azkaban,53000,54500,"35,90704093",1,2
AHAB,Santos,Azkaban,53000,54500,"35,38024993",1,2
AHAB,Santos;Itaqui,Azkaban,53000,54500,"37,98965931",1,2
AHAB,Santos;Portocel,Azkaban,53000,54500,"36,95713483",1,2
AHAB,Itaqui,Azkaban;Gerudo,53000,54500,"32,35689351",1,2
AHAB,Portocel,Azkaban;Gerudo,53000,54500,"37,07567989",1,2
AHAB,Portocel,Azkaban;Gerudo;Laputa,53000,54500,"40,03372348",1,2
AHAB,Portocel;Itaqui,Azkaban;Gerudo,53000,54500,"39,73888372",1,2
AHAB,Santos,Azkaban;Gerudo,53000,54500,"39,21445669",1,2
AHAB,Santos,Azkaban;Gerudo;Laputa,53000,54500,"42,11447666",1,2
AHAB,Santos;Itaqui,Azkaban;Gerudo,53000,54500,"41,82386607",1,2
AHAB,Portocel,Gerudo;Elzion,53000,54500,"38,86529802",1,2
AHAB,Santos,Gerudo;Elzion,53000,54500,"41,35643223",1,2
AHAB,Santos;Portocel,Gerudo;Elzion,53000,54500,"42,52777949",1,2
AHAB,Portocel,Gerudo;Azkaban;Elzion,53000,54500,"40,02248558",1,2
AHAB,Santos,Gerudo;Azkaban;Elzion,53000,54500,"42,41048828",1,2
AHAB,Santos;Portocel,Gerudo;Azkaban;Elzion,53000,54500,"43,73408121",1,2
AHAB,Itaqui;Portocel,Philgaia;Winhill;Ishgard;Johto,53000,54500,"43,81032728",1,2
AHAB,Portocel;Itaqui,Johto;Deeptrench;Philgaia;Ishgard,53000,54500,"38,1872014",1,2
AHAB,Portocel;Itaqui,Ishgard;Winhill;Deeptrench;Johto,53000,54500,"39,932636",1,2
AHAB,Itaqui,Deeptrench;Johto,53000,54500,"23,80116539",1,2
AHAB,Itaqui,Philgaia;Johto,53000,54500,"25,43947965",1,2
AHAB,Itaqui,Ishgard;Deeptrench;Johto,53000,54500,"28,10543839",1,2
AHAB,Itaqui,Ishgard;Winhill,53000,54500,"25,7415101",1,2
AHAB,Itaqui;Portocel,Ishgard;Philgaia;Winhill;Johto,53000,54500,"39,25339123",1,2
AHAB,Portocel,Deeptrench,53000,54500,"27,38399383",1,2
AHAB,Portocel,Deeptrench;Winhill,53000,54500,"30,77610138",1,2
AHAB,Portocel,Deeptrench;Winhill;Johto,53000,54500,"34,28829165",1,2
AHAB,Portocel,Johto,53000,54500,"27,236019",1,2
AHAB,Portocel,Philgaia,53000,54500,"29,33530987",1,2
AHAB,Portocel,Philgaia;Winhill;Johto,53000,54500,"35,59684973",1,2
AHAB,Portocel,Winhill,53000,54500,"33,99274076",1,2
AHAB,Portocel;Itaqui,Deeptrench;Ishgard;Philgaia;Johto,53000,54500,"40,37113841",1,2
AHAB,Portocel;Itaqui,Johto;Philgaia;Deeptrench;Ishgard,53000,54500,"38,73712436",1,2
AHAB,Portocel;Itaqui,Philgaia;Deeptrench;Johto,53000,54500,"36,71634513",1,2
AHAB,Portocel;Itaqui,Philgaia;Johto,53000,54500,"34,15944539",1,2
AHAB,Portocel;Itaqui,Philgaia;Winhill;Johto,53000,54500,"37,35126946",1,2
AHAB,Portocel;Itaqui,Philgaia;Winhill;Johto;Ishgard,53000,54500,"43,17939848",1,2
AHAB,Portocel;Itaqui,Ishgard;Philgaia;Deeptrench;Johto,53000,54500,"38,55348428",1,2
AHAB,Portocel;Itaqui,Ishgard;Philgaia;Winhill;Johto,53000,54500,"39,25339123",1,2
AHAB,Santos,Deeptrench,53000,54500,"29,50008286",1,2
AHAB,Santos,Deeptrench;Johto,53000,54500,"32,79117556",1,2
AHAB,Santos,Philgaia,53000,54500,"31,63213054",1,2
AHAB,Santos;Portocel,Deeptrench,53000,54500,"30,82610184",1,2
AHAB,Santos;Portocel,Deeptrench;Johto,53000,54500,"34,28273419",1,2
AHAB,Santos;Portocel,Philgaia,53000,54500,"33,08993591",1,2
AHAB,Santos;Portocel,Philgaia;Johto,53000,54500,"36,63288727",1,2
AHAB,Portocel;Itaqui,Philgaia;Winhill;Ishgard;Johto,53000,54500,"43,81032728",1,2
AHAB,Portocel,Alabasta;Besaid;Johto,53000,54500,"41,21239022",1,2
AHAB,Portocel,Philgaia;Besaid;Alabasta,53000,54500,"41,64070851",1,2
AHAB,Portocel,Philgaia;Johto;Alabasta,53000,54500,"41,12885854",1,2
AHAB,Portocel,Philgaia;Johto;Paldea,53000,54500,"38,60278572",1,2
AHAB,Itaqui,Tarbean;Alabasta;Valisthea,53000,54500,"31,58097032",1,2
AHAB,Itaqui,Alabasta;Tarbean,53000,54500,"31,22678182",1,2
AHAB,Itaqui,Alabasta;Altissia;Besaid;Paldea,53000,54500,"35,6011898",1,2
AHAB,Itaqui,Alabasta;Besaid,53000,54500,"29,66681766",1,2
AHAB,Portocel,Alabasta;Altissia;Besaid,53000,54500,"40,47205114",1,2
AHAB,Portocel,Noctis;Alabasta;Besaid,53000,54500,"39,27071876",1,2
AHAB,Portocel;Itaqui,Tarbean;Alabasta;Besaid;Paldea,53000,54500,"42,29807391",1,2
AHAB,Portocel;Itaqui,Tarbean;Alabasta;Paldea,53000,54500,"39,97550572",1,2
AHAB,Portocel;Itaqui,Alabasta;Altissia;Besaid;Paldea,53000,54500,"44,3709714",1,2
AHAB,Portocel;Itaqui,Alabasta;Walden;Besaid;Paldea,53000,54500,"43,93447034",1,2
AHAB,Portocel;Itaqui,Alabasta;Walden;Noctis;Besaid;Paldea,53000,54500,"48,33868485",1,2
AHAB,Santos,Alabasta;Besaid,53000,54500,"39,37435636",1,2
AHAB,Itaqui,Tarbean,53000,54500,"24,05724297",1,2
AHAB,Itaqui,Tarbean;Alabasta;Besaid;Paldea,53000,54500,"33,83620353",1,2
AHAB,Itaqui,Tarbean;Besaid,53000,54500,"26,79234243",1,2
AHAB,Itaqui,Tarbean;Noctis,53000,54500,"27,67660283",1,2
AHAB,Itaqui,Tarbean;Paldea,53000,54500,"27,00496431",1,2
AHAB,Itaqui,Alabasta;Besaid;Paldea,53000,54500,"32,52683373",1,2
AHAB,Itaqui,Alabasta;Besaid;Paldea;Noctis,53000,54500,"37,30760437",1,2
AHAB,Itaqui,Alabasta;Walden;Besaid,53000,54500,"31,9713654",1,2
AHAB,Itaqui,Ironfall;Alabasta;Besaid;Paldea,53000,54500,"30,73707846",1,2
AHAB,Itaqui,Noctis;Alabasta;Paldea,53000,54500,"32,20173635",1,2
AHAB,Itaqui,Noctis;Besaid;Paldea,53000,54500,"29,22643543",1,2
AHAB,Portocel,Tarbean,53000,54500,"31,04907244",1,2
AHAB,Portocel,Tarbean;Alabasta;Besaid;Paldea,53000,54500,"40,82348959",1,2
AHAB,Portocel,Tarbean;Paldea,53000,54500,"33,95116067",1,2
AHAB,Portocel,Alabasta,53000,54500,"34,05193877",1,2
AHAB,Portocel,Alabasta;Besaid;Paldea,53000,54500,"40,57286997",1,2
AHAB,Portocel,Alabasta;Walden;Besaid,53000,54500,"39,52335274",1,2
AHAB,Portocel,Besaid,53000,54500,"32,0559",1,2
AHAB,Portocel,Besaid;Walden,53000,54500,"35,9980913",1,2
AHAB,Portocel,Besaid;Paldea,53000,54500,"35,19738183",1,2
AHAB,Portocel,Walden;Besaid;Paldea,53000,54500,"39,21086548",1,2
AHAB,Portocel,Walden;Paldea,53000,54500,"36,56761428",1,2
AHAB,Portocel;Itaqui,Alabasta;Walden;Besaid,53000,54500,"40,82414588",1,2
AHAB,Portocel;Itaqui,Ironfall;Alabasta;Besaid;Paldea,53000,54500,"39,00813346",1,2
AHAB,Portocel;Itaqui,Besaid;Walden,53000,54500,"37,57469643",1,2
AHAB,Portocel;Itaqui,Noctis;Alabasta,53000,54500,"37,53444769",1,2
AHAB,Portocel;Itaqui,Walden;Besaid;Paldea,53000,54500,"40,7023726",1,2
AHAB,Santos,Tarbean;Alabasta;Besaid;Paldea,53000,54500,"42,93770694",1,2
AHAB,Santos,Alabasta;Walden;Besaid,53000,54500,"41,67875969",1,2
AHAB,Santos,Besaid,53000,54500,"34,32966909",1,2
AHAB,Santos,Besaid;Walden,53000,54500,"38,11104173",1,2
AHAB,Santos,Besaid;Paldea,53000,54500,"37,49450928",1,2
AHAB,Santos,Walden,53000,54500,"35,31416053",1,2
AHAB,Santos,Walden;Besaid;Paldea,53000,54500,"41,56302806",1,2
AHAB,Santos,Walden;Paldea,53000,54500,"38,87218997",1,2
AHAB,Santos;Itaqui,Alabasta;Walden;Besaid,53000,54500,"43,05142705",1,2
AHAB,Santos;Portocel,Tarbean;Alabasta;Besaid;Paldea,53000,54500,"44,36826656",1,2
AHAB,Santos;Portocel,Alabasta;Walden;Besaid,53000,54500,"43,15471191",1,2
AHAB,Santos;Portocel,Alabasta;Walden;Besaid;Paldea,53000,54500,"46,42298369",1,2
AHAB,Santos;Portocel,Besaid,53000,54500,"35,89686643",1,2
AHAB,Santos;Portocel,Besaid;Walden,53000,54500,"39,88441627",1,2
AHAB,Santos;Portocel,Besaid;Paldea,53000,54500,"39,06145903",1,2
AHAB,Santos;Portocel,Walden,53000,54500,"36,88400958",1,2
AHAB,Santos;Portocel,Walden;Besaid;Paldea,53000,54500,"43,13270575",1,2
AHAB,Santos;Portocel,Walden;Paldea,53000,54500,"40,43980442",1,2
AHAB,Itaqui,Vancross,53000,54500,"41,3208269",1,2
AHAB,Portocel,Vancross,53000,54500,"47,9716741",1,2
AHAB,Santos,Vancross,53000,54500,"50,0265086",1,2
AHAB,Santos;Portocel,Vancross,53000,54500,"51,45545176",1,2
SINBAD,Itaqui;Santos,Rocabar;Midgar;Rlyeh,55000,59000,"52,13175943",2,3
SINBAD,Portocel,Rlyeh,55000,59000,"47,25240028",2,3
SINBAD,Portocel,Nassauia;Konoha;Rlyeh,55000,59000,"40,56866257",2,3
SINBAD,Portocel,Tahlenwald;Promethea;Seireitei,55000,59000,"42,3884266",2,3
SINBAD,Portocel,Tahlenwald;Seireitei;Promethea,55000,59000,"42,63711371",2,3
SINBAD,Portocel,Tahlenwald;Dirtmouth,55000,59000,"40,319347",2,3
SINBAD,Portocel,Tahlenwald;Dirtmouth;Promethea;Seireitei;Ulthar,55000,59000,"43,8795414",2,3
SINBAD,Portocel,Tahlenwald;Dirtmouth;Seireitei;Ulthar,55000,59000,"42,98995735",2,3
SINBAD,Portocel,Dirtmouth;Tahlenwald;Deliora,55000,59000,"42,87921695",2,3
SINBAD,Portocel,Konoha;Rlyeh,55000,59000,"39,9606339",2,3
SINBAD,Portocel,Marineford;Deliora;Rlyeh,55000,59000,"43,53773111",2,3
SINBAD,Portocel,Zuldazar;Rlyeh;Lochbar,55000,59000,"45,60027879",2,3
SINBAD,Portocel,Zuldazar;Askr;Konoha,55000,59000,"43,40973468",2,3
SINBAD,Portocel,Zuldazar;Askr;Konoha;Rlyeh,55000,59000,"41,60363793",2,3
SINBAD,Portocel,Zuldazar;Nassauia;Rlyeh,55000,59000,"40,6362684",2,3
SINBAD,Portocel,Zuldazar;Nassauia;Askr;Konoha,55000,59000,"41,51496993",2,3
SINBAD,Portocel,Zuldazar;Nassauia;Askr;Konoha;Rlyeh,55000,59000,"42,19977636",2,3
SINBAD,Portocel;Santos,Nassauia;Rlyeh,55000,59000,"42,21369324",2,3
SINBAD,Portocel;Santos,Tahlenwald;Rlyeh;Bethlehem,55000,59000,"45,47827853",2,3
SINBAD,Portocel;Santos,Tahlenwald;Dirtmouth,55000,59000,"42,78499707",2,3
SINBAD,Santos,Rlyeh,55000,59000,"48,36502382",2,3
SINBAD,Santos,Nassauia;Rlyeh,55000,59000,"40,65212997",2,3
SINBAD,Santos,Nassauia;Rlyeh;Bethlehem;Morrowind;Kandor,55000,59000,"50,87945838",2,3
SINBAD,Santos,Nassauia;Konoha;Rlyeh,55000,59000,"41,48215109",2,3
SINBAD,Santos,Nassauia;Lothlorien;Rlyeh;Bethlehem;Morrowind;Kandor,55000,59000,"51,114573",2,3
SINBAD,Santos,Klunheim;Konoha;Morrowind;Kandor,55000,59000,"49,83852634",2,3
SINBAD,Santos,Klunheim;Lothlorien;Konoha,55000,59000,"42,22850873",2,3
SINBAD,Santos,Klunheim;Zuldazar;Rlyeh,55000,59000,"42,54955792",2,3
SINBAD,Santos,Tahlenwald;Promethea;Seireitei,55000,59000,"43,32071854",2,3
SINBAD,Santos,Tahlenwald;Seireitei;Promethea,55000,59000,"43,56940565",2,3
SINBAD,Santos,Tahlenwald;Morrowind;Kandor,55000,59000,"50,64297997",2,3
SINBAD,Santos,Tahlenwald;Klunheim;Morrowind;Kandor,55000,59000,"51,24943145",2,3
SINBAD,Santos,Tahlenwald;Dirtmouth,55000,59000,"41,22343381",2,3
SINBAD,Santos,Dirtmouth;Rlyeh;Bethlehem;Morrowind,55000,59000,"48,8091544",2,3
SINBAD,Santos,Dirtmouth;Tahlenwald;Deliora,55000,59000,"43,78147336",2,3
SINBAD,Santos,Konoha;Rlyeh,55000,59000,"40,87773645",2,3
SINBAD,Santos,Marineford;Deliora;Rlyeh,55000,59000,"44,44181792",2,3
SINBAD,Santos,Lothlorien;Rlyeh;Morrowind;Kandor,55000,59000,"49,51375926",2,3
SINBAD,Santos,Lothlorien;Rlyeh;Klunheim;Morrowind;Kandor,55000,59000,"50,18785311",2,3
SINBAD,Santos,Lothlorien;Rlyeh;Bethlehem,55000,59000,"42,85587971",2,3
SINBAD,Santos,Lothlorien;Rlyeh;Bethlehem;Lochbar,55000,59000,"47,21051818",2,3
SINBAD,Santos,Lothlorien;Rlyeh;Bethlehem;Morrowind;Kandor,55000,59000,"50,76039664",2,3
SINBAD,Santos,Lothlorien;Konoha;Morrowind;Kandor,55000,59000,"49,48780518",2,3
SINBAD,Santos,Lothlorien;Konoha;Klunheim,55000,59000,"42,58695752",2,3
SINBAD,Santos,Lothlorien;Konoha;Klunheim;Morrowind;Kandor,55000,59000,"50,11489048",2,3
SINBAD,Santos,Zuldazar;Lothlorien;Konoha,55000,59000,"41,53091898",2,3
SINBAD,Santos;Portocel,Rlyeh,55000,59000,"50,27421838",2,3
SINBAD,Santos;Portocel,Nassauia;Rlyeh,55000,59000,"42,31369324",2,3
SINBAD,Santos;Portocel,Nassauia;Konoha;Rlyeh,55000,59000,"43,14188395",2,3
SINBAD,Santos;Portocel,Klunheim;Askr;Konoha;Rlyeh,55000,59000,"44,28581946",2,3
SINBAD,Santos;Portocel,Tahlenwald;Promethea;Seireitei,55000,59000,"44,96164798",2,3
SINBAD,Santos;Portocel,Tahlenwald;Seireitei;Promethea,55000,59000,"45,2103351",2,3
SINBAD,Santos;Portocel,Tahlenwald;Dirtmouth,55000,59000,"42,88499707",2,3
SINBAD,Santos;Portocel,Tahlenwald;Konoha;Bethlehem,55000,59000,"45,48085527",2,3
SINBAD,Santos;Portocel,Dirtmouth;Tahlenwald;Deliora,55000,59000,"45,44303662",2,3
SINBAD,Santos;Portocel,Konoha;Rlyeh,55000,59000,"42,52312877",2,3
SINBAD,Santos;Portocel,Marineford;Deliora;Rlyeh,55000,59000,"46,10155078",2,3
SINBAD,Santos;Portocel,Zuldazar;Nassauia;Rlyeh,55000,59000,"43,20948978",2,3
SINBAD,Itaqui;Portocel,Askr;Konoha;Marineford;Promethea,55000,59000,"48,37248358",2,3
SINBAD,Itaqui;Portocel,Askr;Konoha;Marineford;Seireitei,55000,59000,"48,37248358",2,3
SINBAD,Portocel,Dornfall,55000,59000,"39,27644659",2,3
SINBAD,Santos,Dornfall,55000,59000,"40,18100723",2,3
SINBAD,Santos;Portocel,Dornfall,55000,59000,"41,82204878",2,3
SINBAD,Portocel,Seireitei;Rlyeh,55000,59000,"40,50453432",2,3
SINBAD,Santos,Seireitei;Rlyeh,55000,59000,"41,40909497",2,3
SINBAD,Santos;Portocel,Seireitei;Rlyeh,55000,59000,"43,05013651",2,3
SINBAD,Portocel,Tahlenwald;Rlyeh,55000,59000,"40,46990775",2,3
SINBAD,Portocel,Tahlenwald;Rlyeh;Bethlehem,55000,59000,"43,00159453",2,3
SINBAD,Portocel,Tahlenwald;Dornfall,55000,59000,"40,51230192",2,3
SINBAD,Portocel,Marineford;Rlyeh,55000,59000,"41,54811924",2,3
SINBAD,Portocel,Marineford;Dornfall,55000,59000,"41,59417421",2,3
SINBAD,Santos,Tahlenwald;Rlyeh,55000,59000,"41,38339627",2,3
SINBAD,Santos,Tahlenwald;Rlyeh;Bethlehem,55000,59000,"43,91752586",2,3
SINBAD,Santos,Tahlenwald;Dornfall,55000,59000,"41,41638873",2,3
SINBAD,Santos,Marineford;Rlyeh,55000,59000,"42,45220605",2,3
SINBAD,Santos,Marineford;Dornfall,55000,59000,"42,49826102",2,3
SINBAD,Santos;Portocel,Tahlenwald;Rlyeh,55000,59000,"43,03372742",2,3
SINBAD,Santos;Portocel,Tahlenwald;Rlyeh;Bethlehem,55000,59000,"45,57827853",2,3
SINBAD,Santos;Portocel,Tahlenwald;Dornfall,55000,59000,"43,07795199",2,3
SINBAD,Santos;Portocel,Marineford;Rlyeh,55000,59000,"44,11376932",2,3
SINBAD,Santos;Portocel,Marineford;Dornfall,55000,59000,"44,15982429",2,3
SINBAD,Portocel,Tahlenwald;Seireitei;Rlyeh,55000,59000,"42,00692937",2,3
SINBAD,Portocel,Tahlenwald;Seireitei;Dornfall,55000,59000,"42,40340197",2,3
SINBAD,Portocel,Marineford;Seireitei;Rlyeh,55000,59000,"42,82852514",2,3
SINBAD,Portocel,Marineford;Seireitei;Dornfall,55000,59000,"43,22499774",2,3
SINBAD,Santos,Tahlenwald;Seireitei;Rlyeh,55000,59000,"42,91101618",2,3
SINBAD,Santos,Tahlenwald;Seireitei;Dornfall,55000,59000,"43,30565837",2,3
SINBAD,Santos,Marineford;Seireitei;Rlyeh,55000,59000,"43,73078155",2,3
SINBAD,Santos,Marineford;Seireitei;Dornfall,55000,59000,"44,12725415",2,3
SINBAD,Santos;Portocel,Tahlenwald;Seireitei;Rlyeh,55000,59000,"44,57074904",2,3
SINBAD,Santos;Portocel,Tahlenwald;Seireitei;Dornfall,55000,59000,"44,96722164",2,3
SINBAD,Santos;Portocel,Marineford;Seireitei;Rlyeh,55000,59000,"45,39234481",2,3
SINBAD,Santos;Portocel,Marineford;Seireitei;Dornfall,55000,59000,"45,78881741",2,3
SINBAD,Portocel,Tahlenwald,55000,59000,"40,07514556",2,3
SINBAD,Portocel,Marineford,55000,59000,"40,99018796",2,3
SINBAD,Santos,Tahlenwald,55000,59000,"40,97923237",2,3
SINBAD,Santos,Tahlenwald;Marineford,55000,59000,"42,24252011",2,3
SINBAD,Santos,Marineford,55000,59000,"41,90367648",2,3
SINBAD,Santos;Portocel,Tahlenwald,55000,59000,"42,63896523",2,3
SINBAD,Santos;Portocel,Marineford,55000,59000,"43,55400763",2,3
SINBAD,Portocel,Tahlenwald;Marineford,55000,59000,"41,34026371",2,3
SINBAD,Portocel,Dirtmouth;Konoha,55000,59000,"40,58440984",2,3
SINBAD,Santos,Dirtmouth;Konoha,55000,59000,"41,48666625",2,3
SINBAD,Santos;Portocel,Tahlenwald;Marineford,55000,59000,"43,4610393",2,3
SINBAD,Santos;Portocel,Dirtmouth;Konoha,55000,59000,"43,14822952",2,3
SINBAD,Portocel,Tahlenwald;Seireitei,55000,59000,"41,1692555",2,3
SINBAD,Portocel,Marineford;Seireitei,55000,59000,"42,10144956",2,3
SINBAD,Santos,Tahlenwald;Seireitei,55000,59000,"42,0733423",2,3
SINBAD,Santos,Marineford;Seireitei,55000,59000,"43,01493808",2,3
SINBAD,Santos;Portocel,Tahlenwald;Seireitei,55000,59000,"43,73307517",2,3
SINBAD,Santos;Portocel,Marineford;Seireitei,55000,59000,"44,66526923",2,3
SINBAD,Portocel,Askr;Zuldazar,55000,59000,"38,17839544",2,3
SINBAD,Portocel,Zuldazar,55000,59000,"36,57106177",2,3
SINBAD,Santos,Askr;Zuldazar,55000,59000,"39,09188396",2,3
SINBAD,Santos,Zuldazar,55000,59000,"37,47514858",2,3
SINBAD,Santos;Portocel,Askr;Zuldazar,55000,59000,"40,74404551",2,3
SINBAD,Santos;Portocel,Zuldazar,55000,59000,"39,13488144",2,3
SINBAD,Portocel,Nassauia;Askr;Konoha,55000,59000,"40,61903126",2,3
SINBAD,Portocel,Nassauia;Lothlorien;Askr;Konoha,55000,59000,"41,23326823",2,3
SINBAD,Portocel,Marineford;Tahlenwald;Rlyeh,55000,59000,"42,24541772",2,3
SINBAD,Portocel,Zuldazar;Nassauia;Konoha,55000,59000,"40,33974486",2,3
SINBAD,Santos,Nassauia;Askr;Konoha,55000,59000,"41,53251978",2,3
SINBAD,Santos,Nassauia;Lothlorien;Askr;Konoha,55000,59000,"42,14492635",2,3
SINBAD,Santos,Marineford;Tahlenwald;Rlyeh,55000,59000,"43,14950453",2,3
SINBAD,Santos,Zuldazar;Nassauia;Konoha,55000,59000,"41,25323337",2,3
SINBAD,Santos;Portocel,Nassauia;Askr;Konoha,55000,59000,"43,17344923",2,3
SINBAD,Santos;Portocel,Nassauia;Lothlorien;Askr;Konoha,55000,59000,"43,7858558",2,3
SINBAD,Santos;Portocel,Marineford;Tahlenwald;Rlyeh,55000,59000,"44,80923739",2,3
SINBAD,Santos;Portocel,Zuldazar;Nassauia;Konoha,55000,59000,"42,90539493",2,3
SINBAD,Itaqui,Askr;Konoha;Promethea,55000,59000,"43,81431599",2,3
SINBAD,Itaqui,Askr;Konoha;Seireitei,55000,59000,"43,81431599",2,3
SINBAD,Itaqui;Portocel,Askr;Konoha;Promethea,55000,59000,"46,2285295",2,3
SINBAD,Itaqui;Portocel,Askr;Konoha;Seireitei,55000,59000,"46,2285295",2,3
SINBAD,Itaqui;Portocel,Askr;Konoha;Seireitei;Ulthar,55000,59000,"47,18467463",2,3
SINBAD,Itaqui;Santos,Askr;Konoha;Promethea,55000,59000,"46,97240213",2,3
SINBAD,Itaqui;Santos,Askr;Konoha;Seireitei,55000,59000,"46,97240213",2,3
SINBAD,Portocel,Dornfall;Zuldazar,55000,59000,"40,31589424",2,3
SINBAD,Portocel,Askr;Rlyeh,55000,59000,"39,65349984",2,3
SINBAD,Portocel,Askr;Rlyeh;Zuldazar,55000,59000,"40,44995903",2,3
SINBAD,Portocel,Askr;Dornfall,55000,59000,"40,1776262",2,3
SINBAD,Portocel,Askr;Dornfall;Zuldazar,55000,59000,"41,1677529",2,3
SINBAD,Portocel,Askr;Konoha;Promethea,55000,59000,"41,19311238",2,3
SINBAD,Portocel,Askr;Konoha;Seireitei,55000,59000,"41,19311238",2,3
SINBAD,Portocel,Marineford;Tahlenwald;Konoha,55000,59000,"42,14633007",2,3
SINBAD,Portocel,Lothlorien;Rlyeh;Tahlenwald,55000,59000,"41,14143951",2,3
SINBAD,Portocel,Zuldazar;Rlyeh;Dirtmouth,55000,59000,"41,40735705",2,3
SINBAD,Portocel,Zuldazar;Konoha,55000,59000,"39,79096356",2,3
SINBAD,Portocel,Zuldazar;Yjigar;Rlyeh,55000,59000,"41,43590809",2,3
SINBAD,Santos,Dornfall;Zuldazar,55000,59000,"41,22045489",2,3
SINBAD,Santos,Askr;Rlyeh,55000,59000,"40,55758665",2,3
SINBAD,Santos,Askr;Rlyeh;Zuldazar,55000,59000,"41,35404584",2,3
SINBAD,Santos,Askr;Dornfall,55000,59000,"41,07988261",2,3
SINBAD,Santos,Askr;Dornfall;Zuldazar,55000,59000,"42,07941102",2,3
SINBAD,Santos,Askr;Konoha;Promethea,55000,59000,"42,09719918",2,3
SINBAD,Santos,Askr;Konoha;Seireitei,55000,59000,"42,09719918",2,3
SINBAD,Santos,Marineford;Tahlenwald;Konoha,55000,59000,"43,05041688",2,3
SINBAD,Santos,Lothlorien;Rlyeh;Tahlenwald,55000,59000,"42,04552632",2,3
SINBAD,Santos,Zuldazar;Rlyeh,55000,59000,"40,91811958",2,3
SINBAD,Santos,Zuldazar;Rlyeh;Dirtmouth,55000,59000,"42,31144386",2,3
SINBAD,Santos,Zuldazar;Nassauia;Rlyeh,55000,59000,"41,38809746",2,3
SINBAD,Santos,Zuldazar;Konoha,55000,59000,"40,70445208",2,3
SINBAD,Santos,Zuldazar;Yjigar;Rlyeh,55000,59000,"42,33999489",2,3
SINBAD,Santos;Portocel,Dornfall;Zuldazar,55000,59000,"42,86149643",2,3
SINBAD,Santos;Portocel,Askr;Rlyeh,55000,59000,"42,21731951",2,3
SINBAD,Santos;Portocel,Askr;Rlyeh;Zuldazar,55000,59000,"43,01560911",2,3
SINBAD,Santos;Portocel,Askr;Dornfall,55000,59000,"42,74144587",2,3
SINBAD,Santos;Portocel,Askr;Dornfall;Zuldazar,55000,59000,"43,73157257",2,3
SINBAD,Santos;Portocel,Askr;Konoha;Promethea,55000,59000,"43,75693205",2,3
SINBAD,Santos;Portocel,Askr;Konoha;Seireitei,55000,59000,"43,75693205",2,3
SINBAD,Santos;Portocel,Marineford;Tahlenwald;Konoha,55000,59000,"44,71198014",2,3
SINBAD,Santos;Portocel,Lothlorien;Rlyeh;Tahlenwald,55000,59000,"43,70708958",2,3
SINBAD,Santos;Portocel,Zuldazar;Rlyeh,55000,59000,"42,57968285",2,3
SINBAD,Santos;Portocel,Zuldazar;Rlyeh;Dirtmouth,55000,59000,"43,97117673",2,3
SINBAD,Santos;Portocel,Zuldazar;Konoha,55000,59000,"42,35478323",2,3
SINBAD,Santos;Portocel,Zuldazar;Yjigar;Rlyeh,55000,59000,"43,99032605",2,3
SINBAD,Portocel,Askr;Rlyeh;Seireitei,55000,59000,"41,30917304",2,3
SINBAD,Portocel,Askr;Rlyeh;Seireitei;Zuldazar,55000,59000,"42,49803109",2,3
SINBAD,Portocel,Askr;Dornfall;Seireitei,55000,59000,"41,63409277",2,3
SINBAD,Portocel,Askr;Dornfall;Seireitei;Zuldazar,55000,59000,"42,72893372",2,3
SINBAD,Portocel,Zuldazar;Rlyeh;Seireitei,55000,59000,"41,69970597",2,3
SINBAD,Santos,Askr;Rlyeh;Seireitei,55000,59000,"42,21325985",2,3
SINBAD,Santos,Askr;Rlyeh;Seireitei;Zuldazar,55000,59000,"43,4002875",2,3
SINBAD,Santos,Askr;Dornfall;Seireitei,55000,59000,"42,54758129",2,3
SINBAD,Santos,Askr;Dornfall;Seireitei;Zuldazar,55000,59000,"43,64059184",2,3
SINBAD,Santos,Zuldazar;Rlyeh;Seireitei,55000,59000,"42,60379278",2,3
SINBAD,Santos;Portocel,Askr;Rlyeh;Seireitei,55000,59000,"43,87482311",2,3
SINBAD,Santos;Portocel,Askr;Rlyeh;Seireitei;Zuldazar,55000,59000,"45,06185077",2,3
SINBAD,Santos;Portocel,Askr;Dornfall;Seireitei,55000,59000,"44,19791244",2,3
SINBAD,Santos;Portocel,Askr;Dornfall;Seireitei;Zuldazar,55000,59000,"45,2927534",2,3
SINBAD,Santos;Portocel,Zuldazar;Rlyeh;Seireitei,55000,59000,"44,26535605",2,3
SINBAD,Portocel,Askr;Rlyeh;Tahlenwald;Seireitei,55000,59000,"42,47744319",2,3
SINBAD,Portocel,Askr;Rlyeh;Tahlenwald;Seireitei;Zuldazar,55000,59000,"43,47643666",2,3
SINBAD,Portocel,Askr;Rlyeh;Tahlenwald;Zuldazar,55000,59000,"42,07616617",2,3
SINBAD,Portocel,Askr;Rlyeh;Marineford;Seireitei,55000,59000,"43,35702992",2,3
SINBAD,Portocel,Askr;Rlyeh;Marineford;Seireitei;Zuldazar,55000,59000,"44,36725549",2,3
SINBAD,Portocel,Askr;Rlyeh;Marineford;Zuldazar,55000,59000,"43,08296691",2,3
SINBAD,Portocel,Askr;Dornfall;Tahlenwald;Seireitei,55000,59000,"42,40740867",2,3
SINBAD,Portocel,Askr;Dornfall;Tahlenwald;Seireitei;Zuldazar,55000,59000,"43,40640213",2,3
SINBAD,Portocel,Askr;Dornfall;Tahlenwald;Zuldazar,55000,59000,"42,11845275",2,3
SINBAD,Portocel,Askr;Dornfall;Marineford;Seireitei,55000,59000,"43,38051308",2,3
SINBAD,Portocel,Askr;Dornfall;Marineford;Seireitei;Zuldazar,55000,59000,"44,38890825",2,3
SINBAD,Portocel,Askr;Dornfall;Marineford;Zuldazar,55000,59000,"43,09704835",2,3
SINBAD,Portocel,Askr;Tahlenwald;Rlyeh,55000,59000,"41,04347638",2,3
SINBAD,Portocel,Askr;Tahlenwald;Dornfall,55000,59000,"41,01287909",2,3
SINBAD,Portocel,Askr;Marineford;Rlyeh,55000,59000,"42,05967882",2,3
SINBAD,Portocel,Askr;Marineford;Dornfall,55000,59000,"42,02334063",2,3
SINBAD,Portocel,Tahlenwald;Rlyeh;Zuldazar,55000,59000,"41,50739258",2,3
SINBAD,Portocel,Tahlenwald;Dornfall;Zuldazar,55000,59000,"41,51781323",2,3
SINBAD,Portocel,Marineford;Rlyeh;Zuldazar,55000,59000,"42,46743448",2,3
SINBAD,Portocel,Marineford;Dornfall;Zuldazar,55000,59000,"42,47968553",2,3
SINBAD,Portocel,Zuldazar;Konoha;Rlyeh,55000,59000,"40,5820016",2,3
SINBAD,Santos,Askr;Rlyeh;Tahlenwald;Seireitei,55000,59000,"43,38153",2,3
SINBAD,Santos,Askr;Rlyeh;Tahlenwald;Seireitei;Zuldazar,55000,59000,"44,38052347",2,3
SINBAD,Santos,Askr;Rlyeh;Tahlenwald;Zuldazar,55000,59000,"42,97842258",2,3
SINBAD,Santos,Askr;Rlyeh;Marineford;Seireitei,55000,59000,"44,26111673",2,3
SINBAD,Santos,Askr;Rlyeh;Marineford;Seireitei;Zuldazar,55000,59000,"45,2695119",2,3
SINBAD,Santos,Askr;Rlyeh;Marineford;Zuldazar,55000,59000,"43,98705372",2,3
SINBAD,Santos,Askr;Dornfall;Tahlenwald;Seireitei,55000,59000,"43,30966508",2,3
SINBAD,Santos,Askr;Dornfall;Tahlenwald;Seireitei;Zuldazar,55000,59000,"44,31989065",2,3
SINBAD,Santos,Askr;Dornfall;Tahlenwald;Zuldazar,55000,59000,"43,02253956",2,3
SINBAD,Santos,Askr;Dornfall;Marineford;Seireitei,55000,59000,"44,28276948",2,3
SINBAD,Santos,Askr;Dornfall;Marineford;Seireitei;Zuldazar,55000,59000,"45,29299506",2,3
SINBAD,Santos,Askr;Dornfall;Marineford;Zuldazar,55000,59000,"44,00870647",2,3
SINBAD,Santos,Askr;Tahlenwald;Rlyeh,55000,59000,"41,9551345",2,3
SINBAD,Santos,Askr;Tahlenwald;Dornfall,55000,59000,"41,9169659",2,3
SINBAD,Santos,Askr;Marineford;Rlyeh,55000,59000,"42,96376563",2,3
SINBAD,Santos,Askr;Marineford;Dornfall,55000,59000,"42,92742744",2,3
SINBAD,Santos,Tahlenwald;Rlyeh;Zuldazar,55000,59000,"42,4208811",2,3
SINBAD,Santos,Tahlenwald;Dornfall;Zuldazar,55000,59000,"42,42190004",2,3
SINBAD,Santos,Marineford;Rlyeh;Zuldazar,55000,59000,"43,36969089",2,3
SINBAD,Santos,Marineford;Dornfall;Zuldazar,55000,59000,"43,38377233",2,3
SINBAD,Santos,Zuldazar;Konoha;Rlyeh,55000,59000,"41,48425801",2,3
SINBAD,Santos;Portocel,Askr;Rlyeh;Tahlenwald;Seireitei,55000,59000,"45,04126287",2,3
SINBAD,Santos;Portocel,Askr;Rlyeh;Tahlenwald;Seireitei;Zuldazar,55000,59000,"46,04208673",2,3
SINBAD,Santos;Portocel,Askr;Rlyeh;Tahlenwald;Zuldazar,55000,59000,"44,63998584",2,3
SINBAD,Santos;Portocel,Askr;Rlyeh;Marineford;Seireitei,55000,59000,"45,92267999",2,3
SINBAD,Santos;Portocel,Askr;Rlyeh;Marineford;Seireitei;Zuldazar,55000,59000,"46,93107516",2,3
SINBAD,Santos;Portocel,Askr;Rlyeh;Marineford;Zuldazar,55000,59000,"45,64861698",2,3
SINBAD,Santos;Portocel,Askr;Dornfall;Tahlenwald;Seireitei,55000,59000,"44,97122834",2,3
SINBAD,Santos;Portocel,Askr;Dornfall;Tahlenwald;Seireitei;Zuldazar,55000,59000,"45,97022181",2,3
SINBAD,Santos;Portocel,Askr;Dornfall;Tahlenwald;Zuldazar,55000,59000,"44,68410282",2,3
SINBAD,Santos;Portocel,Askr;Dornfall;Marineford;Seireitei,55000,59000,"45,94433275",2,3
SINBAD,Santos;Portocel,Askr;Dornfall;Marineford;Seireitei;Zuldazar,55000,59000,"46,95272792",2,3
SINBAD,Santos;Portocel,Askr;Dornfall;Marineford;Zuldazar,55000,59000,"45,66086803",2,3
SINBAD,Santos;Portocel,Askr;Tahlenwald;Rlyeh,55000,59000,"43,60729605",2,3
SINBAD,Santos;Portocel,Askr;Tahlenwald;Dornfall,55000,59000,"43,57669876",2,3
SINBAD,Santos;Portocel,Askr;Marineford;Rlyeh,55000,59000,"44,6253289",2,3
SINBAD,Santos;Portocel,Askr;Marineford;Dornfall,55000,59000,"44,5889907",2,3
SINBAD,Santos;Portocel,Tahlenwald;Rlyeh;Zuldazar,55000,59000,"44,07121226",2,3
SINBAD,Santos;Portocel,Tahlenwald;Dornfall;Zuldazar,55000,59000,"44,0834633",2,3
SINBAD,Santos;Portocel,Marineford;Rlyeh;Zuldazar,55000,59000,"45,03125415",2,3
SINBAD,Santos;Portocel,Marineford;Dornfall;Zuldazar,55000,59000,"45,0453356",2,3
SINBAD,Santos;Portocel,Zuldazar;Konoha;Rlyeh,55000,59000,"43,14582127",2,3
SINBAD,Portocel,Tahlenwald;Seireitei;Rlyeh;Zuldazar,55000,59000,"43,03304668",2,3
SINBAD,Portocel,Tahlenwald;Seireitei;Dornfall;Zuldazar,55000,59000,"43,32010986",2,3
SINBAD,Portocel,Marineford;Seireitei;Rlyeh;Zuldazar,55000,59000,"43,86404416",2,3
SINBAD,Portocel,Marineford;Seireitei;Dornfall;Zuldazar,55000,59000,"44,15110734",2,3
SINBAD,Santos,Tahlenwald;Seireitei;Rlyeh;Zuldazar,55000,59000,"43,93713349",2,3
SINBAD,Santos,Tahlenwald;Seireitei;Dornfall;Zuldazar,55000,59000,"44,23359838",2,3
SINBAD,Santos,Marineford;Seireitei;Rlyeh;Zuldazar,55000,59000,"44,76813097",2,3
SINBAD,Santos,Marineford;Seireitei;Dornfall;Zuldazar,55000,59000,"45,05336375",2,3
SINBAD,Santos;Portocel,Tahlenwald;Seireitei;Rlyeh;Zuldazar,55000,59000,"45,59686635",2,3
SINBAD,Santos;Portocel,Tahlenwald;Seireitei;Dornfall;Zuldazar,55000,59000,"45,88392953",2,3
SINBAD,Santos;Portocel,Marineford;Seireitei;Rlyeh;Zuldazar,55000,59000,"46,42786384",2,3
SINBAD,Santos;Portocel,Marineford;Seireitei;Dornfall;Zuldazar,55000,59000,"46,71492702",2,3
SINBAD,Portocel,Dornfall;Seireitei,55000,59000,"40,75213086",2,3
SINBAD,Portocel,Dornfall;Seireitei;Zuldazar,55000,59000,"41,86384472",2,3
SINBAD,Portocel,Askr;Seireitei,55000,59000,"40,2030021",2,3
SINBAD,Portocel,Askr;Seireitei;Zuldazar,55000,59000,"41,26784306",2,3
SINBAD,Portocel,Zuldazar;Seireitei,55000,59000,"40,99343415",2,3
SINBAD,Santos,Dornfall;Seireitei,55000,59000,"41,65669151",2,3
SINBAD,Santos,Dornfall;Seireitei;Zuldazar,55000,59000,"42,76840537",2,3
SINBAD,Santos,Askr;Seireitei,55000,59000,"41,10708891",2,3
SINBAD,Santos,Askr;Seireitei;Zuldazar,55000,59000,"42,17192987",2,3
SINBAD,Santos,Zuldazar;Seireitei,55000,59000,"41,89752095",2,3
SINBAD,Santos;Portocel,Dornfall;Seireitei,55000,59000,"43,29591817",2,3
SINBAD,Santos;Portocel,Dornfall;Seireitei;Zuldazar,55000,59000,"44,40944691",2,3
SINBAD,Santos;Portocel,Askr;Seireitei,55000,59000,"42,76865218",2,3
SINBAD,Santos;Portocel,Askr;Seireitei;Zuldazar,55000,59000,"43,83166273",2,3
SINBAD,Santos;Portocel,Zuldazar;Seireitei,55000,59000,"43,55725382",2,3
SINBAD,Portocel,Askr;Tahlenwald,55000,59000,"40,22748208",2,3
SINBAD,Portocel,Askr;Tahlenwald;Zuldazar,55000,59000,"41,21031499",2,3
SINBAD,Portocel,Askr;Marineford,55000,59000,"41,27174753",2,3
SINBAD,Portocel,Askr;Marineford;Zuldazar,55000,59000,"42,21894613",2,3
SINBAD,Portocel,Tahlenwald;Zuldazar,55000,59000,"40,74734465",2,3
SINBAD,Portocel,Marineford;Zuldazar,55000,59000,"41,80858313",2,3
SINBAD,Santos,Askr;Tahlenwald,55000,59000,"41,13156889",2,3
SINBAD,Santos,Askr;Tahlenwald;Zuldazar,55000,59000,"42,12380351",2,3
SINBAD,Santos,Askr;Marineford,55000,59000,"42,17583434",2,3
SINBAD,Santos,Askr;Marineford;Zuldazar,55000,59000,"43,12303293",2,3
SINBAD,Santos,Tahlenwald;Zuldazar,55000,59000,"41,65143146",2,3
SINBAD,Santos,Marineford;Zuldazar,55000,59000,"42,72207165",2,3
SINBAD,Santos;Portocel,Askr;Tahlenwald,55000,59000,"42,79313215",2,3
SINBAD,Santos;Portocel,Askr;Tahlenwald;Zuldazar,55000,59000,"43,77413466",2,3
SINBAD,Santos;Portocel,Askr;Marineford,55000,59000,"43,83556721",2,3
SINBAD,Santos;Portocel,Askr;Marineford;Zuldazar,55000,59000,"44,7827658",2,3
SINBAD,Santos;Portocel,Tahlenwald;Zuldazar,55000,59000,"43,31299473",2,3
SINBAD,Santos;Portocel,Marineford;Zuldazar,55000,59000,"44,3724028",2,3
SINBAD,Portocel,Askr;Tahlenwald;Seireitei,55000,59000,"41,61342241",2,3
SINBAD,Portocel,Askr;Tahlenwald;Seireitei;Zuldazar,55000,59000,"42,7346381",2,3
SINBAD,Portocel,Askr;Marineford;Seireitei,55000,59000,"42,49300914",2,3
SINBAD,Portocel,Askr;Marineford;Seireitei;Zuldazar,55000,59000,"43,62362653",2,3
SINBAD,Portocel,Tahlenwald;Seireitei;Zuldazar,55000,59000,"42,21944554",2,3
SINBAD,Portocel,Marineford;Seireitei;Zuldazar,55000,59000,"42,71006863",2,3
SINBAD,Santos,Askr;Tahlenwald;Seireitei,55000,59000,"42,51567882",2,3
SINBAD,Santos,Askr;Tahlenwald;Seireitei;Zuldazar,55000,59000,"43,64812662",2,3
SINBAD,Santos,Askr;Marineford;Seireitei,55000,59000,"43,39709595",2,3
SINBAD,Santos,Askr;Marineford;Seireitei;Zuldazar,55000,59000,"44,52771334",2,3
SINBAD,Santos,Tahlenwald;Seireitei;Zuldazar,55000,59000,"43,13293406",2,3
SINBAD,Santos,Marineford;Seireitei;Zuldazar,55000,59000,"43,62355715",2,3
SINBAD,Santos;Portocel,Askr;Tahlenwald;Seireitei,55000,59000,"44,17724209",2,3
SINBAD,Santos;Portocel,Askr;Tahlenwald;Seireitei;Zuldazar,55000,59000,"45,29845777",2,3
SINBAD,Santos;Portocel,Askr;Marineford;Seireitei,55000,59000,"45,05682881",2,3
SINBAD,Santos;Portocel,Askr;Marineford;Seireitei;Zuldazar,55000,59000,"46,18744621",2,3
SINBAD,Santos;Portocel,Tahlenwald;Seireitei;Zuldazar,55000,59000,"44,78509561",2,3
SINBAD,Santos;Portocel,Marineford;Seireitei;Zuldazar,55000,59000,"45,2738883",2,3
SINBAD,Portocel,Promethea,55000,59000,"39,35729205",2,3
SINBAD,Portocel,Seireitei,55000,59000,"39,1801734",2,3
SINBAD,Santos,Promethea,55000,59000,"40,25253066",2,3
SINBAD,Santos,Seireitei,55000,59000,"40,07541202",2,3
SINBAD,Santos;Portocel,Promethea,55000,59000,"41,90289424",2,3
SINBAD,Santos;Portocel,Seireitei,55000,59000,"41,7257756",2,3
SINBAD,Portocel,Askr,55000,59000,"36,68562788",2,3
SINBAD,Santos,Askr,55000,59000,"37,58971469",2,3
SINBAD,Santos;Portocel,Askr,55000,59000,"39,24944756",2,3
SINBAD,Itaqui;Portocel;Santos,Kakariko;Termina;Tahlenwald,55000,59000,"100,1213",2,3
SINBAD,Itaqui;Santos,Kakariko;Termina;Tahlenwald,55000,59000,"97,85950635",2,3
SINBAD,Portocel;Santos,Piscara;Termina;Tahlenwald,55000,59000,"76,6269984",2,3
SINBAD,Santos,Kakariko;Tahlenwald,55000,59000,"72,25709987",2,3
SINBAD,Portocel;Santos,Piscara;Termina;Rlyeh,55000,59000,"76,14370379",2,3
SINBAD,Itaqui;Portocel,Tahlenwald;Greywatch;Konoha;Termina,55000,59000,"55,27015745",2,3
SINBAD,Itaqui;Santos,Midgar;Cairhien;Rlyeh,55000,59000,"54,50583714",2,3
SINBAD,Itaqui;Santos,Midgar;Cairhien;Rlyeh;Tahlenwald,55000,59000,"55,28788809",2,3
SINBAD,Itaqui;Santos,Midgar;Cairhien;Ivalice;Kandor;Rlyeh,55000,59000,"56,19969858",2,3
SINBAD,Itaqui;Santos,Midgar;Cairhien;Ivalice;Nosgoth;Rlyeh,55000,59000,"56,14170763",2,3
SINBAD,Itaqui;Santos,Midgar;Cairhien;Ivalice;Tahlenwald,55000,59000,"56,50468614",2,3
SINBAD,Itaqui;Santos,Midgar;Cairhien;Askr;Tahlenwald,55000,59000,"54,94771246",2,3
SINBAD,Itaqui;Santos,Midgar;Cairhien;Tahlenwald,55000,59000,"55,17583681",2,3
SINBAD,Portocel,Midgar;Ivalice;Morrowind,55000,59000,"37,75290981",2,3
SINBAD,Portocel,Midgar;Ivalice;Tahlenwald;Konoha,55000,59000,"49,19579894",2,3
SINBAD,Portocel,Midgar;Ivalice;Konoha,55000,59000,"48,1964274",2,3
SINBAD,Portocel,Midgar;Ivalice;Marineford,55000,59000,"49,88403926",2,3
SINBAD,Portocel,Midgar;Morrowind;Zuldazar;Rlyeh,55000,59000,"49,11893989",2,3
SINBAD,Portocel,Midgar;Klunheim;Zuldazar;Rlyeh,55000,59000,"47,50725462",2,3
SINBAD,Portocel,Midgar;Konoha,55000,59000,"45,49571817",2,3
SINBAD,Portocel,Midgar;Lothlorien;Rlyeh,55000,59000,"45,88601781",2,3
SINBAD,Portocel,Midgar;Zuldazar;Rlyeh,55000,59000,"46,22862214",2,3
SINBAD,Portocel,Midgar;Zuldazar;Tahlenwald,55000,59000,"46,84246125",2,3
SINBAD,Santos,Midgar;Rlyeh,55000,59000,"45,92451253",2,3
SINBAD,Santos,Midgar;Ivalice;Kandor,55000,59000,"38,96370676",2,3
SINBAD,Santos,Midgar;Ivalice;Kandor;Morrowind,55000,59000,"41,59879878",2,3
SINBAD,Santos,Midgar;Ivalice;Nosgoth;Kandor,55000,59000,"41,178449",2,3
SINBAD,Santos,Midgar;Ivalice;Klunheim;Lothlorien;Rlyeh,55000,59000,"50,07259431",2,3
SINBAD,Santos,Midgar;Ivalice;Tahlenwald,55000,59000,"50,76800306",2,3
SINBAD,Santos,Midgar;Ivalice;Tahlenwald;Konoha,55000,59000,"50,10928746",2,3
SINBAD,Santos,Midgar;Ivalice;Konoha,55000,59000,"49,10991592",2,3
SINBAD,Santos,Midgar;Ivalice;Marineford,55000,59000,"50,79569738",2,3
SINBAD,Santos,Midgar;Morrowind;Zuldazar;Rlyeh,55000,59000,"50,04940142",2,3
SINBAD,Santos,Midgar;Klunheim;Zuldazar;Rlyeh,55000,59000,"48,42074313",2,3
SINBAD,Santos,Midgar;Tahlenwald,55000,59000,"47,90824942",2,3
SINBAD,Santos,Midgar;Konoha,55000,59000,"46,38491206",2,3
SINBAD,Santos,Midgar;Lothlorien;Rlyeh,55000,59000,"46,81830975",2,3
SINBAD,Santos,Midgar;Zuldazar,55000,59000,"44,74637914",2,3
SINBAD,Santos,Midgar;Zuldazar;Rlyeh,55000,59000,"47,16091408",2,3
SINBAD,Santos,Midgar;Zuldazar;Tahlenwald,55000,59000,"47,75411937",2,3
SINBAD,Santos;Itaqui,Midgar;Cairhien;Rlyeh,55000,59000,"54,50583714",2,3
SINBAD,Santos;Portocel,Midgar;Ivalice;Morrowind,55000,59000,"40,29999544",2,3
SINBAD,Santos;Portocel,Midgar;Ivalice;Tahlenwald;Konoha,55000,59000,"51,76902032",2,3
SINBAD,Santos;Portocel,Midgar;Ivalice;Konoha,55000,59000,"50,75084536",2,3
SINBAD,Santos;Portocel,Midgar;Ivalice;Marineford,55000,59000,"52,43662682",2,3
SINBAD,Santos;Portocel,Midgar;Ivalice;Lothlorien;Rlyeh,55000,59000,"50,74772721",2,3
SINBAD,Santos;Portocel,Midgar;Morrowind;Zuldazar;Rlyeh,55000,59000,"51,69033087",2,3
SINBAD,Santos;Portocel,Midgar;Klunheim;Zuldazar;Rlyeh,55000,59000,"50,07107429",2,3
SINBAD,Santos;Portocel,Midgar;Konoha,55000,59000,"48,04464493",2,3
SINBAD,Santos;Portocel,Midgar;Lothlorien;Rlyeh,55000,59000,"48,4592392",2,3
SINBAD,Santos;Portocel,Midgar;Zuldazar;Rlyeh,55000,59000,"48,80184352",2,3
SINBAD,Santos;Portocel,Midgar;Zuldazar;Tahlenwald,55000,59000,"49,41385223",2,3
SINBAD,Portocel,Midgar;Rlyeh,55000,59000,"45,02042572",2,3
SINBAD,Portocel,Midgar;Tahlenwald;Rlyeh,55000,59000,"46,91629199",2,3
SINBAD,Portocel,Midgar;Konoha;Rlyeh,55000,59000,"46,12915038",2,3
SINBAD,Santos,Midgar;Tahlenwald;Rlyeh,55000,59000,"47,82978051",2,3
SINBAD,Santos,Midgar;Konoha;Rlyeh,55000,59000,"47,0426389",2,3
SINBAD,Santos;Portocel,Midgar;Rlyeh,55000,59000,"47,5842454",2,3
SINBAD,Santos;Portocel,Midgar;Tahlenwald;Rlyeh,55000,59000,"49,48011166",2,3
SINBAD,Santos;Portocel,Midgar;Konoha;Rlyeh,55000,59000,"48,68356834",2,3
SINBAD,Santos,Zuldazar;Askr;Pausen,55000,59000,"49,50527258",2,3
SINBAD,Portocel,Nassauia;Pausen,55000,59000,"49,48001198",2,3
SINBAD,Santos,Nassauia;Pausen,55000,59000,"48,66874736",2,3
SINBAD,Santos;Portocel,Nassauia;Pausen,55000,59000,"50,33031063",2,3
SINBAD,Itaqui,Greywatch;Rlyeh,55000,59000,"50,73905256",2,3
SINBAD,Itaqui,Vancross;Rlyeh,55000,59000,"50,86832024",2,3
SINBAD,Portocel,Greywatch;Rlyeh,55000,59000,"49,27522188",2,3
SINBAD,Portocel,Vancross;Rlyeh,55000,59000,"49,39516753",2,3
SINBAD,Santos,Greywatch;Rlyeh,55000,59000,"48,5133499",2,3
SINBAD,Santos,Vancross;Rlyeh,55000,59000,"48,64261759",2,3
SINBAD,Itaqui,Greywatch;Tahlenwald,55000,59000,"51,05499121",2,3
SINBAD,Itaqui,Tahlenwald;Greywatch,55000,59000,"52,87200062",2,3
SINBAD,Itaqui,Tahlenwald;Vancross,55000,59000,"52,99297145",2,3
SINBAD,Itaqui,Vancross;Tahlenwald,55000,59000,"51,18234995",2,3
SINBAD,Portocel,Greywatch;Tahlenwald,55000,59000,"49,58374745",2,3
SINBAD,Portocel,Tahlenwald;Greywatch,55000,59000,"50,37203716",2,3
SINBAD,Portocel,Tahlenwald;Vancross,55000,59000,"50,49108273",2,3
SINBAD,Portocel,Vancross;Tahlenwald,55000,59000,"49,71110618",2,3
SINBAD,Santos,Greywatch;Tahlenwald,55000,59000,"48,83119751",2,3
SINBAD,Santos,Tahlenwald;Greywatch,55000,59000,"49,54584065",2,3
SINBAD,Santos,Tahlenwald;Vancross,55000,59000,"49,66681148",2,3
SINBAD,Santos,Vancross;Tahlenwald,55000,59000,"48,94923421",2,3
SINBAD,Santos,Piscara,55000,59000,"42,83277053",1,2
SINBAD,Santos,Piscara;Azural,55000,59000,"49,39135498",1,2
SINBAD,Santos,Piscara;Azural;Rivenspire,55000,59000,"55,73560168",1,2
SINBAD,Itaqui,Alabasta;Besaid;Paldea;Tuxara,55000,59000,"28,2070147",1,2
SINBAD,Itaqui,Besaid;Alabasta;Tuxara,55000,59000,"24,73357541",1,2
SINBAD,Itaqui,Besaid;Alabasta;Tuxara;Paldea,55000,59000,"27,65753764",1,2
SINBAD,Itaqui,Tuxara;Alabasta;Besaid,55000,59000,"21,89384153",1,2
SINBAD,Itaqui,Tuxara;Alabasta;Besaid;Paldea,55000,59000,"24,01554281",1,2
SINBAD,Itaqui;Portocel,Noctis;Alabasta;Tuxara,55000,59000,"29,07257403",1,2
SINBAD,Itaqui;Santos,Kakariko;Termina;Greywatch,55000,59000,"45,412375",1,2
SINBAD,Itaqui;Santos,Piscara;Termina;Greywatch,55000,59000,"42,7125",1,2
SINBAD,Itaqui;Santos,Piscara;Termina;Pandora,55000,59000,"41,0955",1,2
SINBAD,Portocel;Santos,Piscara;Termina;Pandora,55000,59000,"39,26125",1,2
SINBAD,Santos,Midgar;Ivalice,55000,59000,"35,78091058",1,2
SINBAD,Portocel,Midgar,55000,59000,"31,79617829",1,2
SINBAD,Portocel,Midgar;Cairhien,55000,59000,"35,54165864",1,2
SINBAD,Portocel,Midgar;Solhara,55000,59000,"32,19355542",1,2
SINBAD,Portocel,Solhara,55000,59000,"30,29852952",1,2
SINBAD,Santos,Midgar,55000,59000,"32,70449401",1,2
SINBAD,Santos,Midgar;Cairhien,55000,59000,"36,44819418",1,2
SINBAD,Santos,Midgar;Solhara,55000,59000,"33,10187113",1,2
SINBAD,Santos,Solhara,55000,59000,"31,19796121",1,2
SINBAD,Santos;Portocel,Midgar,55000,59000,"34,34326393",1,2
SINBAD,Santos;Portocel,Midgar;Cairhien,55000,59000,"38,0869641",1,2
SINBAD,Santos;Portocel,Midgar;Solhara,55000,59000,"34,76884619",1,2
SINBAD,Santos;Portocel,Solhara,55000,59000,"32,84436867",1,2
SINBAD,Portocel,Midgar;Mythra,55000,59000,"49,30434899",1,2
SINBAD,Santos,Midgar;Mythra,55000,59000,"50,50342961",1,2
SINBAD,Santos;Portocel,Midgar;Mythra,55000,59000,"52,15973188",1,2
SINBAD,Portocel,Savois;Liones;Valyria;Mythra;Resembool;Skellige,55000,59000,"57,07814923",1,2
SINBAD,Santos,Valyria;Mythra;Jadehold,55000,59000,"52,20334577",1,2
SINBAD,Santos,Mythra;Jadehold;Valyria,55000,59000,"55,52139193",1,2
SINBAD,Santos,Mythra;Jadehold;Valyria;Resembool,55000,59000,"51,59142471",1,2
SINBAD,Santos,Mythra;Jadehold;Valyria;Savois,55000,59000,"55,21803832",1,2
SINBAD,Santos,Resembool;Mythra;Jadehold;Liones,55000,59000,"56,57050496",1,2
SINBAD,Santos,Resembool;Jadehold,55000,59000,"48,62227351",1,2
SINBAD,Santos,Savois;Liones;Valyria;Mythra;Resembool;Skellige,55000,59000,"58,57554872",1,2
SINBAD,Santos;Portocel,Savois;Liones;Valyria;Mythra;Resembool;Skellige,55000,59000,"59,93323969",1,2
SINBAD,Itaqui,Midgar;Cairhien;Mythra;Valyria;Resembool,55000,59000,"50,73755183",1,2
SINBAD,Itaqui;Santos;Portocel,Midgar;Cairhien;Mythra;Valyria;Resembool,55000,59000,"55,18421017",1,2
SINBAD,Portocel,Midgar;Mythra;Valyria;Resembool,55000,59000,"54,38768843",1,2
SINBAD,Portocel,Midgar;Mythra;Resembool,55000,59000,"46,8330988",1,2
SINBAD,Portocel,Midgar;Cairhien;Mythra;Valyria;Resembool,55000,59000,"50,21210625",1,2
SINBAD,Santos,Midgar;Mythra;Valyria;Resembool,55000,59000,"55,57736733",1,2
SINBAD,Santos,Midgar;Mythra;Resembool,55000,59000,"48,0227777",1,2
SINBAD,Santos,Midgar;Cairhien;Mythra;Valyria;Resembool,55000,59000,"51,41311137",1,2
SINBAD,Santos;Itaqui,Midgar;Cairhien;Mythra;Valyria;Resembool,55000,59000,"53,94535811",1,2
SINBAD,Santos;Portocel,Midgar;Mythra;Valyria;Resembool,55000,59000,"57,24307131",1,2
SINBAD,Santos;Portocel,Midgar;Mythra;Resembool,55000,59000,"49,68848168",1,2
SINBAD,Santos;Portocel,Midgar;Cairhien;Mythra;Valyria;Resembool,55000,59000,"53,06748914",1,2
SINBAD,Itaqui,Tartarus;Liones;Savois,55000,59000,"24,88379845",1,2
SINBAD,Portocel,Savois;Liones;Nibelheim;Prontera;Valyria,55000,59000,"39,18254117",1,2
SINBAD,Portocel,Savois;Mondstadt;Skellige;Resembool,55000,59000,"36,3010009",1,2
SINBAD,Portocel,Tartarus;Savois;Nibelheim;Prontera;Valyria,55000,59000,"38,74357615",1,2
SINBAD,Portocel;Santos,Savois;Liones;Nibelheim;Valyria,55000,59000,"38,21938428",1,2
SINBAD,Portocel;Santos,Savois;Liones;Nibelheim;Prontera;Valyria,55000,59000,"41,94262981",1,2
SINBAD,Portocel;Santos,Tartarus;Savois;Nibelheim;Prontera;Valyria,55000,59000,"41,49854804",1,2
SINBAD,Santos,Skellige;Resembool;Valyria;Liones;Savois,55000,59000,"44,40970751",1,2
SINBAD,Santos,Skellige;Resembool;Valyria;Savois,55000,59000,"44,06200057",1,2
SINBAD,Santos,Mondstadt;Skellige;Resembool;Valyria;Savois,55000,59000,"41,64586359",1,2
SINBAD,Santos,Savois;Liones;Nibelheim;Prontera;Valyria,55000,59000,"40,95516487",1,2
SINBAD,Santos,Savois;Mondstadt;Skellige;Resembool,55000,59000,"37,92357501",1,2
SINBAD,Santos,Tartarus;Savois;Nibelheim;Prontera;Valyria,55000,59000,"40,50833724",1,2
SINBAD,Santos;Itaqui,Tartarus;Liones,55000,59000,"31,59579279",1,2
SINBAD,Santos;Portocel,Mondstadt;Skellige;Resembool;Valyria,55000,59000,"41,22765002",1,2
SINBAD,Santos;Portocel,Mondstadt;Skellige;Resembool;Valyria;Savois,55000,59000,"42,98838372",1,2
SINBAD,Santos;Portocel,Savois;Mondstadt;Skellige;Resembool,55000,59000,"39,413744",1,2
SINBAD,Santos;Portocel,Tartarus;Savois;Nibelheim;Prontera;Valyria,55000,59000,"41,82179666",1,2
SINBAD,Itaqui,Tartarus;Savois;Liones,55000,59000,"23,90990491",1,2
SINBAD,Itaqui,Tartarus;Aeusserst;Liones,55000,59000,"24,48311678",1,2
SINBAD,Itaqui,Tartarus;Aeusserst;Savois;Liones,55000,59000,"25,61286342",1,2
SINBAD,Santos;Itaqui,Tartarus;Aeusserst;Liones,55000,59000,"31,0318891",1,2
SINBAD,Santos;Portocel,Tartarus;Liones;Aeusserst,55000,59000,"30,27895257",1,2
SINBAD,Santos;Portocel,Tartarus;Aeusserst;Liones,55000,59000,"30,16575331",1,2
SINBAD,Portocel,Savois;Liones;Nibelheim;Valyria,55000,59000,"35,45825023",1,2
SINBAD,Santos,Savois;Liones;Nibelheim;Valyria,55000,59000,"37,18579899",1,2
SINBAD,Santos;Portocel,Savois;Liones;Nibelheim;Valyria,55000,59000,"38,5426329",1,2
SINBAD,Portocel,Azkaban;Brakmar;Liones,55000,59000,"33,56487785",1,2
SINBAD,Santos,Azkaban;Brakmar;Liones,55000,59000,"35,16872439",1,2
SINBAD,Santos;Portocel,Azkaban;Brakmar;Liones,55000,59000,"36,48558413",1,2
SINBAD,Itaqui,Gerudo;Raumor;Elzion,55000,59000,"32,09196922",1,2
SINBAD,Itaqui,Azkaban;Hyrule,55000,59000,"22,21587809",1,2
SINBAD,Itaqui,Azkaban;Hyrule;Brakmar,55000,59000,"25,32562009",1,2
SINBAD,Itaqui,Azkaban;Hyrule;Laputa,55000,59000,"25,0020897",1,2
SINBAD,Itaqui,Azkaban;Raumor,55000,59000,"27,9506027",1,2
SINBAD,Itaqui,Azkaban;Raumor;Elzion,55000,59000,"30,05714184",1,2
SINBAD,Itaqui,Laputa;Azkaban;Hyrule,55000,59000,"25,01404534",1,2
SINBAD,Itaqui,Laputa;Azkaban;Raumor,55000,59000,"30,33186419",1,2
SINBAD,Portocel,Gerudo;Raumor;Elzion,55000,59000,"34,85174074",1,2
SINBAD,Portocel,Azkaban;Raumor,55000,59000,"30,88638516",1,2
SINBAD,Portocel,Azkaban;Raumor;Elzion,55000,59000,"32,98290432",1,2
SINBAD,Portocel,Laputa;Hyrule;Elzion;Brakmar,55000,59000,"31,29814884",1,2
SINBAD,Portocel,Laputa;Hyrule;Elzion;Azkaban,55000,59000,"30,37163792",1,2
SINBAD,Portocel,Laputa;Brakmar,55000,59000,"28,04227734",1,2
SINBAD,Portocel,Laputa;Brakmar;Elzion,55000,59000,"29,80998115",1,2
SINBAD,Portocel,Laputa;Elzion,55000,59000,"27,19278658",1,2
SINBAD,Portocel,Laputa;Azkaban;Hyrule,55000,59000,"27,80385391",1,2
SINBAD,Portocel,Laputa;Azkaban;Hyrule;Elzion,55000,59000,"30,29594371",1,2
SINBAD,Portocel,Laputa;Azkaban;Raumor,55000,59000,"33,07231426",1,2
SINBAD,Portocel;Santos,Laputa;Hyrule;Elzion;Brakmar,55000,59000,"34,00040469",1,2
SINBAD,Portocel;Santos,Laputa;Hyrule;Elzion;Azkaban,55000,59000,"33,07150379",1,2
SINBAD,Portocel;Santos,Laputa;Azkaban;Hyrule,55000,59000,"30,49412902",1,2
SINBAD,Santos,Brakmar,55000,59000,"30,73764915",1,2
SINBAD,Santos,Brakmar;Elzion,55000,59000,"33,31011325",1,2
SINBAD,Santos,Gerudo;Raumor;Elzion,55000,59000,"36,57491035",1,2
SINBAD,Santos,Elzion,55000,59000,"41,02075074",1,2
SINBAD,Santos,Azkaban;Raumor,55000,59000,"32,33851641",1,2
SINBAD,Santos,Azkaban;Raumor;Elzion,55000,59000,"34,43476052",1,2
SINBAD,Santos,Laputa;Hyrule;Elzion;Brakmar,55000,59000,"32,92929655",1,2
SINBAD,Santos,Laputa;Hyrule;Elzion;Azkaban,55000,59000,"32,0163952",1,2
SINBAD,Santos,Laputa;Brakmar,55000,59000,"29,60517163",1,2
SINBAD,Santos,Laputa;Brakmar;Elzion,55000,59000,"31,56676264",1,2
SINBAD,Santos,Laputa;Elzion,55000,59000,"28,93974755",1,2
SINBAD,Santos,Laputa;Azkaban;Hyrule,55000,59000,"29,42394603",1,2
SINBAD,Santos,Laputa;Azkaban;Hyrule;Elzion,55000,59000,"31,96467632",1,2
SINBAD,Santos,Laputa;Azkaban;Raumor,55000,59000,"34,70510281",1,2
SINBAD,Santos;Itaqui,Laputa;Azkaban,55000,59000,"31,58783465",1,2
SINBAD,Santos;Itaqui,Laputa;Azkaban;Hyrule,55000,59000,"31,66054349",1,2
SINBAD,Santos;Portocel,Gerudo;Raumor;Elzion,55000,59000,"37,86783025",1,2
SINBAD,Santos;Portocel,Azkaban;Raumor,55000,59000,"33,64519039",1,2
SINBAD,Santos;Portocel,Azkaban;Raumor;Elzion,55000,59000,"35,74149618",1,2
SINBAD,Santos;Portocel,Laputa;Hyrule;Elzion;Azkaban,55000,59000,"33,3832566",1,2
SINBAD,Santos;Portocel,Laputa;Brakmar,55000,59000,"31,09589936",1,2
SINBAD,Santos;Portocel,Laputa;Brakmar;Elzion,55000,59000,"32,86329479",1,2
SINBAD,Santos;Portocel,Laputa;Elzion,55000,59000,"30,24389527",1,2
SINBAD,Santos;Portocel,Laputa;Azkaban;Hyrule,55000,59000,"30,80887073",1,2
SINBAD,Santos;Portocel,Laputa;Azkaban;Hyrule;Elzion,55000,59000,"33,31065923",1,2
SINBAD,Santos;Portocel,Laputa;Azkaban;Raumor,55000,59000,"36,00045017",1,2
SINBAD,Portocel,Azkaban;Elzion;Brakmar,55000,59000,"28,25922085",1,2
SINBAD,Santos,Azkaban;Elzion;Brakmar,55000,59000,"29,76773999",1,2
SINBAD,Santos;Portocel,Azkaban;Elzion;Brakmar,55000,59000,"31,07367385",1,2
SINBAD,Portocel,Hyrule;Elzion;Laputa,55000,59000,"28,46396277",1,2
SINBAD,Santos,Hyrule;Elzion;Laputa,55000,59000,"30,13776222",1,2
SINBAD,Santos;Portocel,Hyrule;Elzion;Laputa,55000,59000,"31,45476057",1,2
SINBAD,Portocel,Azkaban;Elzion;Laputa,55000,59000,"28,27922832",1,2
SINBAD,Santos,Azkaban;Elzion;Laputa,55000,59000,"29,7868511",1,2
SINBAD,Santos;Portocel,Azkaban;Elzion;Laputa,55000,59000,"31,09095257",1,2
SINBAD,Portocel,Azkaban;Elzion,55000,59000,"25,86009121",1,2
SINBAD,Portocel,Laputa;Azkaban;Elzion;Brakmar;Gerudo,55000,59000,"33,76052145",1,2
SINBAD,Portocel;Santos,Laputa;Azkaban;Elzion,55000,59000,"31,26782797",1,2
SINBAD,Santos,Azkaban;Elzion,55000,59000,"27,31860602",1,2
SINBAD,Santos,Laputa;Azkaban;Elzion;Brakmar;Gerudo,55000,59000,"35,51440662",1,2
SINBAD,Santos;Portocel,Azkaban;Elzion,55000,59000,"28,6244782",1,2
SINBAD,Santos;Portocel,Laputa;Azkaban;Elzion,55000,59000,"31,58256969",1,2
SINBAD,Santos;Portocel,Laputa;Azkaban;Elzion;Brakmar;Gerudo,55000,59000,"36,81860061",1,2
SINBAD,Portocel,Hyrule;Elzion,55000,59000,"26,05075792",1,2
SINBAD,Santos,Hyrule;Elzion,55000,59000,"27,6453023",1,2
SINBAD,Santos;Portocel,Hyrule;Elzion,55000,59000,"28,96057619",1,2
SINBAD,Portocel,Laputa;Gerudo;Azkaban;Brakmar,55000,59000,"31,90641273",1,2
SINBAD,Portocel,Laputa;Gerudo;Azkaban;Elzion;Brakmar,55000,59000,"33,65711154",1,2
SINBAD,Santos,Laputa;Gerudo;Azkaban;Brakmar,55000,59000,"33,58327323",1,2
SINBAD,Santos,Laputa;Gerudo;Azkaban;Elzion;Brakmar,55000,59000,"35,33469924",1,2
SINBAD,Santos;Portocel,Laputa;Gerudo;Azkaban;Brakmar,55000,59000,"34,88742096",1,2
SINBAD,Santos;Portocel,Laputa;Gerudo;Azkaban;Elzion;Brakmar,55000,59000,"36,6406331",1,2
SINBAD,Portocel,Hyrule;Laputa,55000,59000,"25,98169824",1,2
SINBAD,Santos,Hyrule;Laputa,55000,59000,"27,67730048",1,2
SINBAD,Santos;Portocel,Hyrule;Laputa,55000,59000,"28,99406754",1,2
SINBAD,Portocel,Hyrule;Gerudo;Laputa,55000,59000,"29,12624503",1,2
SINBAD,Santos,Hyrule;Gerudo;Laputa,55000,59000,"30,79860646",1,2
SINBAD,Santos;Portocel,Hyrule;Gerudo;Laputa,55000,59000,"32,11529643",1,2
SINBAD,Portocel,Azkaban;Laputa,55000,59000,"25,81714558",1,2
SINBAD,Santos,Azkaban;Laputa,55000,59000,"27,31593563",1,2
SINBAD,Santos;Portocel,Azkaban;Laputa,55000,59000,"28,6215611",1,2
SINBAD,Portocel,Azkaban;Gerudo;Laputa,55000,59000,"28,95116328",1,2
SINBAD,Santos,Azkaban;Gerudo;Laputa,55000,59000,"30,47855602",1,2
SINBAD,Santos;Portocel,Azkaban;Gerudo;Laputa,55000,59000,"31,78418149",1,2
SINBAD,Portocel,Laputa;Elzion;Gerudo,55000,59000,"29,83842845",1,2
SINBAD,Santos,Laputa;Elzion;Gerudo,55000,59000,"31,58147293",1,2
SINBAD,Santos;Portocel,Laputa;Elzion;Gerudo,55000,59000,"32,88557439",1,2
SINBAD,Portocel,Hyrule,55000,59000,"23,48979956",1,2
SINBAD,Santos,Hyrule,55000,59000,"25,17686147",1,2
SINBAD,Santos;Portocel,Hyrule,55000,59000,"26,49195033",1,2
SINBAD,Portocel,Hyrule;Gerudo,55000,59000,"27,34490814",1,2
SINBAD,Santos,Hyrule;Gerudo,55000,59000,"29,04718244",1,2
SINBAD,Santos;Portocel,Hyrule;Gerudo,55000,59000,"30,3639495",1,2
SINBAD,Portocel,Azkaban,55000,59000,"23,44107351",1,2
SINBAD,Santos,Azkaban,55000,59000,"25,004906",1,2
SINBAD,Santos;Portocel,Azkaban,55000,59000,"26,31053147",1,2
SINBAD,Portocel,Azkaban;Brakmar;Gerudo,55000,59000,"29,75647964",1,2
SINBAD,Santos,Azkaban;Brakmar;Gerudo,55000,59000,"31,26422782",1,2
SINBAD,Santos;Portocel,Azkaban;Brakmar;Gerudo,55000,59000,"32,57016168",1,2
SINBAD,Portocel,Azkaban;Hyrule,55000,59000,"25,15896952",1,2
SINBAD,Santos,Azkaban;Hyrule,55000,59000,"26,68050487",1,2
SINBAD,Santos;Portocel,Azkaban;Hyrule,55000,59000,"27,98451382",1,2
SINBAD,Portocel,Azkaban;Gerudo,55000,59000,"27,20251529",1,2
SINBAD,Santos,Azkaban;Gerudo,55000,59000,"28,69846775",1,2
SINBAD,Santos;Portocel,Azkaban;Gerudo,55000,59000,"30,00409323",1,2
SINBAD,Portocel,Gerudo;Elzion;Brakmar,55000,59000,"30,07963484",1,2
SINBAD,Santos,Gerudo;Elzion;Brakmar,55000,59000,"31,79904618",1,2
SINBAD,Santos;Portocel,Gerudo;Elzion;Brakmar,55000,59000,"33,13840479",1,2
SINBAD,Portocel,Gerudo;Azkaban;Elzion;Brakmar,55000,59000,"31,36870966",1,2
SINBAD,Santos,Gerudo;Azkaban;Elzion;Brakmar,55000,59000,"32,99173586",1,2
SINBAD,Santos;Portocel,Gerudo;Azkaban;Elzion;Brakmar,55000,59000,"34,36973885",1,2
SINBAD,Itaqui,Ishgard;Winhill,55000,59000,"20,44252774",1,2
SINBAD,Portocel;Itaqui,Ishgard;Philgaia;Winhill;Deeptrench,55000,59000,"29,04090482",1,2
SINBAD,Itaqui,Deeptrench;Johto,55000,59000,"17,71691152",1,2
SINBAD,Itaqui,Ishgard;Deeptrench;Johto,55000,59000,"21,37449309",1,2
SINBAD,Portocel,Deeptrench,55000,59000,"19,11448672",1,2
SINBAD,Portocel,Deeptrench;Johto,55000,59000,"21,80041232",1,2
SINBAD,Portocel,Deeptrench;Winhill,55000,59000,"22,40392833",1,2
SINBAD,Portocel,Deeptrench;Winhill;Johto,55000,59000,"24,72239673",1,2
SINBAD,Portocel,Johto,55000,59000,"18,7087502",1,2
SINBAD,Portocel,Johto;Philgaia,55000,59000,"22,99442504",1,2
SINBAD,Portocel,Philgaia,55000,59000,"21,26496238",1,2
SINBAD,Portocel,Philgaia;Johto,55000,59000,"24,84751066",1,2
SINBAD,Portocel,Philgaia;Winhill;Johto,55000,59000,"26,80322119",1,2
SINBAD,Portocel;Itaqui,Philgaia;Deeptrench;Johto,55000,59000,"27,8118642",1,2
SINBAD,Portocel;Itaqui,Philgaia;Winhill;Johto,55000,59000,"28,82672924",1,2
SINBAD,Portocel;Itaqui,Ishgard;Philgaia;Winhill;Johto,55000,59000,"29,8500908",1,2
SINBAD,Portocel;Itaqui,Ishgard;Winhill;Deeptrench;Johto,55000,59000,"29,27812933",1,2
SINBAD,Santos,Deeptrench,55000,59000,"20,64228822",1,2
SINBAD,Santos,Deeptrench;Johto,55000,59000,"23,32011907",1,2
SINBAD,Santos,Johto,55000,59000,"20,24225648",1,2
SINBAD,Santos,Philgaia,55000,59000,"22,9822668",1,2
SINBAD,Santos,Philgaia;Johto,55000,59000,"26,54952476",1,2
SINBAD,Santos;Portocel,Deeptrench,55000,59000,"21,95294347",1,2
SINBAD,Santos;Portocel,Deeptrench;Johto,55000,59000,"24,63111879",1,2
SINBAD,Santos;Portocel,Johto,55000,59000,"21,56606638",1,2
SINBAD,Santos;Portocel,Philgaia,55000,59000,"24,37660126",1,2
SINBAD,Santos;Portocel,Philgaia;Johto,55000,59000,"27,94423419",1,2
SINBAD,Portocel;Itaqui,Johto;Deeptrench;Philgaia;Ishgard,55000,59000,"28,1459113",1,2
SINBAD,Portocel;Itaqui,Johto;Philgaia;Deeptrench;Ishgard,55000,59000,"28,57167669",1,2
SINBAD,Portocel;Itaqui,Ishgard;Philgaia;Deeptrench;Johto,55000,59000,"28,5487431",1,2
SINBAD,Portocel,Alabasta;Besaid;Johto,55000,59000,"29,95061156",1,2
SINBAD,Portocel,Philgaia;Johto;Alabasta,55000,59000,"29,46471364",1,2
SINBAD,Portocel,Philgaia;Johto;Paldea,55000,59000,"29,00484005",1,2
SINBAD,Portocel,Philgaia;Johto;Besaid,55000,59000,"29,38589074",1,2
SINBAD,Portocel,Philgaia;Johto;Walden,55000,59000,"29,36118319",1,2
SINBAD,Portocel,Philgaia;Besaid;Walden,55000,59000,"29,49478894",1,2
SINBAD,Portocel,Walden;Besaid;Johto,55000,59000,"28,87311155",1,2
SINBAD,Santos,Philgaia;Johto;Besaid,55000,59000,"31,09485108",1,2
SINBAD,Santos,Philgaia;Johto;Walden,55000,59000,"31,10332885",1,2
SINBAD,Santos,Philgaia;Besaid;Walden,55000,59000,"31,23652213",1,2
SINBAD,Santos,Walden;Besaid;Johto,55000,59000,"30,59047197",1,2
SINBAD,Santos;Portocel,Philgaia;Johto;Besaid,55000,59000,"32,49278082",1,2
SINBAD,Santos;Portocel,Philgaia;Johto;Walden,55000,59000,"32,4593556",1,2
SINBAD,Santos;Portocel,Philgaia;Besaid;Walden,55000,59000,"32,62458549",1,2
SINBAD,Santos;Portocel,Walden;Besaid;Johto,55000,59000,"32,08390607",1,2
SINBAD,Portocel,Philgaia;Besaid;Alabasta,55000,59000,"30,39234985",1,2
SINBAD,Itaqui,Tarbean;Besaid,55000,59000,"20,34588182",1,2
SINBAD,Itaqui,Tarbean;Besaid;Paldea,55000,59000,"22,13368041",1,2
SINBAD,Itaqui,Alabasta;Tarbean,55000,59000,"23,78160354",1,2
SINBAD,Portocel,Alabasta;Besaid;Paldea,55000,59000,"28,13989347",1,2
SINBAD,Portocel,Noctis;Alabasta;Besaid,55000,59000,"27,26779781",1,2
SINBAD,Itaqui,Tarbean;Noctis,55000,59000,"21,30850555",1,2
SINBAD,Itaqui,Tarbean;Paldea,55000,59000,"20,74195077",1,2
SINBAD,Itaqui,Alabasta;Besaid,55000,59000,"21,6490505",1,2
SINBAD,Itaqui,Alabasta;Besaid;Paldea,55000,59000,"23,69173796",1,2
SINBAD,Itaqui,Noctis;Alabasta;Besaid;Paldea,55000,59000,"24,27114726",1,2
SINBAD,Itaqui,Noctis;Alabasta;Paldea,55000,59000,"22,45224382",1,2
SINBAD,Itaqui,Noctis;Besaid;Paldea,55000,59000,"21,31702399",1,2
SINBAD,Portocel,Tarbean,55000,59000,"23,6082395",1,2
SINBAD,Portocel,Tarbean;Paldea,55000,59000,"25,11728893",1,2
SINBAD,Portocel,Alabasta,55000,59000,"23,6996652",1,2
SINBAD,Portocel,Alabasta;Besaid;Paldea,55000,59000,"28,71989347",1,2
SINBAD,Portocel,Besaid,55000,59000,"22,69145914",1,2
SINBAD,Portocel,Noctis,55000,59000,"22,18981511",1,2
SINBAD,Portocel,Noctis;Besaid,55000,59000,"23,52412428",1,2
SINBAD,Portocel,Noctis;Besaid;Walden,55000,59000,"24,85862396",1,2
SINBAD,Portocel,Noctis;Walden,55000,59000,"23,3569384",1,2
SINBAD,Portocel,Noctis;Walden;Besaid,55000,59000,"25,55668661",1,2
SINBAD,Portocel,Walden,55000,59000,"23,49005763",1,2
SINBAD,Portocel,Walden;Besaid,55000,59000,"25,72446635",1,2
SINBAD,Portocel;Itaqui,Tarbean;Alabasta;Besaid;Paldea,55000,59000,"30,85349995",1,2
SINBAD,Portocel;Itaqui,Alabasta;Besaid;Paldea,55000,59000,"30,33666814",1,2
SINBAD,Portocel;Itaqui,Noctis;Alabasta,55000,59000,"26,2839431",1,2
SINBAD,Santos,Besaid,55000,59000,"24,39003971",1,2
SINBAD,Santos,Noctis,55000,59000,"23,65646204",1,2
SINBAD,Santos,Noctis;Besaid,55000,59000,"24,94047984",1,2
SINBAD,Santos,Noctis;Besaid;Walden,55000,59000,"26,33392252",1,2
SINBAD,Santos,Noctis;Walden,55000,59000,"24,80205228",1,2
SINBAD,Santos,Walden,55000,59000,"25,20390667",1,2
SINBAD,Santos,Walden;Besaid,55000,59000,"27,41368243",1,2
SINBAD,Santos;Portocel,Alabasta;Besaid;Paldea,55000,59000,"31,70743542",1,2
SINBAD,Santos;Portocel,Alabasta;Walden;Besaid;Paldea,55000,59000,"32,69629584",1,2
SINBAD,Santos;Portocel,Besaid,55000,59000,"25,86815754",1,2
SINBAD,Santos;Portocel,Noctis,55000,59000,"25,04649553",1,2
SINBAD,Santos;Portocel,Noctis;Besaid,55000,59000,"26,34185713",1,2
SINBAD,Santos;Portocel,Noctis;Besaid;Walden,55000,59000,"27,72694996",1,2
SINBAD,Santos;Portocel,Noctis;Walden,55000,59000,"26,19267181",1,2
SINBAD,Santos;Portocel,Walden,55000,59000,"26,69505735",1,2
SINBAD,Santos;Portocel,Walden;Besaid,55000,59000,"28,87755083",1,2
SINBAD,Itaqui,Vancross,55000,59000,"30,41605661",1,2
SINBAD,Portocel,Vancross,55000,59000,"34,63200957",1,2
SINBAD,Santos,Vancross,55000,59000,"35,85280197",1,2
SINBAD,Santos;Itaqui,Vancross,55000,59000,"36,54704146",1,2
SINBAD,Santos;Portocel,Vancross,55000,59000,"36,5252686",1,2
AMERICO,Itaqui,Liones;Savois,41000,47500,"29,95803791",1,2
AMERICO,Itaqui,Liones;Savois,47501,52000,"29,50610549",1,2
AMERICO,Itaqui,Liones;Savois,52001,56000,"29,16536279",1,2
AMERICO,Itaqui,Savois;Liones,41000,47500,"28,91803791",1,2
AMERICO,Itaqui,Savois;Liones,47501,52000,"28,46610549",1,2
AMERICO,Itaqui,Savois;Liones,52001,56000,"28,12536279",1,2
AMERICO,Itaqui,Tartarus;Liones,41000,47500,"28,49400448",1,2
AMERICO,Itaqui,Tartarus;Liones,52001,56000,"27,68828087",1,2
AMERICO,Itaqui,Tartarus;Savois,41000,47500,"28,98360154",1,2
AMERICO,Itaqui,Tartarus;Savois,47501,52000,"28,50609149",1,2
AMERICO,Itaqui,Tartarus;Savois,52001,56000,"28,14606408",1,2
AMERICO,Itaqui,Tartarus;Savois;Liones,41000,47500,"30,56771643",1,2
AMERICO,Itaqui,Tartarus;Savois;Liones,47501,52000,"30,00071567",1,2
AMERICO,Itaqui,Tartarus;Savois;Liones,52001,56000,"29,5732151",1,2
AMERICO,Itaqui,Tartarus;Aeusserst;Liones,41000,47500,"30,52749984",1,2
AMERICO,Itaqui,Tartarus;Aeusserst;Liones,47501,52000,"29,97003706",1,2
AMERICO,Itaqui,Tartarus;Aeusserst;Liones,52001,56000,"29,54972782",1,2
AMERICO,Itaqui,Tartarus;Aeusserst;Savois;Liones,41000,47500,"32,11446931",1,2
AMERICO,Itaqui,Tartarus;Aeusserst;Savois;Liones,47501,52000,"31,44996109",1,2
AMERICO,Itaqui,Tartarus;Aeusserst;Savois;Liones,52001,56000,"30,94894299",1,2
AMERICO,Itaqui,Azkaban,41000,47500,"25,51880341",1,2
AMERICO,Itaqui,Azkaban,47501,52000,"25,10362887",1,2
AMERICO,Itaqui,Azkaban,52001,56000,"24,79060045",1,2
AMERICO,Itaqui,Azkaban;Hyrule,41000,47500,"27,93764098",1,2
AMERICO,Itaqui,Azkaban;Hyrule,47501,52000,"27,35381704",1,2
AMERICO,Itaqui,Azkaban;Hyrule,52001,56000,"26,91363232",1,2
AMERICO,Itaqui,Azkaban;Laputa,41000,47500,"28,66552896",1,2
AMERICO,Itaqui,Azkaban;Laputa,47501,52000,"28,08621472",1,2
AMERICO,Itaqui,Azkaban;Laputa,52001,56000,"27,64943016",1,2
AMERICO,Itaqui,Laputa,41000,47500,"24,62730241",1,2
AMERICO,Itaqui,Laputa,47501,52000,"24,23637796",1,2
AMERICO,Itaqui,Laputa,52001,56000,"23,94163333",1,2
AMERICO,Itaqui,Laputa;Hyrule,41000,47500,"29,89010663",1,2
AMERICO,Itaqui,Laputa;Hyrule,47501,52000,"29,29817027",1,2
AMERICO,Itaqui,Laputa;Hyrule,52001,56000,"28,85186905",1,2
AMERICO,Itaqui,Laputa;Azkaban,41000,47500,"28,76640502",1,2
AMERICO,Itaqui,Laputa;Azkaban,47500,52000,"28,18517361",1,2
AMERICO,Itaqui,Laputa;Azkaban,52001,56000,"27,74694358",1,2
AMERICO,Itaqui,Laputa;Azkaban;Hyrule,41000,47500,"31,91524259",1,2
AMERICO,Itaqui,Laputa;Azkaban;Hyrule,47501,52000,"31,16536177",1,2
AMERICO,Itaqui,Laputa;Azkaban;Hyrule,52001,56000,"30,59997544",1,2
AMERICO,Itaqui,Tarbean;Alabasta,41000,47500,"28,45960171",1,2
AMERICO,Itaqui,Tarbean;Alabasta,47501,52000,"26,83422961",1,2
AMERICO,Itaqui,Tarbean;Alabasta,52001,56000,"25,80116255",1,2
AMERICO,Itaqui,Tarbean;Alabasta;Besaid;Paldea,41000,47500,"35,92337666",1,2
AMERICO,Itaqui,Tarbean;Alabasta;Besaid;Paldea,47501,52000,"32,93883654",1,2
AMERICO,Itaqui,Tarbean;Alabasta;Besaid;Paldea,52001,56000,"31,36668327",1,2
AMERICO,Itaqui,Tarbean;Alabasta;Paldea,41000,47500,"32,15473329",1,2
AMERICO,Itaqui,Tarbean;Alabasta;Paldea,47501,52000,"30,368345",1,2
AMERICO,Itaqui,Tarbean;Alabasta;Paldea,52001,56000,"28,98051255",1,2
AMERICO,Itaqui,Tarbean;Ironfall,41000,47500,"28,0378034",1,2
AMERICO,Itaqui,Tarbean;Ironfall,47501,52000,"26,4768225",1,2
AMERICO,Itaqui,Tarbean;Ironfall,52001,56000,"25,4590988",1,2
AMERICO,Itaqui,Tarbean;Besaid,41000,47500,"27,1323954",1,2
AMERICO,Itaqui,Tarbean;Besaid,47501,52000,"25,59154596",1,2
AMERICO,Itaqui,Tarbean;Besaid,52001,56000,"24,65668487",1,2
AMERICO,Itaqui,Tarbean;Besaid;Paldea,41000,47500,"30,12882698",1,2
AMERICO,Itaqui,Tarbean;Besaid;Paldea,47501,52000,"28,40266134",1,2
AMERICO,Itaqui,Tarbean;Besaid;Paldea,52001,56000,"27,23023487",1,2
AMERICO,Itaqui,Tarbean;Noctis,41000,47500,"27,97989119",1,2
AMERICO,Itaqui,Tarbean;Noctis,47501,52000,"26,30469115",1,2
AMERICO,Itaqui,Tarbean;Noctis,52001,56000,"25,36069112",1,2
AMERICO,Itaqui,Tarbean;Paldea,41000,47500,"27,40018361",1,2
AMERICO,Itaqui,Tarbean;Paldea,47501,52000,"26,34216981",1,2
AMERICO,Itaqui,Tarbean;Paldea,52001,56000,"24,89406416",1,2
AMERICO,Itaqui,Tarbean;Valisthea,41000,47500,"27,62323624",1,2
AMERICO,Itaqui,Tarbean;Valisthea,47501,52000,"26,07120827",1,2
AMERICO,Itaqui,Tarbean;Valisthea,52001,56000,"25,12531416",1,2
AMERICO,Itaqui,Johto;Philgaia,41000,47500,"23,90002374",1,2
AMERICO,Itaqui,Johto;Philgaia,47501,52000,"23,1169148",1,2
AMERICO,Itaqui,Johto;Philgaia;Ishgard,41000,47500,"27,60423427",1,2
AMERICO,Itaqui,Johto;Philgaia;Ishgard,47501,52000,"26,43537634",1,2
AMERICO,Itaqui,Johto;Ishgard,41000,47500,"25,18866711",1,2
AMERICO,Itaqui,Johto;Ishgard,47501,52000,"24,41567557",1,2
AMERICO,Itaqui,Johto;Winhill,41000,47500,"24,52377827",1,2
AMERICO,Itaqui,Johto;Winhill,47501,52000,"23,68544057",1,2
AMERICO,Itaqui,Johto;Winhill;Philgaia,41000,47500,"26,56934543",1,2
AMERICO,Itaqui,Johto;Winhill;Philgaia,47501,52000,"25,55514134",1,2
AMERICO,Itaqui,Johto;Winhill;Philgaia;Ishgard,41000,47500,"30,40355595",1,2
AMERICO,Itaqui,Johto;Winhill;Philgaia;Ishgard,47501,52000,"29,24360288",1,2
AMERICO,Itaqui,Johto;Winhill;Ishgard,41000,47500,"28,35798879",1,2
AMERICO,Itaqui,Johto;Winhill;Ishgard,47501,52000,"27,36390211",1,2
AMERICO,Itaqui,Philgaia;Ishgard,41000,47500,"24,10181322",1,2
AMERICO,Itaqui,Philgaia;Ishgard,47501,52000,"23,31076096",1,2
AMERICO,Itaqui,Ishgard;Deeptrench,41000,47000,"24,5245195",1,2
AMERICO,Itaqui,Ishgard;Deeptrench,47501,52000,"23,71721403",1,2
AMERICO,Itaqui,Ishgard;Deeptrench,52001,56000,"23,44373751",1,2
AMERICO,Itaqui,Ishgard;Winhill,41000,47000,"24,79042971",1,2
AMERICO,Itaqui,Ishgard;Winhill,47501,52000,"23,87928673",1,2
AMERICO,Itaqui,Ishgard;Winhill,52001,56000,"23,54280501",1,2
AMERICO,Itaqui,Ishgard;Winhill;Deeptrench;Johto,41000,47000,"31,06915311",1,2
AMERICO,Itaqui,Ishgard;Winhill;Deeptrench;Johto,47501,52000,"29,93005596",1,2
AMERICO,Itaqui,Ishgard;Winhill;Deeptrench;Johto,52001,56000,"29,3935193",1,2
AMERICO,Itaqui,Ishgard;Winhill;Johto,41000,47000,"28,44979141",1,2
AMERICO,Itaqui,Ishgard;Winhill;Johto,47501,52000,"27,40390211",1,2
AMERICO,Itaqui,Ishgard;Winhill;Johto,52001,56000,"26,9635193",1,2
AMERICO,Itaqui,Winhill;Philgaia,41000,47500,"25,06692437",1,2
AMERICO,Itaqui,Winhill;Philgaia;Ishgard,41000,47500,"29,2311349",1,2
AMERICO,Itaqui,Philgaia;Johto,41000,47500,"23,65002374",1,2
AMERICO,Itaqui,Philgaia;Johto,47501,52000,"22,5969148",1,2
AMERICO,Itaqui,Philgaia;Johto,52001,56000,"22,31560251",1,2
AMERICO,Itaqui,Tarbean,41000,47500,"24,12955203",1,2
AMERICO,Itaqui,Tarbean,47501,52000,"22,80505442",1,2
AMERICO,Itaqui,Tarbean,52001,56000,"22,08531416",1,2
AMERICO,Itaqui,Alabasta;Ironfall,41000,47500,"27,18498466",1,2
AMERICO,Itaqui,Alabasta;Ironfall,47501,52000,"25,64069",1,2
AMERICO,Itaqui,Alabasta;Altissia;Besaid,41000,47500,"29,97807835",1,2
AMERICO,Itaqui,Alabasta;Altissia;Besaid,47501,52000,"28,24313134",1,2
AMERICO,Itaqui,Alabasta;Besaid,41000,47500,"27,86537666",1,2
AMERICO,Itaqui,Alabasta;Besaid,47501,52000,"26,32941346",1,2
AMERICO,Itaqui,Alabasta;Besaid;Paldea,41000,47500,"30,86600824",1,2
AMERICO,Itaqui,Alabasta;Besaid;Paldea,47501,52000,"29,13652884",1,2
AMERICO,Itaqui,Alabasta;Noctis;Besaid;Paldea,41000,47500,"35,0463474",1,2
AMERICO,Itaqui,Alabasta;Noctis;Besaid;Paldea,47501,52000,"32,98616557",1,2
AMERICO,Itaqui,Alabasta;Paldea,41000,47500,"28,06736487",1,2
AMERICO,Itaqui,Alabasta;Paldea,47501,52000,"26,55603731",1,2
AMERICO,Itaqui,Alabasta;Valisthea,41000,47500,"27,3804175",1,2
AMERICO,Itaqui,Alabasta;Valisthea,47501,52000,"25,84507577",1,2
AMERICO,Itaqui,Besaid;Alabasta;Noctis;Paldea,41000,47500,"35,7863474",1,2
AMERICO,Itaqui,Besaid;Alabasta;Noctis;Paldea,47501,52000,"33,72616557",1,2
AMERICO,Itaqui,Besaid;Alabasta;Paldea,41000,47500,"31,57600824",1,2
AMERICO,Itaqui,Besaid;Alabasta;Paldea,47501,52000,"29,81652884",1,2
AMERICO,Itaqui,Besaid;Alabasta;Valisthea;Paldea,41000,47500,"35,02969245",1,2
AMERICO,Itaqui,Besaid;Alabasta;Valisthea;Paldea,47501,52000,"33,06268269",1,2
AMERICO,Itaqui,Besaid;Ironfall,41000,47500,"27,17907835",1,2
AMERICO,Itaqui,Besaid;Ironfall,47501,52000,"25,69500634",1,2
AMERICO,Itaqui,Besaid;Altissia;Paldea,41000,47500,"30,39416024",1,2
AMERICO,Itaqui,Besaid;Altissia;Paldea,47501,52000,"28,75407154",1,2
AMERICO,Itaqui,Besaid;Paldea,41000,47500,"26,10145856",1,2
AMERICO,Itaqui,Besaid;Paldea,47501,52000,"24,66035365",1,2
AMERICO,Itaqui,Besaid;Valisthea,41000,47500,"26,77451119",1,2
AMERICO,Itaqui,Besaid;Valisthea,47501,52000,"25,29939211",1,2
AMERICO,Itaqui,Noctis;Alabasta;Besaid;Paldea,41000,47500,"34,2463474",1,2
AMERICO,Itaqui,Noctis;Alabasta;Besaid;Paldea,47501,52000,"32,14616557",1,2
AMERICO,Itaqui,Noctis;Alabasta;Besaid;Paldea,52001,56000,"31,14206023",1,2
AMERICO,Itaqui,Paldea;Besaid;Alabasta,41000,47500,"30,81600824",1,2
AMERICO,Itaqui,Paldea;Besaid;Alabasta,47501,52000,"29,06652884",1,2
AMERICO,Itaqui,Paldea;Besaid;Alabasta;Valisthea,41000,47500,"34,14969245",1,2
AMERICO,Itaqui,Paldea;Besaid;Alabasta;Valisthea,47501,52000,"31,87268269",1,2
AMERICO,Itaqui,Paldea;Besaid;Noctis;Alabasta,41000,47500,"34,2463474",1,2
AMERICO,Itaqui,Alabasta;Noctis;Besaid;Paldea,52001,56000,"31,14206023",1,2
COLOMBO,Portocel,Rlyeh;Nassauia;Ulthar;Tahlenwald,58000,58000,"51,71436313",2,3
COLOMBO,Portocel,Rlyeh;Nassauia;Ulthar;Dirtmouth,58000,58000,"51,80094322",2,3
COLOMBO,Portocel,Rlyeh;Nassauia;Ulthar;Marineford,58000,58000,"51,71436313",2,3
COLOMBO,Portocel,Rlyeh;Ulthar;Tahlenwald;Yjigar,58000,58000,"51,71436313",2,3
COLOMBO,Portocel,Rlyeh;Ulthar;Tahlenwald;Zuldazar,58000,58000,"51,71436313",2,3
COLOMBO,Portocel,Rlyeh;Ulthar;Dirtmouth;Yjigar,58000,58000,"51,80094322",2,3
COLOMBO,Portocel,Rlyeh;Ulthar;Dirtmouth;Zuldazar,58000,58000,"51,80094322",2,3
COLOMBO,Portocel,Rlyeh;Ulthar;Marineford;Yjigar,58000,58000,"51,71436313",2,3
COLOMBO,Portocel,Rlyeh;Ulthar;Marineford;Zuldazar,58000,58000,"51,71436313",2,3
COLOMBO,Portocel,Dornfall;Nassauia;Ulthar;Konoha,58000,58000,"40,31385477",2,3
COLOMBO,Portocel,Dornfall;Ulthar;Konoha;Yjigar,58000,58000,"40,31385477",2,3
COLOMBO,Portocel,Dornfall;Ulthar;Konoha;Zuldazar,58000,58000,"40,31385477",2,3
COLOMBO,Portocel,Deliora;Nassauia;Ulthar;Konoha,58000,58000,"40,9517858",2,3
COLOMBO,Portocel,Deliora;Ulthar;Konoha;Yjigar,58000,58000,"40,9517858",2,3
COLOMBO,Portocel,Deliora;Ulthar;Konoha;Zuldazar,58000,58000,"40,9517858",2,3
COLOMBO,Portocel,Askr;Nassauia;Konoha,72000,72000,"40,22777412",2,3
COLOMBO,Portocel,Lyngard;Nassauia;Ulthar;Konoha,58000,58000,"40,93454442",2,3
COLOMBO,Portocel,Lyngard;Ulthar;Konoha;Yjigar,58000,58000,"40,93454442",2,3
COLOMBO,Portocel,Lyngard;Ulthar;Konoha;Zuldazar,58000,58000,"40,93454442",2,3
COLOMBO,Portocel,Seireitei;Namek;Rlyeh;Konoha,58000,58000,"68,34353076",2,3
COLOMBO,Portocel,Seireitei;Namek;Rlyeh;Lothlorien,58000,58000,"68,34353076",2,3
COLOMBO,Portocel,Seireitei;Namek;Askr;Rlyeh,58000,58000,"67,65781647",2,3
COLOMBO,Portocel,Seireitei;Namek;Askr;Konoha,58000,58000,"67,22924504",2,3
COLOMBO,Portocel,Seireitei;Namek;Askr;Lothlorien,58000,58000,"67,22924504",2,3
COLOMBO,Portocel,Seireitei;Namek;Konoha;Tahlenwald,58000,58000,"67,91495933",2,3
COLOMBO,Portocel,Seireitei;Namek;Konoha;Lothlorien,58000,58000,"67,91495933",2,3
COLOMBO,Portocel,Seireitei;Ulthar;Rlyeh;Konoha,58000,58000,"68,2863879",2,3
COLOMBO,Portocel,Seireitei;Ulthar;Rlyeh;Lothlorien,58000,58000,"68,2863879",2,3
COLOMBO,Portocel,Seireitei;Ulthar;Askr;Rlyeh,58000,58000,"67,60067362",2,3
COLOMBO,Portocel,Seireitei;Ulthar;Askr;Konoha,58000,58000,"67,17210219",2,3
COLOMBO,Portocel,Seireitei;Ulthar;Askr;Lothlorien,58000,58000,"67,17210219",2,3
COLOMBO,Portocel,Seireitei;Ulthar;Konoha;Tahlenwald,58000,58000,"67,85781647",2,3
COLOMBO,Portocel,Seireitei;Ulthar;Konoha;Lothlorien,58000,58000,"67,85781647",2,3
COLOMBO,Portocel,Nassauia;Askr;Konoha,72000,72000,"36,7641787",2,3
COLOMBO,Portocel,Nassauia;Askr;Konoha;Dirtmouth,58000,58000,"40,31557891",2,3
COLOMBO,Portocel,Nassauia;Askr;Konoha;Dirtmouth,72000,72000,"38,42862314",2,3
COLOMBO,Portocel,Nassauia;Ulthar;Tahlenwald;Konoha,58000,58000,"40,93454442",2,3
COLOMBO,Portocel,Nassauia;Ulthar;Tahlenwald;Lothlorien,58000,58000,"40,93454442",2,3
COLOMBO,Portocel,Nassauia;Ulthar;Dirtmouth;Konoha,58000,58000,"41,00350994",2,3
COLOMBO,Portocel,Nassauia;Ulthar;Dirtmouth;Lothlorien,58000,58000,"41,00350994",2,3
COLOMBO,Portocel,Nassauia;Ulthar;Konoha;Marineford,58000,58000,"40,93454442",2,3
COLOMBO,Portocel,Nassauia;Ulthar;Marineford;Lothlorien,58000,58000,"40,93454442",2,3
COLOMBO,Portocel,Ngorim;Nassauia;Ulthar;Tahlenwald,58000,58000,"40,88282029",2,3
COLOMBO,Portocel,Ngorim;Nassauia;Ulthar;Dirtmouth,58000,58000,"40,9517858",2,3
COLOMBO,Portocel,Ngorim;Nassauia;Ulthar;Marineford,58000,58000,"40,88282029",2,3
COLOMBO,Portocel,Ngorim;Ulthar;Tahlenwald;Yjigar,58000,58000,"40,88282029",2,3
COLOMBO,Portocel,Ngorim;Ulthar;Tahlenwald;Zuldazar,58000,58000,"40,88282029",2,3
COLOMBO,Portocel,Ngorim;Ulthar;Dirtmouth;Yjigar,58000,58000,"40,9517858",2,3
COLOMBO,Portocel,Ngorim;Ulthar;Dirtmouth;Zuldazar,58000,58000,"40,9517858",2,3
COLOMBO,Portocel,Ngorim;Ulthar;Marineford;Yjigar,58000,58000,"40,88282029",2,3
COLOMBO,Portocel,Ngorim;Ulthar;Marineford;Zuldazar,58000,58000,"40,88282029",2,3
COLOMBO,Portocel,Namek;Ulthar;Rlyeh;Konoha,58000,58000,"41,2417858",2,3
COLOMBO,Portocel,Namek;Ulthar;Rlyeh;Lothlorien,58000,58000,"41,2417858",2,3
COLOMBO,Portocel,Namek;Ulthar;Askr;Rlyeh,58000,58000,"40,8279927",2,3
COLOMBO,Portocel,Namek;Ulthar;Askr;Konoha,58000,58000,"40,56937201",2,3
COLOMBO,Portocel,Namek;Ulthar;Askr;Lothlorien,58000,58000,"40,56937201",2,3
COLOMBO,Portocel,Namek;Ulthar;Konoha;Tahlenwald,58000,58000,"40,98316511",2,3
COLOMBO,Portocel,Namek;Ulthar;Konoha;Lothlorien,58000,58000,"40,98316511",2,3
COLOMBO,Portocel,Tahlenwald,72000,72000,"36,17973425",2,3
COLOMBO,Portocel,Tahlenwald;Namek;Seireitei;Konoha,58000,58000,"41,11316511",2,3
COLOMBO,Portocel,Dirtmouth;Tahlenwald,72000,72000,"36,4641787",2,3
COLOMBO,Portocel,Dirtmouth;Tahlenwald;Marineford;Seireitei;Ulthar,58000,58000,"42,05075132",2,3
COLOMBO,Portocel,Dirtmouth;Marineford;Seireitei,72000,72000,"38,78084536",2,3
COLOMBO,Portocel,Konoha;Tahlenwald;Namek;Seireitei,58000,58000,"44,04006685",2,3
COLOMBO,Portocel,Konoha;Lothlorien,58000,58000,"42,17651545",2,3
COLOMBO,Portocel,Marineford;Seireitei;Rlyeh,58000,58000,"41,64006167",2,3
COLOMBO,Portocel,Marineford;Seireitei;Rlyeh,72000,72000,"45,18120696",2,3
COLOMBO,Portocel,Marineford;Konoha;Promethea;Seireitei,72000,72000,"43,10538606",2,3
COLOMBO,Portocel,Ulthar;Tahlenwald,58000,58000,"55,92408941",2,3
COLOMBO,Portocel,Ulthar;Tahlenwald;Konoha;Yjigar,58000,58000,"59,35508941",2,3
COLOMBO,Portocel,Ulthar;Tahlenwald;Konoha;Zuldazar,58000,58000,"59,35508941",2,3
COLOMBO,Portocel,Ulthar;Tahlenwald;Lothlorien;Yjigar,58000,58000,"59,35508941",2,3
COLOMBO,Portocel,Ulthar;Tahlenwald;Lothlorien;Zuldazar,58000,58000,"59,35508941",2,3
COLOMBO,Portocel,Ulthar;Dirtmouth,58000,58000,"56,02408941",2,3
COLOMBO,Portocel,Ulthar;Dirtmouth;Konoha;Yjigar,58000,58000,"59,45508941",2,3
COLOMBO,Portocel,Ulthar;Dirtmouth;Konoha;Zuldazar,58000,58000,"59,45508941",2,3
COLOMBO,Portocel,Ulthar;Dirtmouth;Lothlorien;Yjigar,58000,58000,"59,45508941",2,3
COLOMBO,Portocel,Ulthar;Dirtmouth;Lothlorien;Zuldazar,58000,58000,"59,45508941",2,3
COLOMBO,Portocel,Ulthar;Konoha;Marineford;Yjigar,58000,58000,"59,35508941",2,3
COLOMBO,Portocel,Ulthar;Konoha;Marineford;Zuldazar,58000,58000,"59,35508941",2,3
COLOMBO,Portocel,Ulthar;Marineford,58000,58000,"55,92408941",2,3
COLOMBO,Portocel,Ulthar;Marineford;Lothlorien;Yjigar,58000,58000,"59,35508941",2,3
COLOMBO,Portocel,Ulthar;Marineford;Lothlorien;Zuldazar,58000,58000,"59,35508941",2,3
COLOMBO,Portocel,Zuldazar;Nassauia;Askr;Konoha,58000,58000,"39,44661339",2,3
COLOMBO,Portocel,Zuldazar;Konoha;Marineford;Promethea,72000,72000,"39,1041787",2,3
COLOMBO,Portocel;Santos,Nassauia;Askr;Konoha,72000,72000,"38,53074438",2,3
COLOMBO,Portocel;Santos,Lothlorien;Konoha;Rlyeh,72000,72000,"43,14728608",2,3
COLOMBO,Portocel;Santos,Zuldazar;Askr;Konoha,72000,72000,"38,51074438",2,3
COLOMBO,Portocel;Santos,Zuldazar;Nassauia;Askr,58000,58000,"40,41855699",2,3
COLOMBO,Portocel;Santos,Zuldazar;Konoha;Rlyeh,72000,72000,"38,95241105",2,3
COLOMBO,Portocel;Santos,Zuldazar;Konoha;Tahlenwald,72000,72000,"39,31407771",2,3
COLOMBO,Santos,Rlyeh;Deliora;Nassauia;Ulthar,58000,58000,"51,65729898",2,3
COLOMBO,Santos,Rlyeh;Nassauia;Ulthar;Tahlenwald,58000,58000,"51,63565396",2,3
COLOMBO,Santos,Rlyeh;Nassauia;Ulthar;Tahlenwald,72000,72000,"54,96422032",2,3
COLOMBO,Santos,Rlyeh;Nassauia;Ulthar;Dirtmouth,58000,58000,"51,72223405",2,3
COLOMBO,Santos,Rlyeh;Nassauia;Ulthar;Dirtmouth,72000,72000,"55,04219303",2,3
COLOMBO,Santos,Rlyeh;Nassauia;Ulthar;Marineford,58000,58000,"51,63565396",2,3
COLOMBO,Santos,Rlyeh;Nassauia;Ulthar;Marineford,72000,72000,"54,96422032",2,3
COLOMBO,Santos,Rlyeh;Ulthar;Tahlenwald;Yjigar,58000,58000,"51,63565396",2,3
COLOMBO,Santos,Rlyeh;Ulthar;Tahlenwald;Yjigar,72000,72000,"54,96422032",2,3
COLOMBO,Santos,Rlyeh;Ulthar;Tahlenwald;Zuldazar,58000,58000,"51,63565396",2,3
COLOMBO,Santos,Rlyeh;Ulthar;Tahlenwald;Zuldazar,72000,72000,"54,96422032",2,3
COLOMBO,Santos,Rlyeh;Ulthar;Dirtmouth;Yjigar,58000,58000,"51,72223405",2,3
COLOMBO,Santos,Rlyeh;Ulthar;Dirtmouth;Yjigar,72000,72000,"55,04219303",2,3
COLOMBO,Santos,Rlyeh;Ulthar;Dirtmouth;Zuldazar,58000,58000,"51,72223405",2,3
COLOMBO,Santos,Rlyeh;Ulthar;Dirtmouth;Zuldazar,72000,72000,"55,04219303",2,3
COLOMBO,Santos,Rlyeh;Ulthar;Marineford;Yjigar,58000,58000,"51,63565396",2,3
COLOMBO,Santos,Rlyeh;Ulthar;Marineford;Yjigar,72000,72000,"54,96422032",2,3
COLOMBO,Santos,Rlyeh;Ulthar;Marineford;Zuldazar,58000,58000,"51,63565396",2,3
COLOMBO,Santos,Rlyeh;Ulthar;Marineford;Zuldazar,72000,72000,"54,96422032",2,3
COLOMBO,Santos,Dornfall;Nassauia;Ulthar;Konoha,58000,58000,"40,25115884",2,3
COLOMBO,Santos,Dornfall;Nassauia;Ulthar;Konoha,72000,72000,"38,45367365",2,3
COLOMBO,Santos,Dornfall;Ulthar;Konoha;Yjigar,58000,58000,"40,25115884",2,3
COLOMBO,Santos,Dornfall;Ulthar;Konoha;Yjigar,72000,72000,"38,45367365",2,3
COLOMBO,Santos,Dornfall;Ulthar;Konoha;Zuldazar,58000,58000,"40,25115884",2,3
COLOMBO,Santos,Dornfall;Ulthar;Konoha;Zuldazar,72000,72000,"38,45367365",2,3
COLOMBO,Santos,Deliora;Nassauia;Ulthar;Konoha,58000,58000,"40,88908988",2,3
COLOMBO,Santos,Deliora;Nassauia;Ulthar;Konoha,72000,72000,"38,96756254",2,3
COLOMBO,Santos,Deliora;Ulthar;Konoha;Yjigar,58000,58000,"40,88908988",2,3
COLOMBO,Santos,Deliora;Ulthar;Konoha;Yjigar,72000,72000,"38,96756254",2,3
COLOMBO,Santos,Deliora;Ulthar;Konoha;Zuldazar,58000,58000,"40,88908988",2,3
COLOMBO,Santos,Deliora;Ulthar;Konoha;Zuldazar,72000,72000,"38,96756254",2,3
COLOMBO,Santos,Lyngard;Nassauia;Ulthar;Konoha,58000,58000,"40,8718485",2,3
COLOMBO,Santos,Lyngard;Nassauia;Ulthar;Konoha,72000,72000,"39,39135537",2,3
COLOMBO,Santos,Lyngard;Ulthar;Konoha;Yjigar,58000,58000,"40,8718485",2,3
COLOMBO,Santos,Lyngard;Ulthar;Konoha;Yjigar,72000,72000,"39,39135537",2,3
COLOMBO,Santos,Lyngard;Ulthar;Konoha;Zuldazar,58000,58000,"40,8718485",2,3
COLOMBO,Santos,Lyngard;Ulthar;Konoha;Zuldazar,72000,72000,"39,39135537",2,3
COLOMBO,Santos,Seireitei;Namek;Rlyeh;Konoha,58000,58000,"68,23963466",2,3
COLOMBO,Santos,Seireitei;Namek;Rlyeh;Lothlorien,58000,58000,"68,23963466",2,3
COLOMBO,Santos,Seireitei;Namek;Askr;Rlyeh,58000,58000,"67,55392037",2,3
COLOMBO,Santos,Seireitei;Namek;Askr;Konoha,58000,58000,"67,12534894",2,3
COLOMBO,Santos,Seireitei;Namek;Askr;Lothlorien,58000,58000,"67,12534894",2,3
COLOMBO,Santos,Seireitei;Namek;Konoha;Tahlenwald,58000,58000,"67,81106323",2,3
COLOMBO,Santos,Seireitei;Namek;Konoha;Lothlorien,58000,58000,"67,81106323",2,3
COLOMBO,Santos,Seireitei;Ulthar;Rlyeh;Konoha,58000,58000,"68,1824918",2,3
COLOMBO,Santos,Seireitei;Ulthar;Rlyeh;Lothlorien,58000,58000,"68,1824918",2,3
COLOMBO,Santos,Seireitei;Ulthar;Askr;Rlyeh,58000,58000,"67,49677751",2,3
COLOMBO,Santos,Seireitei;Ulthar;Askr;Konoha,58000,58000,"67,06820608",2,3
COLOMBO,Santos,Seireitei;Ulthar;Askr;Lothlorien,58000,58000,"67,06820608",2,3
COLOMBO,Santos,Seireitei;Ulthar;Konoha;Tahlenwald,58000,58000,"67,75392037",2,3
COLOMBO,Santos,Seireitei;Ulthar;Konoha;Lothlorien,58000,58000,"67,75392037",2,3
COLOMBO,Santos,Nassauia;Ulthar;Tahlenwald;Konoha,58000,58000,"40,8718485",2,3
COLOMBO,Santos,Nassauia;Ulthar;Tahlenwald;Konoha,72000,72000,"38,95367365",2,3
COLOMBO,Santos,Nassauia;Ulthar;Tahlenwald;Lothlorien,58000,58000,"40,8718485",2,3
COLOMBO,Santos,Nassauia;Ulthar;Tahlenwald;Lothlorien,72000,72000,"38,95367365",2,3
COLOMBO,Santos,Nassauia;Ulthar;Dirtmouth;Konoha,58000,58000,"40,94081402",2,3
COLOMBO,Santos,Nassauia;Ulthar;Dirtmouth;Konoha,72000,72000,"39,0092292",2,3
COLOMBO,Santos,Nassauia;Ulthar;Dirtmouth;Lothlorien,58000,58000,"40,94081402",2,3
COLOMBO,Santos,Nassauia;Ulthar;Dirtmouth;Lothlorien,72000,72000,"39,0092292",2,3
COLOMBO,Santos,Nassauia;Ulthar;Konoha;Marineford,58000,58000,"40,8718485",2,3
COLOMBO,Santos,Nassauia;Ulthar;Konoha;Marineford,72000,72000,"38,95367365",2,3
COLOMBO,Santos,Nassauia;Ulthar;Marineford;Lothlorien,58000,58000,"40,8718485",2,3
COLOMBO,Santos,Nassauia;Ulthar;Marineford;Lothlorien,72000,72000,"38,95367365",2,3
COLOMBO,Santos,Nassauia;Lothlorien;Konoha;Rlyeh,72000,72000,"38,1342292",2,3
COLOMBO,Santos,Ngorim;Nassauia;Ulthar;Tahlenwald,58000,58000,"40,82012436",2,3
COLOMBO,Santos,Ngorim;Nassauia;Ulthar;Tahlenwald,72000,72000,"38,91200698",2,3
COLOMBO,Santos,Ngorim;Nassauia;Ulthar;Dirtmouth,58000,58000,"40,88908988",2,3
COLOMBO,Santos,Ngorim;Nassauia;Ulthar;Dirtmouth,72000,72000,"38,96756254",2,3
COLOMBO,Santos,Ngorim;Nassauia;Ulthar;Marineford,58000,58000,"40,82012436",2,3
COLOMBO,Santos,Ngorim;Nassauia;Ulthar;Marineford,72000,72000,"38,91200698",2,3
COLOMBO,Santos,Ngorim;Ulthar;Tahlenwald;Yjigar,58000,58000,"40,82012436",2,3
COLOMBO,Santos,Ngorim;Ulthar;Tahlenwald;Yjigar,72000,72000,"38,91200698",2,3
COLOMBO,Santos,Ngorim;Ulthar;Tahlenwald;Zuldazar,58000,58000,"40,82012436",2,3
COLOMBO,Santos,Ngorim;Ulthar;Tahlenwald;Zuldazar,72000,72000,"38,91200698",2,3
COLOMBO,Santos,Ngorim;Ulthar;Dirtmouth;Yjigar,58000,58000,"40,88908988",2,3
COLOMBO,Santos,Ngorim;Ulthar;Dirtmouth;Yjigar,72000,72000,"38,96756254",2,3
COLOMBO,Santos,Ngorim;Ulthar;Dirtmouth;Zuldazar,58000,58000,"40,88908988",2,3
COLOMBO,Santos,Ngorim;Ulthar;Dirtmouth;Zuldazar,72000,72000,"38,96756254",2,3
COLOMBO,Santos,Ngorim;Ulthar;Marineford;Yjigar,58000,58000,"40,82012436",2,3
COLOMBO,Santos,Ngorim;Ulthar;Marineford;Yjigar,72000,72000,"38,91200698",2,3
COLOMBO,Santos,Ngorim;Ulthar;Marineford;Zuldazar,58000,58000,"40,82012436",2,3
COLOMBO,Santos,Ngorim;Ulthar;Marineford;Zuldazar,72000,72000,"38,91200698",2,3
COLOMBO,Santos,Klunheim;Tahlenwald,58000,58000,"37,83667609",2,3
COLOMBO,Santos,Klunheim;Tahlenwald;Rlyeh,58000,58000,"39,83081402",2,3
COLOMBO,Santos,Namek;Ulthar;Rlyeh;Konoha,58000,58000,"41,17908988",2,3
COLOMBO,Santos,Namek;Ulthar;Rlyeh;Lothlorien,58000,58000,"41,17908988",2,3
COLOMBO,Santos,Namek;Ulthar;Askr;Rlyeh,58000,58000,"40,76529677",2,3
COLOMBO,Santos,Namek;Ulthar;Askr;Konoha,58000,58000,"40,50667609",2,3
COLOMBO,Santos,Namek;Ulthar;Askr;Lothlorien,58000,58000,"40,50667609",2,3
COLOMBO,Santos,Namek;Ulthar;Konoha;Tahlenwald,58000,58000,"40,92046919",2,3
COLOMBO,Santos,Namek;Ulthar;Konoha;Lothlorien,58000,58000,"40,92046919",2,3
COLOMBO,Santos,Tahlenwald,72000,72000,"35,9492292",2,3
COLOMBO,Santos,Tahlenwald,78000,78000,"34,59026261",2,3
COLOMBO,Santos,Tahlenwald;Dirtmouth;Rlyeh,58000,58000,"40,37219333",2,3
COLOMBO,Santos,Tahlenwald;Dirtmouth;Konoha,72000,72000,"38,04256254",2,3
COLOMBO,Santos,Tahlenwald;Konoha,72000,72000,"37,27811809",2,3
COLOMBO,Santos,Tahlenwald;Konoha;Rlyeh,72000,72000,"38,25534031",2,3
COLOMBO,Santos,Tahlenwald;Marineford,72000,72000,"37,31811809",2,3
COLOMBO,Santos,Tahlenwald;Marineford;Rlyeh,72000,72000,"39,39534031",2,3
COLOMBO,Santos,Tahlenwald;Marineford;Dirtmouth,72000,72000,"38,96256254",2,3
COLOMBO,Santos,Dirtmouth;Rlyeh,72000,72000,"37,60200698",2,3
COLOMBO,Santos,Dirtmouth;Tahlenwald,72000,72000,"36,73367365",2,3
COLOMBO,Santos,Dirtmouth;Tahlenwald;Marineford,72000,72000,"38,09256254",2,3
COLOMBO,Santos,Dirtmouth;Marineford,72000,72000,"37,44367365",2,3
COLOMBO,Santos,Dirtmouth;Marineford;Namek,58000,58000,"40,42219333",2,3
COLOMBO,Santos,Dirtmouth;Marineford;Namek,72000,72000,"38,63811809",2,3
COLOMBO,Santos,Konoha;Lothlorien,58000,58000,"42,10854604",2,3
COLOMBO,Santos,Marineford;Rlyeh,72000,72000,"41,41230601",2,3
COLOMBO,Santos,Ulthar;Tahlenwald,58000,58000,"55,83318032",2,3
COLOMBO,Santos,Ulthar;Tahlenwald,72000,72000,"36,93589587",2,3
COLOMBO,Santos,Ulthar;Tahlenwald;Konoha;Yjigar,58000,58000,"59,26418032",2,3
COLOMBO,Santos,Ulthar;Tahlenwald;Konoha;Yjigar,72000,72000,"38,95367365",2,3
COLOMBO,Santos,Ulthar;Tahlenwald;Konoha;Zuldazar,58000,58000,"59,26418032",2,3
COLOMBO,Santos,Ulthar;Tahlenwald;Konoha;Zuldazar,72000,72000,"38,95367365",2,3
COLOMBO,Santos,Ulthar;Tahlenwald;Lothlorien;Yjigar,58000,58000,"59,26418032",2,3
COLOMBO,Santos,Ulthar;Tahlenwald;Lothlorien;Yjigar,72000,72000,"38,95367365",2,3
COLOMBO,Santos,Ulthar;Tahlenwald;Lothlorien;Zuldazar,58000,58000,"59,26418032",2,3
COLOMBO,Santos,Ulthar;Tahlenwald;Lothlorien;Zuldazar,72000,72000,"38,95367365",2,3
COLOMBO,Santos,Ulthar;Dirtmouth,58000,58000,"55,93318032",2,3
COLOMBO,Santos,Ulthar;Dirtmouth,72000,72000,"36,99145142",2,3
COLOMBO,Santos,Ulthar;Dirtmouth;Konoha;Yjigar,58000,58000,"59,36418032",2,3
COLOMBO,Santos,Ulthar;Dirtmouth;Konoha;Yjigar,72000,72000,"39,0092292",2,3
COLOMBO,Santos,Ulthar;Dirtmouth;Konoha;Zuldazar,58000,58000,"59,36418032",2,3
COLOMBO,Santos,Ulthar;Dirtmouth;Konoha;Zuldazar,72000,72000,"39,0092292",2,3
COLOMBO,Santos,Ulthar;Dirtmouth;Lothlorien;Yjigar,58000,58000,"59,36418032",2,3
COLOMBO,Santos,Ulthar;Dirtmouth;Lothlorien;Yjigar,72000,72000,"39,0092292",2,3
COLOMBO,Santos,Ulthar;Dirtmouth;Lothlorien;Zuldazar,58000,58000,"59,36418032",2,3
COLOMBO,Santos,Ulthar;Dirtmouth;Lothlorien;Zuldazar,72000,72000,"39,0092292",2,3
COLOMBO,Santos,Ulthar;Konoha;Marineford;Yjigar,58000,58000,"59,26418032",2,3
COLOMBO,Santos,Ulthar;Konoha;Marineford;Yjigar,72000,72000,"38,95367365",2,3
COLOMBO,Santos,Ulthar;Konoha;Marineford;Zuldazar,58000,58000,"59,26418032",2,3
COLOMBO,Santos,Ulthar;Konoha;Marineford;Zuldazar,72000,72000,"38,95367365",2,3
COLOMBO,Santos,Ulthar;Marineford,58000,58000,"55,83318032",2,3
COLOMBO,Santos,Ulthar;Marineford,72000,72000,"36,93589587",2,3
COLOMBO,Santos,Ulthar;Marineford;Lothlorien;Yjigar,58000,58000,"59,26418032",2,3
COLOMBO,Santos,Ulthar;Marineford;Lothlorien;Yjigar,72000,72000,"38,95367365",2,3
COLOMBO,Santos,Ulthar;Marineford;Lothlorien;Zuldazar,58000,58000,"59,26418032",2,3
COLOMBO,Santos,Ulthar;Marineford;Lothlorien;Zuldazar,72000,72000,"38,95367365",2,3
COLOMBO,Santos,Lothlorien;Konoha;Tahlenwald,58000,58000,"39,83460712",2,3
COLOMBO,Santos,Zuldazar;Askr;Nassauia;Konoha,58000,58000,"39,38391746",2,3
COLOMBO,Santos,Zuldazar;Nassauia;Askr;Konoha,58000,58000,"39,59391746",2,3
COLOMBO,Santos,Zuldazar;Tahlenwald;Dirtmouth;Rlyeh,72000,72000,"39,31978476",2,3
COLOMBO,Santos,Zuldazar;Lothlorien;Rlyeh,72000,72000,"37,38534031",2,3
COLOMBO,Santos,Zuldazar;Lothlorien;Konoha,72000,72000,"37,13700698",2,3
COLOMBO,Santos,Zuldazar;Lothlorien;Konoha;Rlyeh,72000,72000,"38,1042292",2,3
COLOMBO,Santos;Portocel,Askr;Nassauia;Lothlorien;Rlyeh,72000,72000,"42,89691933",2,3
COLOMBO,Santos;Portocel,Nassauia;Rlyeh,72000,72000,"38,00352216",2,3
COLOMBO,Santos;Portocel,Nassauia;Askr;Lothlorien;Rlyeh,72000,72000,"39,3879666",2,3
COLOMBO,Santos;Portocel,Nassauia;Lothlorien;Askr;Rlyeh,72000,72000,"39,3679666",2,3
COLOMBO,Portocel,Zuldazar;Lothlorien;Rlyeh,72000,72000,"37,06584536",2,3
COLOMBO,Santos,Zuldazar;Konoha;Rlyeh,72000,72000,"37,39534031",2,3
COLOMBO,Santos,Midgar;Rlyeh,58000,58000,"44,39100202",2,3
COLOMBO,Santos,Midgar;Askr;Rlyeh,58000,58000,"45,57031236",2,3
COLOMBO,Santos,Midgar;Zuldazar;Rlyeh,58000,58000,"45,76410546",2,3
COLOMBO,Portocel;Santos,Savois;Liones;Mondstadt;Skellige,58000,58000,"40,71214465",1,2
COLOMBO,Portocel;Santos,Tartarus;Skellige;Mondstadt;Resembool,58000,58000,"38,85438131",1,2
COLOMBO,Portocel;Santos,Tartarus;Skellige;Mondstadt;Resembool;Iskeld,58000,58000,"40,04353432",1,2
COLOMBO,Santos,Skellige;Resembool;Valyria,58000,58000,"36,18047869",1,2
COLOMBO,Santos,Mondstadt;Skellige;Resembool;Valyria,58000,58000,"38,25916166",1,2
COLOMBO,Santos,Savois;Skellige;Valyria,58000,58000,"36,5839234",1,2
COLOMBO,Santos,Savois;Skellige;Valyria;Nibelheim,58000,58000,"38,43510994",1,2
COLOMBO,Santos,Savois;Skellige;Resembool;Valyria,58000,58000,"38,81343702",1,2
COLOMBO,Santos;Portocel,Mondstadt;Skellige;Valyria;Resembool,58000,58000,"38,51584323",1,2
COLOMBO,Santos;Portocel,Savois;Liones;Skellige;Mondstadt,58000,58000,"38,05906591",1,2
COLOMBO,Portocel;Santos,Laputa;Gerudo;Elzion,58000,58000,"34,0252534",1,2
COLOMBO,Portocel;Santos,Laputa;Azkaban;Hyrule,58000,58000,"32,11667765",1,2
COLOMBO,Portocel;Santos,Laputa;Azkaban;Hyrule;Elzion,58000,58000,"34,1656687",1,2
COLOMBO,Portocel;Santos,Laputa;Azkaban;Elzion,58000,58000,"32,24853861",1,2
COLOMBO,Santos,Gerudo;Azkaban;Hyrule,58000,58000,"31,22356974",1,2
COLOMBO,Santos,Azkaban;Elzion;Hyrule;Laputa,72000,72000,"31,45437247",1,2
COLOMBO,Santos,Laputa;Azkaban;Hyrule;Elzion,72000,72000,"30,41831064",1,2
COLOMBO,Santos;Portocel,Azkaban;Elzion,58000,58000,"29,22785056",1,2
COLOMBO,Santos;Portocel,Laputa;Azkaban;Hyrule,58000,58000,"32,32979391",1,2
COLOMBO,Santos;Portocel,Laputa;Azkaban;Hyrule;Elzion,58000,58000,"34,37878495",1,2
COLOMBO,Santos;Portocel,Laputa;Azkaban;Elzion,58000,58000,"31,50165486",1,2
COLOMBO,Santos;Portocel,Laputa;Gerudo;Elzion,58000,58000,"33,42836965",1,2
COLOMBO,Santos;Portocel,Skellige;Resembool,20000,35000,"39,54135868",1,2
COLOMBO,Santos;Portocel,Tartarus;Savois;Nibelheim;Prontera,20000,35000,"43,07329588",1,2
NEMO,Portocel,Tahlenwald;Promethea;Konoha,56000,58000,"40,36392799",2,3
NEMO,Portocel,Tahlenwald;Seireitei;Promethea,54000,58000,"39,26047972",2,3
NEMO,Portocel,Tahlenwald;Seireitei;Promethea;Rlyeh,54000,58000,"41,07082454",2,3
NEMO,Portocel,Tahlenwald;Namek;Seireitei,54000,58000,"39,01910041",2,3
NEMO,Portocel,Tahlenwald;Marineford;Namek;Seireitei,54000,58000,"40,58806592",2,3
CASPIAN,Portocel,Rlyeh;Nassauia;Ulthar;Tahlenwald,58000,58000,"52,34206876",2,3
CASPIAN,Portocel,Rlyeh;Nassauia;Ulthar;Dirtmouth,58000,58000,"52,42864884",2,3
CASPIAN,Portocel,Rlyeh;Nassauia;Ulthar;Marineford,58000,58000,"52,34206876",2,3
CASPIAN,Portocel,Rlyeh;Ulthar;Tahlenwald;Yjigar,58000,58000,"52,34206876",2,3
CASPIAN,Portocel,Rlyeh;Ulthar;Tahlenwald;Zuldazar,58000,58000,"52,34206876",2,3
CASPIAN,Portocel,Rlyeh;Ulthar;Dirtmouth;Yjigar,58000,58000,"52,42864884",2,3
CASPIAN,Portocel,Rlyeh;Ulthar;Dirtmouth;Zuldazar,58000,58000,"52,42864884",2,3
CASPIAN,Portocel,Rlyeh;Ulthar;Marineford;Yjigar,58000,58000,"52,34206876",2,3
CASPIAN,Portocel,Rlyeh;Ulthar;Marineford;Zuldazar,58000,58000,"52,34206876",2,3
CASPIAN,Portocel,Dornfall;Nassauia;Ulthar;Konoha,58000,58000,"40,81385477",2,3
CASPIAN,Portocel,Dornfall;Ulthar;Konoha;Yjigar,58000,58000,"40,81385477",2,3
CASPIAN,Portocel,Dornfall;Ulthar;Konoha;Zuldazar,58000,58000,"40,81385477",2,3
CASPIAN,Portocel,Deliora;Nassauia;Ulthar;Konoha,58000,58000,"41,43454442",2,3
CASPIAN,Portocel,Deliora;Ulthar;Konoha;Yjigar,58000,58000,"41,43454442",2,3
CASPIAN,Portocel,Deliora;Ulthar;Konoha;Zuldazar,58000,58000,"41,43454442",2,3
CASPIAN,Portocel,Askr;Nassauia;Konoha,58000,58000,"39,64350994",2,3
CASPIAN,Portocel,Askr;Nassauia;Konoha,72000,72000,"40,76508756",2,3
CASPIAN,Portocel,Askr;Tahlenwald;Promethea;Seireitei;Ulthar,58000,58000,"40,90213063",2,3
CASPIAN,Portocel,Askr;Tahlenwald;Seireitei;Ulthar;Promethea,58000,58000,"40,67247546",2,3
CASPIAN,Portocel,Askr;Tahlenwald;Ulthar;Seireitei;Promethea,58000,58000,"41,29213063",2,3
CASPIAN,Portocel,Lyngard;Nassauia;Ulthar;Konoha,58000,58000,"40,81385477",2,3
CASPIAN,Portocel,Lyngard;Ulthar;Konoha;Yjigar,58000,58000,"40,81385477",2,3
CASPIAN,Portocel,Lyngard;Ulthar;Konoha;Zuldazar,58000,58000,"40,81385477",2,3
CASPIAN,Portocel,Seireitei;Namek;Rlyeh;Konoha,58000,58000,"69,17210219",2,3
CASPIAN,Portocel,Seireitei;Namek;Rlyeh;Lothlorien,58000,58000,"69,17210219",2,3
CASPIAN,Portocel,Seireitei;Namek;Askr;Rlyeh,58000,58000,"68,4863879",2,3
CASPIAN,Portocel,Seireitei;Namek;Askr;Konoha,58000,58000,"68,05781647",2,3
CASPIAN,Portocel,Seireitei;Namek;Askr;Lothlorien,58000,58000,"68,05781647",2,3
CASPIAN,Portocel,Seireitei;Namek;Konoha;Tahlenwald,58000,58000,"68,74353076",2,3
CASPIAN,Portocel,Seireitei;Namek;Konoha;Lothlorien,58000,58000,"68,74353076",2,3
CASPIAN,Portocel,Seireitei;Ulthar;Rlyeh;Konoha,58000,58000,"69,11495933",2,3
CASPIAN,Portocel,Seireitei;Ulthar;Rlyeh;Lothlorien,58000,58000,"69,11495933",2,3
CASPIAN,Portocel,Seireitei;Ulthar;Askr;Rlyeh,58000,58000,"68,42924504",2,3
CASPIAN,Portocel,Seireitei;Ulthar;Askr;Konoha,58000,58000,"68,00067362",2,3
CASPIAN,Portocel,Seireitei;Ulthar;Askr;Lothlorien,58000,58000,"68,00067362",2,3
CASPIAN,Portocel,Seireitei;Ulthar;Konoha;Tahlenwald,58000,58000,"68,6863879",2,3
CASPIAN,Portocel,Seireitei;Ulthar;Konoha;Lothlorien,58000,58000,"68,6863879",2,3
CASPIAN,Portocel,Nassauia;Askr;Tahlenwald,58000,58000,"39,35350994",2,3
CASPIAN,Portocel,Nassauia;Askr;Dirtmouth;Tahlenwald,58000,58000,"40,28557891",2,3
CASPIAN,Portocel,Nassauia;Askr;Konoha,58000,58000,"38,93350994",2,3
CASPIAN,Portocel,Nassauia;Askr;Konoha,72000,72000,"37,2641787",2,3
CASPIAN,Portocel,Nassauia;Askr;Konoha;Dirtmouth,58000,58000,"40,81557891",2,3
CASPIAN,Portocel,Nassauia;Askr;Konoha;Dirtmouth,72000,72000,"38,92862314",2,3
CASPIAN,Portocel,Nassauia;Konoha,58000,58000,"38,3141996",2,3
CASPIAN,Portocel,Nassauia;Ulthar;Tahlenwald;Konoha,58000,58000,"41,43454442",2,3
CASPIAN,Portocel,Nassauia;Ulthar;Tahlenwald;Lothlorien,58000,58000,"41,43454442",2,3
CASPIAN,Portocel,Nassauia;Ulthar;Dirtmouth;Konoha,58000,58000,"41,50350994",2,3
CASPIAN,Portocel,Nassauia;Ulthar;Dirtmouth;Lothlorien,58000,58000,"41,50350994",2,3
CASPIAN,Portocel,Nassauia;Ulthar;Konoha;Marineford,58000,58000,"41,43454442",2,3
CASPIAN,Portocel,Nassauia;Ulthar;Marineford;Lothlorien,58000,58000,"41,43454442",2,3
CASPIAN,Portocel,Ngorim;Nassauia;Ulthar;Tahlenwald,58000,58000,"41,38282029",2,3
CASPIAN,Portocel,Ngorim;Nassauia;Ulthar;Dirtmouth,58000,58000,"41,4517858",2,3
CASPIAN,Portocel,Ngorim;Nassauia;Ulthar;Marineford,58000,58000,"41,38282029",2,3
CASPIAN,Portocel,Ngorim;Ulthar;Tahlenwald;Yjigar,58000,58000,"41,38282029",2,3
CASPIAN,Portocel,Ngorim;Ulthar;Tahlenwald;Zuldazar,58000,58000,"41,38282029",2,3
CASPIAN,Portocel,Ngorim;Ulthar;Dirtmouth;Yjigar,58000,58000,"41,4517858",2,3
CASPIAN,Portocel,Ngorim;Ulthar;Dirtmouth;Zuldazar,58000,58000,"41,4517858",2,3
CASPIAN,Portocel,Ngorim;Ulthar;Marineford;Yjigar,58000,58000,"41,38282029",2,3
CASPIAN,Portocel,Ngorim;Ulthar;Marineford;Zuldazar,58000,58000,"41,38282029",2,3
CASPIAN,Portocel,Namek;Ulthar;Rlyeh;Konoha,58000,58000,"41,7417858",2,3
CASPIAN,Portocel,Namek;Ulthar;Rlyeh;Lothlorien,58000,58000,"41,7417858",2,3
CASPIAN,Portocel,Namek;Ulthar;Askr;Rlyeh,58000,58000,"41,3279927",2,3
CASPIAN,Portocel,Namek;Ulthar;Askr;Konoha,58000,58000,"41,06937201",2,3
CASPIAN,Portocel,Namek;Ulthar;Askr;Lothlorien,58000,58000,"41,06937201",2,3
CASPIAN,Portocel,Namek;Ulthar;Konoha;Tahlenwald,58000,58000,"41,48316511",2,3
CASPIAN,Portocel,Namek;Ulthar;Konoha;Lothlorien,58000,58000,"41,48316511",2,3
CASPIAN,Portocel,Tahlenwald,72000,72000,"35,67973425",2,3
CASPIAN,Portocel,Tahlenwald;Rlyeh,58000,58000,"38,26282029",2,3
CASPIAN,Portocel,Tahlenwald;Promethea;Seireitei,58000,58000,"39,70557891",2,3
CASPIAN,Portocel,Tahlenwald;Namek;Seireitei;Konoha,58000,58000,"41,61316511",2,3
CASPIAN,Portocel,Dirtmouth;Tahlenwald,58000,58000,"38,40075132",2,3
CASPIAN,Portocel,Dirtmouth;Marineford;Seireitei,58000,58000,"41,08040649",2,3
CASPIAN,Portocel,Dirtmouth;Marineford;Seireitei,72000,72000,"39,28084536",2,3
CASPIAN,Portocel,Konoha;Tahlenwald;Namek;Seireitei,58000,58000,"44,58212293",2,3
CASPIAN,Portocel,Konoha;Lothlorien,58000,58000,"42,71857152",2,3
CASPIAN,Portocel,Marineford;Seireitei;Rlyeh,58000,58000,"41,91006167",2,3
CASPIAN,Portocel,Marineford;Seireitei;Rlyeh,72000,72000,"42,8826995",2,3
CASPIAN,Portocel,Marineford;Konoha;Promethea;Seireitei,58000,58000,"42,54868235",2,3
CASPIAN,Portocel,Marineford;Konoha;Promethea;Seireitei,72000,72000,"43,6426995",2,3
CASPIAN,Portocel,Ulthar;Tahlenwald,58000,58000,"56,64908941",2,3
CASPIAN,Portocel,Ulthar;Tahlenwald;Konoha;Yjigar,58000,58000,"60,08008941",2,3
CASPIAN,Portocel,Ulthar;Tahlenwald;Konoha;Zuldazar,58000,58000,"60,08008941",2,3
CASPIAN,Portocel,Ulthar;Tahlenwald;Lothlorien;Yjigar,58000,58000,"60,08008941",2,3
CASPIAN,Portocel,Ulthar;Tahlenwald;Lothlorien;Zuldazar,58000,58000,"60,08008941",2,3
CASPIAN,Portocel,Ulthar;Dirtmouth,58000,58000,"56,74908941",2,3
CASPIAN,Portocel,Ulthar;Dirtmouth;Konoha;Yjigar,58000,58000,"60,18008941",2,3
CASPIAN,Portocel,Ulthar;Dirtmouth;Konoha;Zuldazar,58000,58000,"60,18008941",2,3
CASPIAN,Portocel,Ulthar;Dirtmouth;Lothlorien;Yjigar,58000,58000,"60,18008941",2,3
CASPIAN,Portocel,Ulthar;Dirtmouth;Lothlorien;Zuldazar,58000,58000,"60,18008941",2,3
CASPIAN,Portocel,Ulthar;Konoha;Marineford;Yjigar,58000,58000,"60,08008941",2,3
CASPIAN,Portocel,Ulthar;Konoha;Marineford;Zuldazar,58000,58000,"60,08008941",2,3
CASPIAN,Portocel,Ulthar;Marineford,58000,58000,"56,64908941",2,3
CASPIAN,Portocel,Ulthar;Marineford;Lothlorien;Yjigar,58000,58000,"60,08008941",2,3
CASPIAN,Portocel,Ulthar;Marineford;Lothlorien;Zuldazar,58000,58000,"60,08008941",2,3
CASPIAN,Portocel,Zuldazar;Konoha;Marineford;Promethea,58000,58000,"41,53454442",2,3
CASPIAN,Portocel,Zuldazar;Konoha;Marineford;Promethea,72000,72000,"39,6041787",2,3
CASPIAN,Portocel;Santos,Nassauia;Askr;Konoha,58000,58000,"40,91855699",2,3
CASPIAN,Portocel;Santos,Nassauia;Askr;Konoha,72000,72000,"39,03074438",2,3
CASPIAN,Portocel;Santos,Zuldazar;Askr;Konoha,72000,72000,"39,01074438",2,3
CASPIAN,Portocel;Santos,Zuldazar;Konoha;Rlyeh,58000,58000,"41,46097079",2,3
CASPIAN,Portocel;Santos,Zuldazar;Konoha;Rlyeh,72000,72000,"39,45241105",2,3
CASPIAN,Portocel;Santos,Zuldazar;Konoha;Tahlenwald,58000,58000,"41,7923501",2,3
CASPIAN,Portocel;Santos,Zuldazar;Konoha;Tahlenwald,72000,72000,"39,81407771",2,3
CASPIAN,Santos,Rlyeh;Deliora;Nassauia;Ulthar,58000,58000,"52,62742885",2,3
CASPIAN,Santos,Rlyeh;Nassauia;Ulthar;Tahlenwald,58000,58000,"52,26335959",2,3
CASPIAN,Santos,Rlyeh;Nassauia;Ulthar;Dirtmouth,58000,58000,"52,34993967",2,3
CASPIAN,Santos,Rlyeh;Nassauia;Ulthar;Marineford,58000,58000,"52,26335959",2,3
CASPIAN,Santos,Rlyeh;Ulthar;Tahlenwald;Yjigar,58000,58000,"52,26335959",2,3
CASPIAN,Santos,Rlyeh;Ulthar;Tahlenwald;Zuldazar,58000,58000,"52,26335959",2,3
CASPIAN,Santos,Rlyeh;Ulthar;Dirtmouth;Yjigar,58000,58000,"52,34993967",2,3
CASPIAN,Santos,Rlyeh;Ulthar;Dirtmouth;Zuldazar,58000,58000,"52,34993967",2,3
CASPIAN,Santos,Rlyeh;Ulthar;Marineford;Yjigar,58000,58000,"52,26335959",2,3
CASPIAN,Santos,Rlyeh;Ulthar;Marineford;Zuldazar,58000,58000,"52,26335959",2,3
CASPIAN,Santos,Dornfall;Nassauia;Ulthar;Konoha,58000,58000,"40,75115884",2,3
CASPIAN,Santos,Dornfall;Ulthar;Konoha;Yjigar,58000,58000,"40,75115884",2,3
CASPIAN,Santos,Dornfall;Ulthar;Konoha;Zuldazar,58000,58000,"40,75115884",2,3
CASPIAN,Santos,Deliora;Nassauia;Ulthar;Konoha,58000,58000,"41,3718485",2,3
CASPIAN,Santos,Deliora;Ulthar;Konoha;Yjigar,58000,58000,"41,3718485",2,3
CASPIAN,Santos,Deliora;Ulthar;Konoha;Zuldazar,58000,58000,"41,3718485",2,3
CASPIAN,Santos,Lyngard;Nassauia;Ulthar;Konoha,58000,58000,"40,75115884",2,3
CASPIAN,Santos,Lyngard;Ulthar;Konoha;Yjigar,58000,58000,"40,75115884",2,3
CASPIAN,Santos,Lyngard;Ulthar;Konoha;Zuldazar,58000,58000,"40,75115884",2,3
CASPIAN,Santos,Seireitei;Namek;Rlyeh;Konoha,58000,58000,"69,06820608",2,3
CASPIAN,Santos,Seireitei;Namek;Rlyeh;Lothlorien,58000,58000,"69,06820608",2,3
CASPIAN,Santos,Seireitei;Namek;Askr;Rlyeh,58000,58000,"68,3824918",2,3
CASPIAN,Santos,Seireitei;Namek;Askr;Konoha,58000,58000,"67,95392037",2,3
CASPIAN,Santos,Seireitei;Namek;Askr;Lothlorien,58000,58000,"67,95392037",2,3
CASPIAN,Santos,Seireitei;Namek;Konoha;Tahlenwald,58000,58000,"68,63963466",2,3
CASPIAN,Santos,Seireitei;Namek;Konoha;Lothlorien,58000,58000,"68,63963466",2,3
CASPIAN,Santos,Seireitei;Ulthar;Rlyeh;Konoha,58000,58000,"69,01106323",2,3
CASPIAN,Santos,Seireitei;Ulthar;Rlyeh;Lothlorien,58000,58000,"69,01106323",2,3
CASPIAN,Santos,Seireitei;Ulthar;Askr;Rlyeh,58000,58000,"68,32534894",2,3
CASPIAN,Santos,Seireitei;Ulthar;Askr;Konoha,58000,58000,"67,89677751",2,3
CASPIAN,Santos,Seireitei;Ulthar;Askr;Lothlorien,58000,58000,"67,89677751",2,3
CASPIAN,Santos,Seireitei;Ulthar;Konoha;Tahlenwald,58000,58000,"68,5824918",2,3
CASPIAN,Santos,Seireitei;Ulthar;Konoha;Lothlorien,58000,58000,"68,5824918",2,3
CASPIAN,Santos,Nassauia;Ulthar;Tahlenwald;Konoha,58000,58000,"41,3718485",2,3
CASPIAN,Santos,Nassauia;Ulthar;Tahlenwald;Lothlorien,58000,58000,"41,3718485",2,3
CASPIAN,Santos,Nassauia;Ulthar;Dirtmouth;Konoha,58000,58000,"41,44081402",2,3
CASPIAN,Santos,Nassauia;Ulthar;Dirtmouth;Lothlorien,58000,58000,"41,44081402",2,3
CASPIAN,Santos,Nassauia;Ulthar;Konoha;Marineford,58000,58000,"41,3718485",2,3
CASPIAN,Santos,Nassauia;Ulthar;Marineford;Lothlorien,58000,58000,"41,3718485",2,3
CASPIAN,Santos,Nassauia;Lothlorien;Konoha;Rlyeh,58000,58000,"40,58633126",2,3
CASPIAN,Santos,Nassauia;Lothlorien;Konoha;Rlyeh,72000,72000,"38,6342292",2,3
CASPIAN,Santos,Ngorim;Nassauia;Ulthar;Tahlenwald,58000,58000,"41,32012436",2,3
CASPIAN,Santos,Ngorim;Nassauia;Ulthar;Dirtmouth,58000,58000,"41,38908988",2,3
CASPIAN,Santos,Ngorim;Nassauia;Ulthar;Marineford,58000,58000,"41,32012436",2,3
CASPIAN,Santos,Ngorim;Ulthar;Tahlenwald;Yjigar,58000,58000,"41,32012436",2,3
CASPIAN,Santos,Ngorim;Ulthar;Tahlenwald;Zuldazar,58000,58000,"41,32012436",2,3
CASPIAN,Santos,Ngorim;Ulthar;Dirtmouth;Yjigar,58000,58000,"41,38908988",2,3
CASPIAN,Santos,Ngorim;Ulthar;Dirtmouth;Zuldazar,58000,58000,"41,38908988",2,3
CASPIAN,Santos,Ngorim;Ulthar;Marineford;Yjigar,58000,58000,"41,32012436",2,3
CASPIAN,Santos,Ngorim;Ulthar;Marineford;Zuldazar,58000,58000,"41,32012436",2,3
CASPIAN,Santos,Klunheim;Lothlorien;Konoha,58000,58000,"39,04219333",2,3
CASPIAN,Santos,Namek;Ulthar;Rlyeh;Konoha,58000,58000,"41,67908988",2,3
CASPIAN,Santos,Namek;Ulthar;Rlyeh;Lothlorien,58000,58000,"41,67908988",2,3
CASPIAN,Santos,Namek;Ulthar;Askr;Rlyeh,58000,58000,"41,26529677",2,3
CASPIAN,Santos,Namek;Ulthar;Askr;Konoha,58000,58000,"41,00667609",2,3
CASPIAN,Santos,Namek;Ulthar;Askr;Lothlorien,58000,58000,"41,00667609",2,3
CASPIAN,Santos,Namek;Ulthar;Konoha;Tahlenwald,58000,58000,"41,42046919",2,3
CASPIAN,Santos,Namek;Ulthar;Konoha;Lothlorien,58000,58000,"41,42046919",2,3
CASPIAN,Santos,Tahlenwald,58000,58000,"37,88840022",2,3
CASPIAN,Santos,Tahlenwald,72000,72000,"36,4492292",2,3
CASPIAN,Santos,Tahlenwald;Rlyeh,58000,58000,"39,71012436",2,3
CASPIAN,Santos,Tahlenwald;Dirtmouth;Marineford,58000,58000,"40,13874505",2,3
CASPIAN,Santos,Tahlenwald;Konoha,58000,58000,"39,41150367",2,3
CASPIAN,Santos,Tahlenwald;Konoha,72000,72000,"37,77811809",2,3
CASPIAN,Santos,Tahlenwald;Konoha;Rlyeh,72000,72000,"38,75534031",2,3
CASPIAN,Santos,Tahlenwald;Marineford,58000,58000,"39,44150367",2,3
CASPIAN,Santos,Tahlenwald;Marineford,72000,72000,"37,81811809",2,3
CASPIAN,Santos,Dirtmouth;Rlyeh,58000,58000,"39,78908988",2,3
CASPIAN,Santos,Dirtmouth;Rlyeh,72000,72000,"38,10200698",2,3
CASPIAN,Santos,Dirtmouth;Tahlenwald,58000,58000,"38,84046919",2,3
CASPIAN,Santos,Dirtmouth;Tahlenwald,72000,72000,"37,23367365",2,3
CASPIAN,Santos,Dirtmouth;Marineford,72000,72000,"37,94367365",2,3
CASPIAN,Santos,Dirtmouth;Marineford;Namek,58000,58000,"40,92219333",2,3
CASPIAN,Santos,Dirtmouth;Marineford;Namek,72000,72000,"39,13811809",2,3
CASPIAN,Santos,Konoha;Lothlorien,58000,58000,"42,65060211",2,3
CASPIAN,Santos,Marineford;Rlyeh,58000,58000,"40,76012436",2,3
CASPIAN,Santos,Marineford;Rlyeh,72000,72000,"41,94961944",2,3
CASPIAN,Santos,Marineford;Dirtmouth;Rlyeh,58000,58000,"41,97219333",2,3
CASPIAN,Santos,Ulthar;Tahlenwald,58000,58000,"56,55818032",2,3
CASPIAN,Santos,Ulthar;Tahlenwald;Konoha;Yjigar,58000,58000,"59,98918032",2,3
CASPIAN,Santos,Ulthar;Tahlenwald;Konoha;Zuldazar,58000,58000,"59,98918032",2,3
CASPIAN,Santos,Ulthar;Tahlenwald;Lothlorien;Yjigar,58000,58000,"59,98918032",2,3
CASPIAN,Santos,Ulthar;Tahlenwald;Lothlorien;Zuldazar,58000,58000,"59,98918032",2,3
CASPIAN,Santos,Ulthar;Dirtmouth,58000,58000,"56,65818032",2,3
CASPIAN,Santos,Ulthar;Dirtmouth;Konoha;Yjigar,58000,58000,"60,08918032",2,3
CASPIAN,Santos,Ulthar;Dirtmouth;Konoha;Zuldazar,58000,58000,"60,08918032",2,3
CASPIAN,Santos,Ulthar;Dirtmouth;Lothlorien;Yjigar,58000,58000,"60,08918032",2,3
CASPIAN,Santos,Ulthar;Dirtmouth;Lothlorien;Zuldazar,58000,58000,"60,08918032",2,3
CASPIAN,Santos,Ulthar;Konoha;Marineford;Yjigar,58000,58000,"59,98918032",2,3
CASPIAN,Santos,Ulthar;Konoha;Marineford;Zuldazar,58000,58000,"59,98918032",2,3
CASPIAN,Santos,Ulthar;Marineford,58000,58000,"56,55818032",2,3
CASPIAN,Santos,Ulthar;Marineford;Lothlorien;Yjigar,58000,58000,"59,98918032",2,3
CASPIAN,Santos,Ulthar;Marineford;Lothlorien;Zuldazar,58000,58000,"59,98918032",2,3
CASPIAN,Santos,Zuldazar;Lothlorien;Rlyeh,58000,58000,"39,68322781",2,3
CASPIAN,Santos,Zuldazar;Lothlorien;Rlyeh,72000,72000,"37,88534031",2,3
CASPIAN,Santos,Zuldazar;Lothlorien;Konoha,58000,58000,"39,37460712",2,3
CASPIAN,Santos,Zuldazar;Lothlorien;Konoha,72000,72000,"37,63700698",2,3
CASPIAN,Santos,Zuldazar;Lothlorien;Konoha;Rlyeh,58000,58000,"40,55633126",2,3
CASPIAN,Santos,Zuldazar;Lothlorien;Konoha;Rlyeh,72000,72000,"38,6042292",2,3
CASPIAN,Santos;Portocel,Askr;Nassauia;Lothlorien;Rlyeh,58000,58000,"42,53028113",2,3
CASPIAN,Santos;Portocel,Askr;Nassauia;Lothlorien;Rlyeh,72000,72000,"43,43423277",2,3
CASPIAN,Santos;Portocel,Nassauia;Rlyeh,58000,58000,"40,33786734",2,3
CASPIAN,Santos;Portocel,Nassauia;Rlyeh,72000,72000,"38,50352216",2,3
CASPIAN,Santos;Portocel,Nassauia;Askr;Lothlorien;Rlyeh,58000,58000,"41,97028113",2,3
CASPIAN,Santos;Portocel,Nassauia;Askr;Lothlorien;Rlyeh,72000,72000,"39,8879666",2,3
CASPIAN,Santos;Portocel,Nassauia;Lothlorien;Askr;Rlyeh,58000,58000,"41,95028113",2,3
CASPIAN,Santos;Portocel,Nassauia;Lothlorien;Askr;Rlyeh,72000,72000,"39,8679666",2,3
CASPIAN,Portocel,Tahlenwald,58000,58000,"37,62109615",2,3
CASPIAN,Portocel,Zuldazar;Lothlorien;Rlyeh,58000,58000,"39,34592373",2,3
CASPIAN,Portocel,Zuldazar;Lothlorien;Rlyeh,72000,72000,"37,56584536",2,3
CASPIAN,Santos,Zuldazar;Konoha;Rlyeh,72000,72000,"37,89534031",2,3
CASPIAN,Itaqui,Tartarus;Liones,58000,58000,"22,8653241",1,2
CASPIAN,Itaqui,Tartarus;Liones;Savois,58000,58000,"23,90783769",1,2
CASPIAN,Itaqui,Tartarus;Savois,58000,58000,"23,03384922",1,2
CASPIAN,Itaqui,Tartarus;Savois;Liones,58000,58000,"23,89711342",1,2
CASPIAN,Itaqui,Azkaban;Hyrule,58000,58000,"24,16783455",1,2
CASPIAN,Itaqui,Azkaban;Laputa,58000,58000,"23,73857476",1,2
CASPIAN,Itaqui,Laputa;Azkaban,58000,58000,"23,75956693",1,2
CASPIAN,Itaqui,Laputa;Azkaban;Hyrule,58000,58000,"25,52926336",1,2
ULISSES,Portocel,Rlyeh;Promethea,20000,25000,"43,49064165",2,3
ULISSES,Portocel,Rlyeh;Marineford;Ulthar,20000,25000,"47,54064165",2,3
ULISSES,Portocel,Promethea;Ulthar,20000,25000,"45,64064165",2,3
ULISSES,Portocel,Askr;Nassauia,20000,25000,"39,74064165",2,3
ULISSES,Portocel,Nassauia,20000,25000,"39,14064165",2,3
ULISSES,Portocel,Nassauia;Rlyeh,20000,25000,"42,14064165",2,3
ULISSES,Portocel,Nassauia;Askr,20000,25000,"39,74064165",2,3
ULISSES,Portocel,Nassauia;Askr;Konoha,20000,25000,"42,89064165",2,3
ULISSES,Portocel,Nassauia;Marineford,20000,25000,"43,49064165",2,3
ULISSES,Portocel,Nassauia;Lothlorien,20000,25000,"39,74064165",2,3
ULISSES,Portocel,Nassauia;Zuldazar;Rlyeh,20000,25000,"42,89064165",2,3
ULISSES,Portocel,Tahlenwald;Seireitei;Namek,20000,25000,"44,59064165",2,3
ULISSES,Portocel,Tahlenwald;Konoha,20000,25000,"42,64064165",2,3
ULISSES,Portocel,Tahlenwald;Marineford,20000,25000,"43,44064165",2,3
ULISSES,Portocel,Tahlenwald;Ulthar,20000,25000,"45,34064165",2,3
ULISSES,Portocel,Dirtmouth;Rlyeh,20000,25000,"42,64064165",2,3
ULISSES,Portocel,Dirtmouth;Marineford,20000,25000,"43,44064165",2,3
ULISSES,Portocel,Konoha,20000,25000,"41,09064165",2,3
ULISSES,Portocel,Konoha;Ulthar,20000,25000,"45,64064165",2,3
ULISSES,Portocel,Lothlorien,20000,25000,"39,14064165",2,3
ULISSES,Portocel,Zuldazar;Nassauia,20000,25000,"39,74064165",2,3
ULISSES,Portocel,Zuldazar;Nassauia;Rlyeh,20000,25000,"42,89064165",2,3
ULISSES,Portocel,Zuldazar;Dirtmouth,20000,25000,"42,64064165",2,3
ULISSES,Portocel,Zuldazar;Dirtmouth;Ulthar,20000,25000,"45,64064165",2,3
ULISSES,Portocel;Santos,Tahlenwald;Promethea;Seireitei,20000,25000,"45,44064165",2,3
ULISSES,Portocel;Santos,Tahlenwald;Konoha,20000,25000,"43,54064165",2,3
ULISSES,Portocel;Santos,Tahlenwald;Marineford;Promethea;Seireitei,20000,25000,"46,54064165",2,3
ULISSES,Portocel;Santos,Konoha,20000,25000,"41,99064165",2,3
ULISSES,Portocel;Santos,Konoha;Namek;Ulthar,20000,25000,"46,19064165",2,3
ULISSES,Portocel;Santos,Lothlorien;Tahlenwald;Seireitei,20000,25000,"45,44064165",2,3
ULISSES,Santos,Promethea;Ulthar,20000,25000,"45,64064165",2,3
ULISSES,Santos,Nassauia;Rlyeh,20000,25000,"42,14064165",2,3
ULISSES,Santos,Nassauia;Askr,20000,25000,"39,74064165",2,3
ULISSES,Santos,Nassauia;Marineford,20000,35000,"43,49064165",2,3
ULISSES,Santos,Tahlenwald;Konoha,20000,25000,"42,64064165",2,3
ULISSES,Santos,Tahlenwald;Marineford,20000,25000,"43,44064165",2,3
ULISSES,Santos,Tahlenwald;Marineford;Promethea;Seireitei,20000,25000,"45,64064165",2,3
ULISSES,Santos,Dirtmouth,20000,25000,"41,59064165",2,3
ULISSES,Santos,Dirtmouth;Rlyeh,20000,25000,"42,64064165",2,3
ULISSES,Santos,Dirtmouth;Tahlenwald,20000,25000,"42,64064165",2,3
ULISSES,Santos,Dirtmouth;Marineford,20000,25000,"43,49064165",2,3
ULISSES,Santos,Marineford;Dirtmouth,20000,25000,"43,49064165",2,3
ULISSES,Santos,Marineford;Konoha,20000,25000,"43,44064165",2,3
ULISSES,Santos,Lothlorien,20000,25000,"39,14064165",2,3
ULISSES,Santos,Zuldazar;Tahlenwald;Rlyeh,20000,25000,"43,39064165",2,3
ULISSES,Santos;Portocel,Nassauia;Rlyeh,20000,25000,"43,04064165",2,3
ULISSES,Santos;Portocel,Nassauia;Marineford,20000,25000,"44,34064165",2,3
ULISSES,Santos;Portocel,Tahlenwald;Konoha,20000,25000,"43,54064165",2,3
ULISSES,Santos;Portocel,Konoha;Namek;Ulthar,20000,25000,"46,19064165",2,3
ULISSES,Portocel,Rlyeh;Konoha,20000,25000,"43,74064165",2,3
ULISSES,Portocel,Konoha;Rlyeh,20000,25000,"43,74064165",2,3
ULISSES,Santos,Konoha,20000,25000,"41,09064165",2,3
ULISSES,Santos,Lothlorien;Rlyeh,20000,25000,"42,14064165",2,3
ULISSES,Santos;Portocel,Konoha,20000,25000,"41,99064165",2,3
ULISSES,Portocel,Promethea;Konoha,20000,25000,"43,49064165",2,3
ULISSES,Portocel,Ichoris;Konoha,20000,25000,"43,49064165",2,3
ULISSES,Portocel,Seireitei;Konoha,20000,25000,"43,49064165",2,3
ULISSES,Santos,Promethea;Konoha,20000,25000,"43,49064165",2,3
ULISSES,Santos,Ichoris;Konoha,20000,25000,"43,49064165",2,3
ULISSES,Santos,Seireitei;Konoha,20000,25000,"43,49064165",2,3
ULISSES,Santos;Portocel,Promethea;Konoha,20000,25000,"44,34064165",2,3
ULISSES,Santos;Portocel,Ichoris;Konoha,20000,25000,"44,34064165",2,3
ULISSES,Santos;Portocel,Seireitei;Konoha,20000,25000,"44,34064165",2,3
ULISSES,Portocel,Konoha;Tahlenwald,20000,25000,"42,64064165",2,3
ULISSES,Portocel,Konoha;Marineford,20000,25000,"43,44064165",2,3
ULISSES,Portocel,Marineford;Tahlenwald;Rlyeh,20000,25000,"45,34064165",2,3
ULISSES,Portocel,Marineford;Tahlenwald;Dornfall,20000,25000,"45,34064165",2,3
ULISSES,Portocel,Marineford;Tahlenwald;Konoha,20000,25000,"45,34064165",2,3
ULISSES,Portocel;Santos,Rlyeh;Tahlenwald;Marineford,20000,25000,"46,19064165",2,3
ULISSES,Santos,Konoha;Tahlenwald,20000,25000,"42,64064165",2,3
ULISSES,Santos,Konoha;Marineford,20000,25000,"43,44064165",2,3
ULISSES,Santos,Marineford;Tahlenwald;Rlyeh,20000,25000,"45,34064165",2,3
ULISSES,Santos,Marineford;Tahlenwald;Dornfall,20000,25000,"45,34064165",2,3
ULISSES,Santos,Marineford;Tahlenwald;Konoha,20000,25000,"45,34064165",2,3
ULISSES,Santos,Lothlorien;Tahlenwald,20000,25000,"42,64064165",2,3
ULISSES,Santos;Portocel,Konoha;Tahlenwald,20000,25000,"43,54064165",2,3
ULISSES,Santos;Portocel,Konoha;Marineford,20000,25000,"44,34064165",2,3
ULISSES,Santos;Portocel,Marineford;Tahlenwald;Rlyeh,20000,25000,"46,19064165",2,3
ULISSES,Santos;Portocel,Marineford;Tahlenwald;Dornfall,20000,25000,"46,19064165",2,3
ULISSES,Santos;Portocel,Marineford;Tahlenwald;Konoha,20000,25000,"46,19064165",2,3
ULISSES,Portocel,Promethea;Tahlenwald;Konoha,20000,25000,"44,59064165",2,3
ULISSES,Portocel,Promethea;Marineford;Konoha,20000,25000,"44,59064165",2,3
ULISSES,Portocel,Ichoris;Tahlenwald;Konoha,20000,25000,"44,59064165",2,3
ULISSES,Portocel,Ichoris;Marineford;Konoha,20000,25000,"44,59064165",2,3
ULISSES,Portocel,Seireitei;Tahlenwald;Konoha,20000,25000,"44,59064165",2,3
ULISSES,Portocel,Seireitei;Marineford;Konoha,20000,25000,"44,59064165",2,3
ULISSES,Santos,Promethea;Tahlenwald;Konoha,20000,25000,"44,59064165",2,3
ULISSES,Santos,Promethea;Marineford;Konoha,20000,25000,"44,59064165",2,3
ULISSES,Santos,Ichoris;Tahlenwald;Konoha,20000,25000,"44,59064165",2,3
ULISSES,Santos,Ichoris;Marineford;Konoha,20000,25000,"44,59064165",2,3
ULISSES,Santos,Seireitei;Tahlenwald;Konoha,20000,25000,"44,59064165",2,3
ULISSES,Santos,Seireitei;Marineford;Konoha,20000,25000,"44,59064165",2,3
ULISSES,Santos;Portocel,Promethea;Tahlenwald;Konoha,20000,25000,"45,44064165",2,3
ULISSES,Santos;Portocel,Promethea;Marineford;Konoha,20000,25000,"45,44064165",2,3
ULISSES,Santos;Portocel,Ichoris;Tahlenwald;Konoha,20000,25000,"45,44064165",2,3
ULISSES,Santos;Portocel,Ichoris;Marineford;Konoha,20000,25000,"45,44064165",2,3
ULISSES,Santos;Portocel,Seireitei;Tahlenwald;Konoha,20000,25000,"45,44064165",2,3
ULISSES,Santos;Portocel,Seireitei;Marineford;Konoha,20000,25000,"45,44064165",2,3
ULISSES,Portocel,Marineford;Tahlenwald,20000,25000,"43,44064165",2,3
ULISSES,Santos,Marineford;Tahlenwald,20000,25000,"43,44064165",2,3
ULISSES,Santos;Portocel,Marineford;Tahlenwald,20000,25000,"44,34064165",2,3
ULISSES,Portocel,Promethea;Seireitei,20000,25000,"43,49064165",2,3
ULISSES,Portocel,Marineford;Tahlenwald;Seireitei,20000,25000,"45,39064165",2,3
ULISSES,Santos,Marineford;Tahlenwald;Seireitei,20000,25000,"45,39064165",2,3
ULISSES,Santos;Portocel,Marineford;Tahlenwald;Seireitei,20000,25000,"46,24064165",2,3
ULISSES,Portocel,Humeria;Konoha,20000,25000,"42,14064165",2,3
ULISSES,Portocel,Askr;Konoha,20000,25000,"41,84064165",2,3
ULISSES,Portocel,Askr;Konoha;Humeria,20000,25000,"42,89064165",2,3
ULISSES,Portocel,Askr;Konoha;Zuldazar,20000,25000,"42,89064165",2,3
ULISSES,Portocel,Lothlorien;Konoha,20000,25000,"41,84064165",2,3
ULISSES,Portocel,Zuldazar;Konoha,20000,25000,"42,14064165",2,3
ULISSES,Santos,Humeria;Konoha,20000,25000,"42,14064165",2,3
ULISSES,Santos,Askr;Konoha,20000,25000,"41,84064165",2,3
ULISSES,Santos,Askr;Konoha;Humeria,20000,25000,"42,89064165",2,3
ULISSES,Santos,Askr;Konoha;Zuldazar,20000,25000,"42,89064165",2,3
ULISSES,Santos,Zuldazar;Konoha,20000,25000,"42,14064165",2,3
ULISSES,Santos;Portocel,Humeria;Konoha,20000,25000,"43,04064165",2,3
ULISSES,Santos;Portocel,Askr;Konoha,20000,25000,"42,74064165",2,3
ULISSES,Santos;Portocel,Askr;Konoha;Humeria,20000,25000,"43,79064165",2,3
ULISSES,Santos;Portocel,Askr;Konoha;Zuldazar,20000,25000,"43,79064165",2,3
ULISSES,Santos;Portocel,Zuldazar;Konoha,20000,25000,"43,04064165",2,3
ULISSES,Portocel,Promethea;Konoha;Humeria,20000,25000,"44,59064165",2,3
ULISSES,Portocel,Promethea;Konoha;Zuldazar,20000,25000,"44,59064165",2,3
ULISSES,Portocel,Ichoris;Konoha;Humeria,20000,25000,"44,59064165",2,3
ULISSES,Portocel,Ichoris;Konoha;Zuldazar,20000,25000,"44,59064165",2,3
ULISSES,Portocel,Askr;Humeria;Konoha;Promethea,20000,25000,"45,34064165",2,3
ULISSES,Portocel,Askr;Humeria;Konoha;Ichoris,20000,25000,"45,34064165",2,3
ULISSES,Portocel,Askr;Humeria;Konoha;Seireitei,20000,25000,"45,34064165",2,3
ULISSES,Portocel,Askr;Konoha;Promethea,20000,25000,"44,24064165",2,3
ULISSES,Portocel,Askr;Konoha;Ichoris,20000,25000,"44,24064165",2,3
ULISSES,Portocel,Askr;Konoha;Seireitei,20000,25000,"44,24064165",2,3
ULISSES,Portocel,Askr;Zuldazar;Konoha;Promethea,20000,25000,"45,34064165",2,3
ULISSES,Portocel,Askr;Zuldazar;Konoha;Ichoris,20000,25000,"45,34064165",2,3
ULISSES,Portocel,Askr;Zuldazar;Konoha;Seireitei,20000,25000,"45,34064165",2,3
ULISSES,Portocel,Seireitei;Konoha;Humeria,20000,25000,"44,59064165",2,3
ULISSES,Portocel,Seireitei;Konoha;Zuldazar,20000,25000,"44,59064165",2,3
ULISSES,Portocel,Tahlenwald;Namek;Ulthar,20000,25000,"45,64064165",2,3
ULISSES,Santos,Promethea;Konoha;Humeria,20000,25000,"44,59064165",2,3
ULISSES,Santos,Promethea;Konoha;Zuldazar,20000,25000,"44,59064165",2,3
ULISSES,Santos,Ichoris;Konoha;Humeria,20000,25000,"44,59064165",2,3
ULISSES,Santos,Ichoris;Konoha;Zuldazar,20000,25000,"44,59064165",2,3
ULISSES,Santos,Askr;Humeria;Konoha;Promethea,20000,25000,"45,34064165",2,3
ULISSES,Santos,Askr;Humeria;Konoha;Ichoris,20000,25000,"45,34064165",2,3
ULISSES,Santos,Askr;Humeria;Konoha;Seireitei,20000,25000,"45,34064165",2,3
ULISSES,Santos,Askr;Konoha;Promethea,20000,25000,"44,24064165",2,3
ULISSES,Santos,Askr;Konoha;Ichoris,20000,25000,"44,24064165",2,3
ULISSES,Santos,Askr;Konoha;Seireitei,20000,25000,"44,24064165",2,3
ULISSES,Santos,Askr;Zuldazar;Konoha;Promethea,20000,25000,"45,34064165",2,3
ULISSES,Santos,Askr;Zuldazar;Konoha;Ichoris,20000,25000,"45,34064165",2,3
ULISSES,Santos,Askr;Zuldazar;Konoha;Seireitei,20000,25000,"45,34064165",2,3
ULISSES,Santos,Seireitei;Konoha;Humeria,20000,25000,"44,59064165",2,3
ULISSES,Santos,Seireitei;Konoha;Zuldazar,20000,25000,"44,59064165",2,3
ULISSES,Santos;Portocel,Promethea;Konoha;Humeria,20000,25000,"45,44064165",2,3
ULISSES,Santos;Portocel,Promethea;Konoha;Zuldazar,20000,25000,"45,44064165",2,3
ULISSES,Santos;Portocel,Ichoris;Konoha;Humeria,20000,25000,"45,44064165",2,3
ULISSES,Santos;Portocel,Ichoris;Konoha;Zuldazar,20000,25000,"45,44064165",2,3
ULISSES,Santos;Portocel,Askr;Humeria;Konoha;Promethea,20000,25000,"46,19064165",2,3
ULISSES,Santos;Portocel,Askr;Humeria;Konoha;Ichoris,20000,25000,"46,19064165",2,3
ULISSES,Santos;Portocel,Askr;Humeria;Konoha;Seireitei,20000,25000,"46,19064165",2,3
ULISSES,Santos;Portocel,Askr;Konoha;Promethea,20000,25000,"45,09064165",2,3
ULISSES,Santos;Portocel,Askr;Konoha;Ichoris,20000,25000,"45,09064165",2,3
ULISSES,Santos;Portocel,Askr;Konoha;Seireitei,20000,25000,"45,09064165",2,3
ULISSES,Santos;Portocel,Askr;Zuldazar;Konoha;Promethea,20000,25000,"46,19064165",2,3
ULISSES,Santos;Portocel,Askr;Zuldazar;Konoha;Ichoris,20000,25000,"46,19064165",2,3
ULISSES,Santos;Portocel,Askr;Zuldazar;Konoha;Seireitei,20000,25000,"46,19064165",2,3
ULISSES,Santos;Portocel,Seireitei;Konoha;Humeria,20000,25000,"45,44064165",2,3
ULISSES,Santos;Portocel,Seireitei;Konoha;Zuldazar,20000,25000,"45,44064165",2,3
ULISSES,Portocel,Humeria;Rlyeh;Marineford,20000,25000,"45,39064165",2,3
ULISSES,Portocel,Humeria;Dornfall;Marineford,20000,25000,"45,39064165",2,3
ULISSES,Portocel,Humeria;Konoha;Marineford,20000,25000,"45,39064165",2,3
ULISSES,Portocel,Askr;Humeria;Konoha;Tahlenwald,20000,25000,"44,49064165",2,3
ULISSES,Portocel,Askr;Humeria;Konoha;Marineford,20000,25000,"45,34064165",2,3
ULISSES,Portocel,Askr;Tahlenwald;Konoha,20000,25000,"43,39064165",2,3
ULISSES,Portocel,Askr;Konoha;Tahlenwald;Promethea,20000,25000,"45,34064165",2,3
ULISSES,Portocel,Askr;Konoha;Tahlenwald;Ichoris,20000,25000,"45,34064165",2,3
ULISSES,Portocel,Askr;Konoha;Tahlenwald;Seireitei,20000,25000,"45,34064165",2,3
ULISSES,Portocel,Askr;Konoha;Marineford;Promethea,20000,25000,"45,34064165",2,3
ULISSES,Portocel,Askr;Konoha;Marineford;Ichoris,20000,25000,"45,34064165",2,3
ULISSES,Portocel,Askr;Konoha;Marineford;Seireitei,20000,25000,"45,34064165",2,3
ULISSES,Portocel,Askr;Marineford;Konoha,20000,25000,"44,24064165",2,3
ULISSES,Portocel,Askr;Zuldazar;Konoha;Tahlenwald,20000,25000,"44,49064165",2,3
ULISSES,Portocel,Askr;Zuldazar;Konoha;Marineford,20000,25000,"45,34064165",2,3
ULISSES,Portocel,Tahlenwald;Promethea;Seireitei,20000,25000,"45,34064165",2,3
ULISSES,Portocel,Tahlenwald;Konoha;Humeria;Zuldazar,20000,25000,"44,79064165",2,3
ULISSES,Portocel,Tahlenwald;Konoha;Zuldazar;Humeria,20000,25000,"44,79064165",2,3
ULISSES,Portocel,Marineford;Konoha;Humeria;Zuldazar,20000,25000,"45,64064165",2,3
ULISSES,Portocel,Marineford;Konoha;Zuldazar;Humeria,20000,25000,"45,64064165",2,3
ULISSES,Portocel,Marineford;Ulthar,20000,25000,"45,34064165",2,3
ULISSES,Portocel,Zuldazar;Rlyeh;Marineford,20000,25000,"45,39064165",2,3
ULISSES,Portocel,Zuldazar;Dornfall;Marineford,20000,25000,"45,39064165",2,3
ULISSES,Portocel,Zuldazar;Konoha;Marineford,20000,25000,"45,39064165",2,3
ULISSES,Santos,Humeria;Rlyeh;Marineford,20000,25000,"45,39064165",2,3
ULISSES,Santos,Humeria;Dornfall;Marineford,20000,25000,"45,39064165",2,3
ULISSES,Santos,Humeria;Konoha;Marineford,20000,25000,"45,39064165",2,3
ULISSES,Santos,Askr;Humeria;Konoha;Tahlenwald,20000,25000,"44,49064165",2,3
ULISSES,Santos,Askr;Humeria;Konoha;Marineford,20000,25000,"45,34064165",2,3
ULISSES,Santos,Askr;Tahlenwald;Konoha,20000,25000,"43,39064165",2,3
ULISSES,Santos,Askr;Konoha;Tahlenwald;Promethea,20000,25000,"45,34064165",2,3
ULISSES,Santos,Askr;Konoha;Tahlenwald;Ichoris,20000,25000,"45,34064165",2,3
ULISSES,Santos,Askr;Konoha;Tahlenwald;Seireitei,20000,25000,"45,34064165",2,3
ULISSES,Santos,Askr;Konoha;Marineford;Promethea,20000,25000,"45,34064165",2,3
ULISSES,Santos,Askr;Konoha;Marineford;Ichoris,20000,25000,"45,34064165",2,3
ULISSES,Santos,Askr;Konoha;Marineford;Seireitei,20000,25000,"45,34064165",2,3
ULISSES,Santos,Askr;Marineford;Konoha,20000,25000,"44,24064165",2,3
ULISSES,Santos,Askr;Zuldazar;Konoha;Tahlenwald,20000,25000,"44,49064165",2,3
ULISSES,Santos,Askr;Zuldazar;Konoha;Marineford,20000,25000,"45,34064165",2,3
ULISSES,Santos,Tahlenwald;Konoha;Humeria;Zuldazar,20000,25000,"44,79064165",2,3
ULISSES,Santos,Tahlenwald;Konoha;Zuldazar;Humeria,20000,25000,"44,79064165",2,3
ULISSES,Santos,Marineford;Konoha;Humeria;Zuldazar,20000,25000,"45,64064165",2,3
ULISSES,Santos,Marineford;Konoha;Zuldazar;Humeria,20000,25000,"45,64064165",2,3
ULISSES,Santos,Zuldazar;Rlyeh;Marineford,20000,25000,"45,39064165",2,3
ULISSES,Santos,Zuldazar;Dornfall;Marineford,20000,25000,"45,39064165",2,3
ULISSES,Santos,Zuldazar;Konoha;Marineford,20000,25000,"45,39064165",2,3
ULISSES,Santos;Portocel,Askr;Humeria;Konoha;Tahlenwald,20000,25000,"45,34064165",2,3
ULISSES,Santos;Portocel,Askr;Humeria;Konoha;Marineford,20000,25000,"46,19064165",2,3
ULISSES,Santos;Portocel,Askr;Tahlenwald;Konoha,20000,25000,"44,24064165",2,3
ULISSES,Santos;Portocel,Askr;Konoha;Tahlenwald;Promethea,20000,25000,"46,19064165",2,3
ULISSES,Santos;Portocel,Askr;Konoha;Tahlenwald;Ichoris,20000,25000,"46,19064165",2,3
ULISSES,Santos;Portocel,Askr;Konoha;Tahlenwald;Seireitei,20000,25000,"46,19064165",2,3
ULISSES,Santos;Portocel,Askr;Konoha;Marineford;Promethea,20000,25000,"46,19064165",2,3
ULISSES,Santos;Portocel,Askr;Konoha;Marineford;Ichoris,20000,25000,"46,19064165",2,3
ULISSES,Santos;Portocel,Askr;Konoha;Marineford;Seireitei,20000,25000,"46,19064165",2,3
ULISSES,Santos;Portocel,Askr;Marineford;Konoha,20000,25000,"45,09064165",2,3
ULISSES,Santos;Portocel,Askr;Zuldazar;Konoha;Tahlenwald,20000,25000,"45,34064165",2,3
ULISSES,Santos;Portocel,Askr;Zuldazar;Konoha;Marineford,20000,25000,"46,19064165",2,3
ULISSES,Santos;Portocel,Tahlenwald;Konoha;Humeria;Zuldazar,20000,25000,"45,69064165",2,3
ULISSES,Santos;Portocel,Tahlenwald;Konoha;Zuldazar;Humeria,20000,25000,"45,69064165",2,3
ULISSES,Santos;Portocel,Marineford;Konoha;Humeria;Zuldazar,20000,25000,"46,49064165",2,3
ULISSES,Santos;Portocel,Marineford;Konoha;Zuldazar;Humeria,20000,25000,"46,49064165",2,3
ULISSES,Portocel,Humeria;Konoha;Tahlenwald;Promethea,20000,25000,"45,64064165",2,3
ULISSES,Portocel,Humeria;Konoha;Tahlenwald;Ichoris,20000,25000,"45,64064165",2,3
ULISSES,Portocel,Humeria;Konoha;Tahlenwald;Seireitei,20000,25000,"45,64064165",2,3
ULISSES,Portocel,Humeria;Konoha;Marineford;Promethea,20000,25000,"45,64064165",2,3
ULISSES,Portocel,Humeria;Konoha;Marineford;Ichoris,20000,25000,"45,64064165",2,3
ULISSES,Portocel,Humeria;Konoha;Marineford;Seireitei,20000,25000,"45,64064165",2,3
ULISSES,Portocel,Askr;Humeria;Konoha;Tahlenwald;Promethea,20000,25000,"47,14064165",2,3
ULISSES,Portocel,Askr;Humeria;Konoha;Tahlenwald;Ichoris,20000,25000,"47,14064165",2,3
ULISSES,Portocel,Askr;Humeria;Konoha;Tahlenwald;Seireitei,20000,25000,"47,14064165",2,3
ULISSES,Portocel,Askr;Humeria;Konoha;Marineford;Promethea,20000,25000,"47,14064165",2,3
ULISSES,Portocel,Askr;Humeria;Konoha;Marineford;Ichoris,20000,25000,"47,14064165",2,3
ULISSES,Portocel,Askr;Humeria;Konoha;Marineford;Seireitei,20000,25000,"47,14064165",2,3
ULISSES,Portocel,Askr;Zuldazar;Konoha;Tahlenwald;Promethea,20000,25000,"47,14064165",2,3
ULISSES,Portocel,Askr;Zuldazar;Konoha;Tahlenwald;Ichoris,20000,25000,"47,14064165",2,3
ULISSES,Portocel,Askr;Zuldazar;Konoha;Tahlenwald;Seireitei,20000,25000,"47,14064165",2,3
ULISSES,Portocel,Askr;Zuldazar;Konoha;Marineford;Promethea,20000,25000,"47,14064165",2,3
ULISSES,Portocel,Askr;Zuldazar;Konoha;Marineford;Ichoris,20000,25000,"47,14064165",2,3
ULISSES,Portocel,Askr;Zuldazar;Konoha;Marineford;Seireitei,20000,25000,"47,14064165",2,3
ULISSES,Portocel,Zuldazar;Konoha;Tahlenwald;Promethea,20000,25000,"45,64064165",2,3
ULISSES,Portocel,Zuldazar;Konoha;Tahlenwald;Ichoris,20000,25000,"45,64064165",2,3
ULISSES,Portocel,Zuldazar;Konoha;Tahlenwald;Seireitei,20000,25000,"45,64064165",2,3
ULISSES,Portocel,Zuldazar;Konoha;Marineford;Promethea,20000,25000,"45,64064165",2,3
ULISSES,Portocel,Zuldazar;Konoha;Marineford;Ichoris,20000,25000,"45,64064165",2,3
ULISSES,Portocel,Zuldazar;Konoha;Marineford;Seireitei,20000,25000,"45,64064165",2,3
ULISSES,Santos,Humeria;Konoha;Tahlenwald;Promethea,20000,25000,"45,64064165",2,3
ULISSES,Santos,Humeria;Konoha;Tahlenwald;Ichoris,20000,25000,"45,64064165",2,3
ULISSES,Santos,Humeria;Konoha;Tahlenwald;Seireitei,20000,25000,"45,64064165",2,3
ULISSES,Santos,Humeria;Konoha;Marineford;Promethea,20000,25000,"45,64064165",2,3
ULISSES,Santos,Humeria;Konoha;Marineford;Ichoris,20000,25000,"45,64064165",2,3
ULISSES,Santos,Humeria;Konoha;Marineford;Seireitei,20000,25000,"45,64064165",2,3
ULISSES,Santos,Askr;Humeria;Konoha;Tahlenwald;Promethea,20000,25000,"47,14064165",2,3
ULISSES,Santos,Askr;Humeria;Konoha;Tahlenwald;Ichoris,20000,25000,"47,14064165",2,3
ULISSES,Santos,Askr;Humeria;Konoha;Tahlenwald;Seireitei,20000,25000,"47,14064165",2,3
ULISSES,Santos,Askr;Humeria;Konoha;Marineford;Promethea,20000,25000,"47,14064165",2,3
ULISSES,Santos,Askr;Humeria;Konoha;Marineford;Ichoris,20000,25000,"47,14064165",2,3
ULISSES,Santos,Askr;Humeria;Konoha;Marineford;Seireitei,20000,25000,"47,14064165",2,3
ULISSES,Santos,Askr;Zuldazar;Konoha;Tahlenwald;Promethea,20000,25000,"47,14064165",2,3
ULISSES,Santos,Askr;Zuldazar;Konoha;Tahlenwald;Ichoris,20000,25000,"47,14064165",2,3
ULISSES,Santos,Askr;Zuldazar;Konoha;Tahlenwald;Seireitei,20000,25000,"47,14064165",2,3
ULISSES,Santos,Askr;Zuldazar;Konoha;Marineford;Promethea,20000,25000,"47,14064165",2,3
ULISSES,Santos,Askr;Zuldazar;Konoha;Marineford;Ichoris,20000,25000,"47,14064165",2,3
ULISSES,Santos,Askr;Zuldazar;Konoha;Marineford;Seireitei,20000,25000,"47,14064165",2,3
ULISSES,Santos,Zuldazar;Konoha;Tahlenwald;Promethea,20000,25000,"45,64064165",2,3
ULISSES,Santos,Zuldazar;Konoha;Tahlenwald;Ichoris,20000,25000,"45,64064165",2,3
ULISSES,Santos,Zuldazar;Konoha;Tahlenwald;Seireitei,20000,25000,"45,64064165",2,3
ULISSES,Santos,Zuldazar;Konoha;Marineford;Promethea,20000,25000,"45,64064165",2,3
ULISSES,Santos,Zuldazar;Konoha;Marineford;Ichoris,20000,25000,"45,64064165",2,3
ULISSES,Santos,Zuldazar;Konoha;Marineford;Seireitei,20000,25000,"45,64064165",2,3
ULISSES,Santos;Portocel,Humeria;Konoha;Tahlenwald;Promethea,20000,25000,"46,49064165",2,3
ULISSES,Santos;Portocel,Humeria;Konoha;Tahlenwald;Ichoris,20000,25000,"46,49064165",2,3
ULISSES,Santos;Portocel,Humeria;Konoha;Tahlenwald;Seireitei,20000,25000,"46,49064165",2,3
ULISSES,Santos;Portocel,Humeria;Konoha;Marineford;Promethea,20000,25000,"46,49064165",2,3
ULISSES,Santos;Portocel,Humeria;Konoha;Marineford;Ichoris,20000,25000,"46,49064165",2,3
ULISSES,Santos;Portocel,Humeria;Konoha;Marineford;Seireitei,20000,25000,"46,49064165",2,3
ULISSES,Santos;Portocel,Askr;Humeria;Konoha;Tahlenwald;Promethea,20000,25000,"47,99064165",2,3
ULISSES,Santos;Portocel,Askr;Humeria;Konoha;Tahlenwald;Ichoris,20000,25000,"47,99064165",2,3
ULISSES,Santos;Portocel,Askr;Humeria;Konoha;Tahlenwald;Seireitei,20000,25000,"47,99064165",2,3
ULISSES,Santos;Portocel,Askr;Humeria;Konoha;Marineford;Promethea,20000,25000,"47,99064165",2,3
ULISSES,Santos;Portocel,Askr;Humeria;Konoha;Marineford;Ichoris,20000,25000,"47,99064165",2,3
ULISSES,Santos;Portocel,Askr;Humeria;Konoha;Marineford;Seireitei,20000,25000,"47,99064165",2,3
ULISSES,Santos;Portocel,Askr;Zuldazar;Konoha;Tahlenwald;Promethea,20000,25000,"47,99064165",2,3
ULISSES,Santos;Portocel,Askr;Zuldazar;Konoha;Tahlenwald;Ichoris,20000,25000,"47,99064165",2,3
ULISSES,Santos;Portocel,Askr;Zuldazar;Konoha;Tahlenwald;Seireitei,20000,25000,"47,99064165",2,3
ULISSES,Santos;Portocel,Askr;Zuldazar;Konoha;Marineford;Promethea,20000,25000,"47,99064165",2,3
ULISSES,Santos;Portocel,Askr;Zuldazar;Konoha;Marineford;Ichoris,20000,25000,"47,99064165",2,3
ULISSES,Santos;Portocel,Askr;Zuldazar;Konoha;Marineford;Seireitei,20000,25000,"47,99064165",2,3
ULISSES,Santos;Portocel,Zuldazar;Konoha;Tahlenwald;Promethea,20000,25000,"46,49064165",2,3
ULISSES,Santos;Portocel,Zuldazar;Konoha;Tahlenwald;Ichoris,20000,25000,"46,49064165",2,3
ULISSES,Santos;Portocel,Zuldazar;Konoha;Tahlenwald;Seireitei,20000,25000,"46,49064165",2,3
ULISSES,Santos;Portocel,Zuldazar;Konoha;Marineford;Promethea,20000,25000,"46,49064165",2,3
ULISSES,Santos;Portocel,Zuldazar;Konoha;Marineford;Ichoris,20000,25000,"46,49064165",2,3
ULISSES,Santos;Portocel,Zuldazar;Konoha;Marineford;Seireitei,20000,25000,"46,49064165",2,3
ULISSES,Portocel,Savois;Liones;Nibelheim;Prontera,20000,25000,"35,54153571",1,2
ULISSES,Portocel,Tartarus;Liones;Nibelheim;Prontera,20000,25000,"35,6341703",1,2
ULISSES,Santos,Savois;Liones,20000,25000,"28,75414447",1,2
ULISSES,Santos,Savois;Prontera,20000,25000,"34,17749591",1,2
ULISSES,Santos;Itaqui,Tartarus;Liones,20000,25000,"24,47852424",1,2
ULISSES,Portocel,Savois;Liones;Nibelheim,20000,25000,"30,197679",1,2
ULISSES,Santos,Savois;Liones;Nibelheim,20000,25000,"30,44867217",1,2
ULISSES,Santos,Savois;Nibelheim,20000,25000,"29,94257884",1,2
ULISSES,Santos;Portocel,Savois;Liones;Nibelheim,20000,25000,"31,34867217",1,2
ULISSES,Santos;Portocel,Savois;Liones;Prontera,20000,25000,"35,58358924",1,2
ULISSES,Santos,Tartarus;Liones;Aeusserst,20000,25000,"33,62183029",1,2
ULISSES,Santos,Tartarus;Aeusserst;Liones,20000,25000,"33,07318419",1,2
ULISSES,Santos;Portocel,Tartarus;Liones;Aeusserst,20000,25000,"34,62183029",1,2
ULISSES,Santos;Portocel,Tartarus;Aeusserst;Liones,20000,25000,"34,07318419",1,2
ULISSES,Santos,Savois;Nibelheim,20000,25000,"29,94257884",1,2
ULISSES,Santos;Portocel,Savois;Nibelheim;Prontera,20000,25000,"36,68669431",1,2
ULISSES,Santos;Portocel,Azkaban;Brakmar,20000,25000,"31,05241229",1,2
ULISSES,Santos;Portocel,Elzion;Azkaban,20000,25000,"30,11204638",1,2
ULISSES,Portocel,Laputa;Azkaban;Hyrule,20000,25000,"31,72297767",1,2
ULISSES,Santos,Azkaban;Hyrule,20000,25000,"28,26455554",1,2
ULISSES,Santos,Laputa;Azkaban;Hyrule,20000,25000,"31,96465563",1,2
ULISSES,Santos;Portocel,Azkaban;Hyrule,20000,25000,"29,21455554",1,2
ULISSES,Santos;Portocel,Laputa;Azkaban;Hyrule,20000,25000,"32,91465563",1,2
ULISSES,Santos;Portocel,Gerudo;Elzion,20000,25000,"35,1363877",1,2
ULISSES,Itaqui,Ishgard;Deeptrench,20000,25000,"23,47206415",1,2
ULISSES,Portocel,Johto;Philgaia;Winhill,20000,25000,"25,36206415",1,2
ULISSES,Portocel,Johto;Winhill,20000,25000,"23,06206415",1,2
ULISSES,Portocel,Philgaia;Winhill,20000,25000,"23,23467824",1,2
ULISSES,Portocel,Philgaia;Winhill;Johto,20000,25000,"25,36206415",1,2
ULISSES,Portocel,Winhill,20000,25000,"21,96206415",1,2
ULISSES,Santos;Portocel,Deeptrench;Johto,20000,25000,"23,06206415",1,2
ULISSES,Portocel,Johto;Besaid;Alabasta,20000,25000,"23,51206415",1,2
ULISSES,Portocel,Johto;Philgaia;Paldea,20000,25000,"24,26206415",1,2
ULISSES,Portocel,Philgaia;Johto;Alabasta,20000,25000,"25,26206415",1,2
ULISSES,Portocel,Philgaia;Besaid;Alabasta,20000,25000,"25,26206415",1,2
ULISSES,Santos,Johto;Besaid;Alabasta,20000,25000,"23,51206415",1,2
ULISSES,Santos,Philgaia;Johto;Alabasta,20000,25000,"25,26206415",1,2
ULISSES,Santos,Philgaia;Besaid;Alabasta,20000,25000,"25,26206415",1,2
ULISSES,Santos;Portocel,Johto;Besaid;Alabasta,20000,25000,"24,31206415",1,2
ULISSES,Santos;Portocel,Philgaia;Johto;Alabasta,20000,25000,"26,01206415",1,2
ULISSES,Santos;Portocel,Philgaia;Besaid;Alabasta,20000,25000,"26,01206415",1,2
ULISSES,Portocel,Johto;Paldea,20000,25000,"28,66206415",1,2
ULISSES,Santos,Johto;Paldea,20000,25000,"28,66206415",1,2
ULISSES,Portocel,Alabasta;Besaid;Paldea,20000,25000,"25,06206415",1,2
ULISSES,Portocel,Alabasta,20000,25000,"20,91206415",1,2
ULISSES,Portocel,Alabasta;Noctis,20000,25000,"24,46206415",1,2
ULISSES,Portocel,Alabasta;Paldea,20000,25000,"24,46206415",1,2
ULISSES,Portocel,Besaid;Alabasta,20000,25000,"21,56206415",1,2
ULISSES,Portocel,Besaid;Alabasta;Paldea,20000,25000,"25,06206415",1,2
ULISSES,Portocel,Besaid;Noctis;Alabasta,20000,25000,"25,11206415",1,2
ULISSES,Portocel,Walden;Paldea,20000,25000,"24,46206415",1,2
ULISSES,Santos,Alabasta,20000,25000,"20,91206415",1,2
ULISSES,Santos,Alabasta;Noctis,20000,25000,"24,46206415",1,2
ULISSES,Santos,Besaid;Alabasta,20000,25000,"21,56206415",1,2
ULISSES,Santos,Besaid;Noctis;Alabasta,20000,25000,"25,11206415",1,2
ULISSES,Santos,Paldea,20000,25000,"24,16206415",1,2
ULISSES,Santos;Portocel,Alabasta,20000,25000,"21,71206415",1,2
ULISSES,Santos;Portocel,Alabasta;Noctis,20000,25000,"25,26206415",1,2
ULISSES,Santos;Portocel,Besaid;Alabasta,20000,25000,"22,36206415",1,2
ULISSES,Santos;Portocel,Besaid;Noctis;Alabasta,20000,25000,"25,91206415",1,2
AHAB,Santos;Portocel,Rocabar;Zuldazar;Rlyeh,53000,54500,"63,32228563",2,3
AHAB,Portocel,Rocabar;Midgar;Ivalice,53000,54500,"51,33566326",1,2
AHAB,Santos,Rocabar;Midgar;Ivalice,53000,54500,"52,13479394",1,2
AHAB,Santos,Nassauia;Rlyeh;Bethlehem,53000,54500,"61,62539043",2,3
AHAB,Santos,Tahlenwald;Morrowind;Kandor,53000,54500,"69,10050485",2,3
AHAB,Santos,Tahlenwald;Klunheim;Morrowind;Kandor,53000,54500,"69,57756907",2,3
AHAB,Santos,Lothlorien;Rlyeh;Morrowind;Kandor,53000,54500,"70,01793604",2,3
AHAB,Santos,Lothlorien;Rlyeh;Klunheim;Morrowind;Kandor,53000,54500,"70,49500026",2,3
AHAB,Santos,Lothlorien;Konoha;Klunheim;Morrowind;Kandor,53000,54500,"70,40325714",2,3
AHAB,Santos,Tahlenwald;Promethea;Seireitei,53000,54500,"58,45323932",2,3
AHAB,Portocel,Zuldazar;Lothlorien;Rlyeh,53000,54500,"60,76579875",2,3
AHAB,Santos,Klunheim;Konoha,53000,54500,"59,70719527",2,3
AHAB,Santos,Lothlorien;Konoha,53000,54500,"60,50370297",2,3
AHAB,Santos;Portocel,Zuldazar;Konoha;Rlyeh,53000,54500,"63,45121892",2,3
AHAB,Santos;Portocel,Zuldazar;Lothlorien;Rlyeh,53000,54500,"63,70809966",2,3
AHAB,Itaqui;Portocel,Askr;Konoha;Namek;Seireitei;Ulthar,53000,54500,"66,2276591",2,3
AHAB,Portocel,Askr;Konoha;Namek;Seireitei;Ulthar,53000,54500,"64,07296855",2,3
AHAB,Santos,Askr;Konoha;Namek;Seireitei;Ulthar,53000,54500,"64,92583931",2,3
AHAB,Santos;Portocel,Askr;Konoha;Namek;Seireitei;Ulthar,53000,54500,"67,01526946",2,3
AHAB,Portocel;Santos,Piscara;Termina;Rlyeh,53000,54500,"90,52922521",2,3
AHAB,Itaqui;Portocel;Santos,Piscara;Termina;Tahlenwald,53000,54500,"132,43474",2,3
AHAB,Itaqui;Santos,Piscara;Termina;Tahlenwald,53000,54500,"130,008618",2,3
AHAB,Santos,Kakariko;Tahlenwald,53000,54500,"94,63575035",2,3
AHAB,Itaqui;Santos,Piscara;Termina;Ulthar;Rlyeh;Askr,53000,54500,"106,0547276",2,3
AHAB,Itaqui;Santos,Midgar;Cairhien;Rlyeh;Tahlenwald,53000,54500,"78,4759098",2,3
AHAB,Portocel,Midgar;Cairhien;Askr;Tahlenwald,53000,54500,"74,72892674",2,3
AHAB,Santos,Midgar;Cairhien;Askr;Tahlenwald,53000,54500,"75,5817975",2,3
AHAB,Santos;Itaqui,Midgar;Cairhien;Rlyeh;Tahlenwald,53000,54500,"78,4759098",2,3
AHAB,Santos;Portocel,Midgar;Cairhien;Askr;Tahlenwald,53000,54500,"77,62260379",2,3
AHAB,Santos,Askr;Pausen,53000,54500,"56,7180221",2,3
AHAB,Santos,Zuldazar;Pausen,53000,54500,"56,77149412",2,3
AHAB,Santos,Piscara;Azural,53000,54500,"48,62702554",1,2
AHAB,Itaqui,Besaid;Paldea;Tuxara,53000,54500,"30,48987896",1,2
AHAB,Itaqui,Noctis;Alabasta;Tuxara,53000,54500,"30,01953868",1,2
AHAB,Itaqui,Noctis;Besaid;Paldea;Tuxara,53000,54500,"32,51392916",1,2
AHAB,Itaqui,Paldea;Besaid;Alabasta;Tuxara,53000,54500,"35,54037589",1,2
AHAB,Itaqui,Tuxara;Alabasta;Noctis;Paldea,53000,54500,"34,07728028",1,2
AHAB,Itaqui;Portocel;Santos,Piscara;Termina;Pandora,53000,54500,"52,45055425",1,2
AHAB,Santos,Midgar;Cairhien,53000,54500,"47,02203355",1,2
AHAB,Portocel,Midgar;Mythra,53000,54500,"61,59247655",1,2
AHAB,Santos,Midgar;Mythra,53000,54500,"63,0647901",1,2
AHAB,Portocel,Mythra;Jadehold;Valyria;Resembool;Elysor,53000,54500,"65,63222666",1,2
AHAB,Portocel,Savois;Mondstadt;Resembool;Valyria;Mythra;Jadehold,53000,54500,"69,95004723",1,2
AHAB,Santos,Mythra;Jadehold;Valyria,53000,54500,"56,45258221",1,2
AHAB,Santos,Mythra;Jadehold;Valyria;Resembool;Skellige,53000,54500,"60,80560974",1,2
AHAB,Santos,Mythra;Jadehold;Valyria;Resembool;Elysor,53000,54500,"68,15691748",1,2
AHAB,Santos,Mythra;Jadehold;Valyria;Resembool;Savois,53000,54500,"61,97176672",1,2
AHAB,Santos,Savois;Mondstadt;Resembool;Valyria;Mythra;Jadehold,53000,54500,"72,24221395",1,2
AHAB,Santos;Portocel,Mythra;Jadehold;Valyria;Resembool;Elysor,53000,54500,"69,5871821",1,2
AHAB,Santos;Portocel,Mondstadt;Resembool;Valyria;Mythra,53000,54500,"58,54834769",1,2
AHAB,Santos;Portocel,Savois;Mondstadt;Resembool;Valyria;Mythra;Jadehold,53000,54500,"73,67759077",1,2
AHAB,Portocel,Mondstadt;Skellige;Limoria;Resembool;Valyria;Mythra,53000,54500,"57,58572146",1,2
AHAB,Santos,Mondstadt;Skellige;Limoria;Resembool;Valyria;Mythra,53000,54500,"59,7241881",1,2
AHAB,Santos;Portocel,Mondstadt;Skellige;Limoria;Resembool;Valyria;Mythra,53000,54500,"61,15038957",1,2
AHAB,Santos;Portocel,Mythra;Jadehold;Valyria;Skellige;Limoria,53000,54500,"61,27700044",1,2
AHAB,Santos;Portocel,Mondstadt;Skellige;Valyria;Mythra;Jadehold,53000,54500,"60,73683361",1,2
AHAB,Santos;Portocel,Mondstadt;Skellige;Resembool;Valyria;Mythra,53000,54500,"61,38026452",1,2
AHAB,Santos;Portocel,Mondstadt;Resembool;Valyria;Mythra;Jadehold,53000,54500,"61,05706142",1,2
AHAB,Portocel,Mythra;Jadehold;Valyria;Skellige;Limoria,53000,54500,"57,71233233",1,2
AHAB,Portocel,Mondstadt;Skellige;Valyria;Mythra;Jadehold,53000,54500,"57,1721655",1,2
AHAB,Portocel,Mondstadt;Skellige;Resembool;Valyria;Mythra,53000,54500,"56,49724778",1,2
AHAB,Portocel,Mondstadt;Resembool;Valyria;Mythra;Jadehold,53000,54500,"57,44376946",1,2
AHAB,Santos,Mythra;Jadehold;Valyria;Skellige;Limoria,53000,54500,"59,89942283",1,2
AHAB,Santos,Mondstadt;Skellige;Valyria;Mythra;Jadehold,53000,54500,"59,359256",1,2
AHAB,Santos,Mondstadt;Skellige;Resembool;Valyria;Mythra,53000,54500,"58,68433828",1,2
AHAB,Santos,Mondstadt;Resembool;Valyria;Mythra;Jadehold,53000,54500,"59,63085996",1,2
AHAB,Portocel,Savois;Liones;Skellige;Limoria;Resembool,53000,54500,"49,36329993",1,2
AHAB,Portocel;Santos,Mondstadt;Skellige;Limoria;Resembool;Prontera,53000,54500,"42,27412855",1,2
AHAB,Santos,Savois;Liones;Skellige;Limoria;Resembool,53000,54500,"51,86241803",1,2
AHAB,Santos;Portocel,Mondstadt;Skellige;Limoria;Resembool;Liones,53000,54500,"43,90169066",1,2
AHAB,Santos;Portocel,Mondstadt;Skellige;Limoria;Resembool;Prontera,53000,54500,"42,27412855",1,2
AHAB,Santos;Portocel,Resembool;Skellige;Prontera,53000,54500,"43,40256892",1,2
AHAB,Santos;Portocel,Savois;Liones;Skellige;Limoria;Resembool,53000,54500,"53,2967458",1,2
AHAB,Santos;Portocel,Savois;Liones;Nibelheim;Prontera,53000,54500,"48,6898242",1,2
AHAB,Portocel,Mondstadt;Skellige;Limoria;Resembool,53000,54500,"38,92333614",1,2
AHAB,Santos,Mondstadt;Skellige;Limoria;Resembool,53000,54500,"41,11042664",1,2
AHAB,Santos;Portocel,Mondstadt;Skellige;Limoria;Resembool,53000,54500,"42,5366281",1,2
AHAB,Itaqui,Tartarus;Liones,53000,54500,"31,8051899",1,2
AHAB,Santos;Portocel,Mondstadt;Skellige;Limoria;Resembool;Valyria,53000,54500,"44,24089559",1,2
AHAB,Portocel,Tartarus;Azkaban,53000,54500,"44,75214614",1,2
AHAB,Santos,Tartarus;Azkaban,53000,54500,"38,18321799",1,2
AHAB,Portocel,Laputa;Brakmar;Elzion,53000,54500,"40,6458536",1,2
AHAB,Portocel;Santos,Laputa;Azkaban;Elzion,53000,54500,"42,90287445",1,2
AHAB,Santos,Laputa;Brakmar;Elzion,53000,54500,"43,09094767",1,2
AHAB,Santos;Itaqui,Gerudo;Azkaban,53000,54500,"41,82386607",1,2
AHAB,Santos;Portocel,Laputa;Brakmar;Elzion,53000,54500,"44,466218",1,2
AHAB,Santos;Portocel,Laputa;Azkaban;Elzion;Gerudo;Brakmar,53000,54500,"50,94269678",1,2
AHAB,Santos;Portocel,Azkaban;Gerudo,53000,54500,"38,15882919",1,2
AHAB,Santos;Portocel,Azkaban;Gerudo;Laputa,53000,54500,"45,921661",1,2
AHAB,Portocel,Philgaia;Deeptrench;Johto,53000,54500,"34,70621323",1,2
AHAB,Portocel,Philgaia;Johto,53000,54500,"32,72719853",1,2
AHAB,Portocel,Philgaia;Winhill,53000,54500,"32,76431",1,2
AHAB,Portocel;Itaqui,Philgaia;Winhill;Ishgard;Johto,53000,54500,"43,13813139",1,2
AHAB,Santos,Philgaia;Johto,53000,54500,"34,9206672",1,2
AHAB,Portocel;Itaqui,Tarbean;Alabasta;Besaid,53000,54500,"38,8905184",1,2
AHAB,Itaqui,Tarbean;Alabasta,53000,54500,"30,1168439",1,2
AHAB,Itaqui,Besaid;Walden,53000,54500,"31,16535921",1,2
AHAB,Itaqui,Besaid;Paldea;Alabasta,53000,54500,"30,39403695",1,2
AHAB,Itaqui,Paldea;Besaid;Alabasta,53000,54500,"32,34654468",1,2
AHAB,Portocel,Alabasta;Besaid,53000,54500,"37,50032208",1,2
AHAB,Portocel;Itaqui,Alabasta;Besaid;Paldea,53000,54500,"41,51589815",1,2
AHAB,Santos;Itaqui,Vancross,53000,54500,"51,579199",1,2
SINBAD,Santos;Portocel,Rocabar;Zuldazar;Rlyeh,55000,59000,"44,28744957",2,3
SINBAD,Santos,Nassauia;Konoha;Klunheim,55000,59000,"42,50695752",2,3
SINBAD,Santos,Nassauia;Konoha;Bethlehem,55000,59000,"51,03945838",2,3
SINBAD,Santos,Nassauia;Lothlorien;Rlyeh;Morrowind;Kandor,55000,59000,"49,59072356",2,3
SINBAD,Santos,Tahlenwald;Bethlehem;Kandor;Morrowind,55000,59000,"51,44943145",2,3
SINBAD,Santos,Dirtmouth;Bethlehem,55000,59000,"43,4621277",2,3
SINBAD,Santos,Konoha;Bethlehem;Klunheim;Kandor;Morrowind,55000,59000,"51,78171128",2,3
SINBAD,Santos,Lothlorien;Rlyeh;Bethlehem;Kandor;Morrowind,55000,59000,"51,44567124",2,3
SINBAD,Santos,Lothlorien;Konoha;Bethlehem;Morrowind;Kandor,55000,59000,"51,60567124",2,3
SINBAD,Itaqui;Portocel,Askr;Konoha;Marineford;Ichoris,55000,59000,"48,37248358",2,3
SINBAD,Itaqui,Tahlenwald;Rlyeh,55000,59000,"43,10051308",2,3
SINBAD,Portocel;Itaqui,Tahlenwald;Rlyeh,55000,59000,"45,43532487",2,3
SINBAD,Santos,Marineford;Konoha,55000,59000,"42,69220605",2,3
SINBAD,Santos;Itaqui,Tahlenwald;Rlyeh,55000,59000,"46,28859921",2,3
SINBAD,Itaqui,Tahlenwald;Marineford,55000,59000,"43,95597612",2,3
SINBAD,Itaqui,Zuldazar;Marineford,55000,59000,"44,10566307",2,3
SINBAD,Portocel;Itaqui,Tahlenwald;Marineford,55000,59000,"46,30018963",2,3
SINBAD,Santos;Itaqui,Tahlenwald;Marineford,55000,59000,"47,14223186",2,3
SINBAD,Itaqui,Tahlenwald;Seireitei,55000,59000,"43,78679831",2,3
SINBAD,Portocel;Itaqui,Tahlenwald;Seireitei,55000,59000,"46,13101182",2,3
SINBAD,Santos;Itaqui,Tahlenwald;Seireitei,55000,59000,"46,98245576",2,3
SINBAD,Itaqui,Askr;Zuldazar,55000,59000,"40,82730477",2,3
SINBAD,Itaqui,Zuldazar,55000,59000,"39,21423019",2,3
SINBAD,Portocel;Itaqui,Askr;Zuldazar,55000,59000,"43,16211657",2,3
SINBAD,Portocel;Itaqui,Zuldazar,55000,59000,"41,5584437",2,3
SINBAD,Santos,Zuldazar;Nassauia,55000,59000,"38,03836661",2,3
SINBAD,Santos;Itaqui,Askr;Zuldazar,55000,59000,"44,01539091",2,3
SINBAD,Santos;Itaqui,Zuldazar,55000,59000,"42,41171804",2,3
SINBAD,Portocel,Tahlenwald;Namek;Seireitei;Ulthar,55000,59000,"43,21219868",2,3
SINBAD,Santos,Tahlenwald;Namek;Seireitei;Ulthar,55000,59000,"44,1256872",2,3
SINBAD,Santos;Portocel,Tahlenwald;Namek;Seireitei;Ulthar,55000,59000,"45,78542006",2,3
SINBAD,Itaqui,Askr;Rlyeh,55000,59000,"42,28202506",2,3
SINBAD,Itaqui,Askr;Konoha;Ichoris,55000,59000,"43,81431599",2,3
SINBAD,Itaqui,Askr;Marineford;Seireitei;Ulthar,55000,59000,"45,86376999",2,3
SINBAD,Itaqui,Zuldazar;Rlyeh,55000,59000,"42,64255799",2,3
SINBAD,Itaqui;Portocel,Askr;Konoha;Ichoris,55000,59000,"46,2285295",2,3
SINBAD,Itaqui;Portocel,Askr;Marineford;Seireitei;Ulthar,55000,59000,"48,27798349",2,3
SINBAD,Itaqui;Santos,Askr;Konoha;Ichoris,55000,59000,"46,97240213",2,3
SINBAD,Portocel,Askr;Konoha;Ichoris,55000,59000,"41,19311238",2,3
SINBAD,Portocel,Askr;Konoha;Namek;Seireitei;Ulthar,55000,59000,"43,67432974",2,3
SINBAD,Portocel,Askr;Marineford;Seireitei;Ulthar,55000,59000,"43,25171837",2,3
SINBAD,Portocel,Zuldazar;Rlyeh,55000,59000,"39,61916098",2,3
SINBAD,Portocel,Zuldazar;Askr;Tchurion;Konoha,55000,59000,"41,36254224",2,3
SINBAD,Portocel;Itaqui,Askr;Rlyeh,55000,59000,"44,62623857",2,3
SINBAD,Portocel;Itaqui,Zuldazar;Rlyeh,55000,59000,"44,9867715",2,3
SINBAD,Santos,Askr;Konoha;Ichoris,55000,59000,"42,09719918",2,3
SINBAD,Santos,Askr;Konoha;Namek;Seireitei;Ulthar,55000,59000,"44,58598785",2,3
SINBAD,Santos,Askr;Marineford;Seireitei;Ulthar,55000,59000,"44,15580518",2,3
SINBAD,Santos,Zuldazar;Askr;Tchurion;Konoha,55000,59000,"42,27420036",2,3
SINBAD,Santos;Itaqui,Askr;Rlyeh,55000,59000,"45,4701112",2,3
SINBAD,Santos;Itaqui,Zuldazar;Rlyeh,55000,59000,"45,82881373",2,3
SINBAD,Santos;Portocel,Askr;Konoha;Ichoris,55000,59000,"43,75693205",2,3
SINBAD,Santos;Portocel,Askr;Konoha;Namek;Seireitei;Ulthar,55000,59000,"46,24755112",2,3
SINBAD,Santos;Portocel,Askr;Marineford;Seireitei;Ulthar,55000,59000,"45,37249397",2,3
SINBAD,Santos;Portocel,Zuldazar;Askr;Tchurion;Konoha,55000,59000,"43,9151298",2,3
SINBAD,Portocel,Nassauia;Rlyeh,55000,59000,"39,4847953",2,3
SINBAD,Portocel,Nassauia;Konoha,55000,59000,"39,6179654",2,3
SINBAD,Santos,Tahlenwald;Konoha,55000,59000,"41,38702255",2,3
SINBAD,Santos;Portocel,Tahlenwald;Konoha;Namek,55000,59000,"44,81361648",2,3
SINBAD,Santos;Portocel,Zuldazar;Nassauia,55000,59000,"39,51087005",2,3
SINBAD,Itaqui;Portocel;Santos,Piscara;Termina;Tahlenwald,55000,59000,"99,92690978",2,3
SINBAD,Itaqui;Santos,Piscara;Termina;Tahlenwald,55000,59000,"97,66511618",2,3
SINBAD,Itaqui,Tahlenwald;Greywatch;Huern;Kakariko,55000,59000,"37,3417094",2,3
SINBAD,Itaqui;Portocel,Tahlenwald;Greywatch;Huern;Kakariko,55000,59000,"39,19316239",2,3
SINBAD,Itaqui;Portocel;Santos,Tahlenwald;Greywatch;Huern;Kakariko,55000,59000,"40,87042735",2,3
SINBAD,Itaqui;Santos,Tahlenwald;Greywatch;Huern;Kakariko,55000,59000,"39,43948718",2,3
SINBAD,Santos,Tahlenwald;Greywatch;Huern;Kakariko,55000,59000,"64,70949619",2,3
SINBAD,Santos;Portocel,Tahlenwald;Greywatch;Huern;Kakariko,55000,59000,"66,47700066",2,3
SINBAD,Itaqui,Tahlenwald;Greywatch;Huern;Termina;Kakariko,55000,59000,"37,63128205",2,3
SINBAD,Itaqui;Portocel,Tahlenwald;Greywatch;Huern;Termina;Kakariko,55000,59000,"39,47991453",2,3
SINBAD,Itaqui;Portocel;Santos,Tahlenwald;Greywatch;Huern;Termina;Kakariko,55000,59000,"41,16",2,3
SINBAD,Itaqui;Santos,Tahlenwald;Greywatch;Huern;Termina;Kakariko,55000,59000,"39,72905983",2,3
SINBAD,Portocel,Tahlenwald;Greywatch;Huern;Termina;Kakariko,55000,59000,"31,81222222",2,3
SINBAD,Portocel,Tahlenwald;Greywatch;Huern;Kakariko,55000,59000,"31,51888889",2,3
SINBAD,Santos,Tahlenwald;Greywatch;Huern;Termina;Kakariko,55000,59000,"65,17695319",2,3
SINBAD,Santos;Portocel,Tahlenwald;Greywatch;Huern;Termina;Kakariko,55000,59000,"66,9402195",2,3
SINBAD,Itaqui,Midgar;Tahlenwald;Konoha,55000,59000,"50,5091192",2,3
SINBAD,Itaqui;Santos,Midgar;Cairhien;Ivalice;Rlyeh,55000,59000,"75,26357936",2,3
SINBAD,Portocel,Midgar;Ivalice;Rlyeh,55000,59000,"47,59371548",2,3
SINBAD,Portocel,Midgar;Askr;Zuldazar,55000,59000,"65,55663419",2,3
SINBAD,Santos,Midgar;Ivalice;Rlyeh,55000,59000,"48,5053736",2,3
SINBAD,Santos,Midgar;Ivalice;Morrowind,55000,59000,"39,37765971",2,3
SINBAD,Santos,Midgar;Askr;Zuldazar,55000,59000,"66,42752408",2,3
SINBAD,Santos;Portocel,Midgar;Ivalice;Rlyeh,55000,59000,"50,14630305",2,3
SINBAD,Santos;Portocel,Midgar;Askr;Zuldazar,55000,59000,"67,9860007",2,3
SINBAD,Santos,Klunheim;Zuldazar;Pausen,55000,59000,"47,31052999",2,3
SINBAD,Itaqui,Noctis;Alabasta;Paldea;Tuxara,55000,59000,"26,42299655",1,2
SINBAD,Itaqui,Kakariko;Termina;Huern;Greywatch,55000,59000,"45,414375",1,2
SINBAD,Itaqui,Kakariko;Huern;Greywatch,55000,59000,"45,221875",1,2
SINBAD,Itaqui;Portocel,Kakariko;Huern;Greywatch,55000,59000,"47,05",1,2
SINBAD,Itaqui;Portocel;Santos,Kakariko;Termina;Huern;Greywatch,55000,59000,"48,775625",1,2
SINBAD,Itaqui;Portocel;Santos,Kakariko;Huern;Greywatch,55000,59000,"48,583125",1,2
SINBAD,Itaqui;Portocel;Santos,Piscara;Termina;Pandora,55000,59000,"43,035625",1,2
SINBAD,Itaqui;Santos,Kakariko;Termina;Huern;Greywatch,55000,59000,"46,963375",1,2
SINBAD,Itaqui;Santos,Kakariko;Termina;Greywatch,55000,59000,"41,53",1,2
SINBAD,Itaqui;Santos,Kakariko;Huern;Greywatch,55000,59000,"46,76675",1,2
SINBAD,Portocel,Kakariko;Termina;Huern;Greywatch,55000,59000,"37,843",1,2
SINBAD,Portocel,Kakariko;Huern;Greywatch,55000,59000,"37,6505",1,2
SINBAD,Portocel;Itaqui,Kakariko;Termina;Huern;Greywatch,55000,59000,"47,162875",1,2
SINBAD,Portocel;Santos,Kakariko;Termina;Huern;Greywatch,55000,59000,"75,49994175",1,2
SINBAD,Portocel;Santos,Kakariko;Huern;Greywatch,55000,59000,"75,10127194",1,2
SINBAD,Santos,Kakariko;Termina;Huern;Greywatch,55000,59000,"71,35259814",1,2
SINBAD,Santos,Kakariko;Huern;Greywatch,55000,59000,"70,95400238",1,2
SINBAD,Portocel,Valyria;Mythra;Jadehold;Resembool;Mondstadt;Elysor,55000,59000,"59,50746456",1,2
SINBAD,Portocel,Mondstadt;Skellige;Limoria;Resembool;Valyria;Mythra;Jadehold,55000,59000,"50,11357873",1,2
SINBAD,Portocel,Resembool;Mythra;Jadehold;Valyria;Elysor;Savois,55000,59000,"59,27141962",1,2
SINBAD,Portocel,Savois;Valyria;Mythra;Jadehold;Resembool;Elysor,55000,59000,"57,9545264",1,2
SINBAD,Portocel,Savois;Skellige;Limoria;Resembool;Valyria;Mythra;Jadehold,55000,59000,"58,69917484",1,2
SINBAD,Portocel;Santos,Savois;Skellige;Limoria;Resembool;Valyria;Mythra;Jadehold,55000,59000,"61,80234305",1,2
SINBAD,Santos,Valyria;Mythra;Jadehold;Resembool;Mondstadt;Elysor,55000,59000,"61,19666362",1,2
SINBAD,Santos,Mythra;Jadehold;Savois,55000,59000,"47,42566051",1,2
SINBAD,Santos,Mondstadt;Skellige;Limoria;Resembool;Valyria;Mythra;Jadehold,55000,59000,"51,61237922",1,2
SINBAD,Santos,Resembool;Valyria;Jadehold,55000,59000,"49,7368889",1,2
SINBAD,Santos,Resembool;Mythra;Jadehold,55000,59000,"49,7368889",1,2
SINBAD,Santos,Resembool;Mythra;Jadehold;Valyria,55000,59000,"55,76579202",1,2
SINBAD,Santos,Resembool;Mythra;Jadehold;Valyria;Elysor;Savois,55000,59000,"60,75637458",1,2
SINBAD,Santos,Resembool;Mythra;Jadehold;Valyria;Savois,55000,59000,"57,20758779",1,2
SINBAD,Santos,Savois;Valyria;Mythra;Jadehold;Resembool;Elysor,55000,59000,"59,47748451",1,2
SINBAD,Santos,Savois;Skellige;Limoria;Resembool;Valyria;Mythra;Jadehold,55000,59000,"60,39636951",1,2
SINBAD,Santos;Portocel,Valyria;Mythra;Jadehold;Resembool;Mondstadt;Elysor,55000,59000,"62,51889629",1,2
SINBAD,Santos;Portocel,Mondstadt;Skellige;Limoria;Resembool;Valyria;Mythra;Jadehold,55000,59000,"52,94645837",1,2
SINBAD,Santos;Portocel,Resembool;Mythra;Jadehold;Valyria;Elysor;Savois,55000,59000,"62,06087061",1,2
SINBAD,Santos;Portocel,Savois;Valyria;Mythra;Jadehold;Resembool;Elysor,55000,59000,"60,8371714",1,2
SINBAD,Santos;Portocel,Savois;Skellige;Limoria;Resembool;Valyria;Mythra;Jadehold,55000,59000,"62,12559167",1,2
SINBAD,Portocel,Mondstadt;Skellige;Resembool;Valyria;Mythra,55000,59000,"47,0001413",1,2
SINBAD,Santos;Portocel,Mondstadt;Resembool;Valyria;Mythra,55000,59000,"49,86102523",1,2
SINBAD,Santos;Portocel,Mondstadt;Resembool;Valyria;Mythra;Jadehold,55000,59000,"51,90685678",1,2
SINBAD,Portocel,Mondstadt;Skellige;Limoria;Resembool;Valyria;Mythra,55000,59000,"47,44164402",1,2
SINBAD,Santos,Mondstadt;Skellige;Limoria;Resembool;Valyria;Mythra,55000,59000,"48,93112248",1,2
SINBAD,Santos;Portocel,Mondstadt;Skellige;Limoria;Resembool;Valyria;Mythra,55000,59000,"50,27452366",1,2
SINBAD,Portocel;Santos,Savois;Skellige;Resembool,55000,59000,"38,29690347",1,2
SINBAD,Portocel;Santos,Savois;Liones;Nibelheim;Prontera,55000,59000,"34,75181736",1,2
SINBAD,Santos,Mythra;Jadehold,55000,59000,"55,32642273",1,2
SINBAD,Santos;Portocel,Savois;Liones;Nibelheim;Prontera,55000,59000,"35,07506598",1,2
SINBAD,Santos;Portocel,Tartarus;Savois;Liones;Nibelheim,55000,59000,"35,91246832",1,2
SINBAD,Santos;Portocel,Tartarus;Savois;Liones;Nibelheim;Prontera,55000,59000,"36,37800221",1,2
SINBAD,Portocel,Mondstadt;Skellige;Limoria;Resembool,55000,59000,"28,43464734",1,2
SINBAD,Santos,Mondstadt;Skellige;Limoria;Resembool,55000,59000,"29,9241258",1,2
SINBAD,Santos;Portocel,Mondstadt;Skellige;Limoria;Resembool,55000,59000,"31,26752698",1,2
SINBAD,Santos;Portocel,Mondstadt;Skellige;Limoria;Resembool;Valyria,55000,59000,"35,11466735",1,2
SINBAD,Portocel,Laputa;Azkaban,55000,59000,"28,153019",1,2
SINBAD,Portocel;Santos,Laputa;Azkaban;Hyrule;Elzion,55000,59000,"32,99591751",1,2
SINBAD,Itaqui,Azkaban;Laputa,55000,59000,"22,75020734",1,2
SINBAD,Itaqui,Laputa;Azkaban,55000,59000,"22,77135963",1,2
SINBAD,Itaqui,Azkaban,55000,59000,"20,5399834",1,2
SINBAD,Portocel;Itaqui,Azkaban,55000,59000,"25,69178982",1,2
SINBAD,Santos;Itaqui,Azkaban,55000,59000,"26,99221748",1,2
SINBAD,Itaqui,Azkaban;Gerudo,55000,59000,"24,22576941",1,2
SINBAD,Portocel;Itaqui,Azkaban;Gerudo,55000,59000,"29,448197",1,2
SINBAD,Santos;Itaqui,Azkaban;Gerudo,55000,59000,"30,68245368",1,2
SINBAD,Itaqui,Philgaia;Johto,55000,59000,"20,33470535",1,2
SINBAD,Portocel;Itaqui,Philgaia;Johto,55000,59000,"26,52182768",1,2
SINBAD,Itaqui,Besaid;Johto,55000,59000,"21,89833476",1,2
SINBAD,Portocel,Alabasta;Besaid,55000,59000,"26,19917423",1,2
SINBAD,Itaqui,Tarbean,55000,59000,"19,19479027",1,2
SINBAD,Itaqui,Tarbean;Paldea,55000,59000,"20,77955761",1,2
SINBAD,Itaqui,Alabasta,55000,59000,"18,50757105",1,2
SINBAD,Itaqui,Alabasta;Solstheim,55000,59000,"23,66135638",1,2
SINBAD,Itaqui,Walden;Besaid,55000,59000,"20,567755",1,2
SINBAD,Portocel,Alabasta;Besaid,55000,59000,"26,84917423",1,2
SINBAD,Portocel;Itaqui,Alabasta;Besaid,55000,59000,"27,85720658",1,2
AMERICO,Portocel,Elzion,41000,47000,"45,93138393",1,2
AMERICO,Itaqui,Johto;Deeptrench,41000,47500,"23,57814079",1,2
AMERICO,Itaqui,Johto;Deeptrench,47501,52000,"22,60336788",1,2
AMERICO,Itaqui,Johto;Deeptrench,52001,56000,"22,28588037",1,2
AMERICO,Itaqui,Johto;Deeptrench;Philgaia,41000,47500,"26,39370795",1,2
AMERICO,Itaqui,Johto;Deeptrench;Philgaia,47501,52000,"25,50306865",1,2
AMERICO,Itaqui,Johto;Deeptrench;Philgaia,52001,56000,"24,96560251",1,2
AMERICO,Itaqui,Johto;Deeptrench;Philgaia;Ishgard,41000,47500,"30,19791848",1,2
AMERICO,Itaqui,Johto;Deeptrench;Philgaia;Ishgard,47501,52000,"30,33153019",1,2
AMERICO,Itaqui,Johto;Deeptrench;Philgaia;Ishgard,52001,56000,"29,35417394",1,2
AMERICO,Itaqui,Johto;Deeptrench;Ishgard,41000,47500,"27,75235132",1,2
AMERICO,Itaqui,Johto;Deeptrench;Ishgard,47501,52000,"28,05182942",1,2
AMERICO,Itaqui,Johto;Deeptrench;Ishgard,52001,56000,"27,2144518",1,2
AMERICO,Itaqui,Johto;Deeptrench;Winhill,41000,47500,"27,02746248",1,2
AMERICO,Itaqui,Johto;Deeptrench;Winhill,47501,52000,"26,06159442",1,2
AMERICO,Itaqui,Johto;Deeptrench;Winhill,52001,56000,"25,48494787",1,2
AMERICO,Itaqui,Johto;Deeptrench;Winhill;Ishgard,41000,47500,"30,821673",1,2
AMERICO,Itaqui,Johto;Deeptrench;Winhill;Ishgard,47501,52000,"30,89005596",1,2
AMERICO,Itaqui,Johto;Deeptrench;Winhill;Ishgard,52001,56000,"29,8735193",1,2
AMERICO,Itaqui,Johto;Winhill;Philgaia;Ishgard,41000,47500,"30,40355595",1,2
AMERICO,Itaqui,Johto;Winhill;Philgaia;Ishgard,47501,52000,"29,24360288",1,2
AMERICO,Itaqui,Johto;Winhill;Ishgard,41000,47500,"28,23798879",1,2
AMERICO,Itaqui,Johto;Winhill;Ishgard,47501,52000,"26,99390211",1,2
AMERICO,Itaqui,Ishgard;Deeptrench;Winhill,41000,47000,"28,16979141",1,2
AMERICO,Itaqui,Altissia;Besaid,41000,41400,"27,96685019",1,2
AMERICO,Itaqui,Tarbean;Alabasta;Besaid;Paldea,41000,47500,"34,52337666",1,2
AMERICO,Itaqui,Alabasta;Tarbean;Valisthea,52001,56000,"29,61176255",1,2
AMERICO,Itaqui,Alabasta;Besaid,41000,47500,"26,64537666",1,2
AMERICO,Itaqui,Alabasta;Besaid,47501,52000,"25,43941346",1,2
AMERICO,Itaqui,Alabasta;Besaid,52001,56000,"24,30793327",1,2
AMERICO,Itaqui,Alabasta;Besaid;Paldea,41000,47500,"29,55600824",1,2
AMERICO,Itaqui,Alabasta;Besaid;Paldea,47501,52000,"28,24652884",1,2
AMERICO,Itaqui,Alabasta;Besaid;Paldea,52001,56000,"26,80668327",1,2
AMERICO,Itaqui,Alabasta;Paldea,41000,47500,"27,49736487",1,2
AMERICO,Itaqui,Alabasta;Paldea,47501,52000,"26,32603731",1,2
AMERICO,Itaqui,Alabasta;Paldea,52001,56000,"25,04051255",1,2
AMERICO,Itaqui,Ironfall;Alabasta,41000,47500,"26,94498466",1,2
AMERICO,Itaqui,Ironfall;Alabasta,47501,52000,"25,82069",1,2
AMERICO,Itaqui,Ironfall;Alabasta;Besaid,41000,47500,"29,90362803",1,2
AMERICO,Itaqui,Ironfall;Alabasta;Besaid,47501,52000,"28,56118154",1,2
AMERICO,Itaqui,Ironfall;Alabasta;Besaid,52001,56000,"27,12171791",1,2
AMERICO,Itaqui,Ironfall;Alabasta;Besaid;Paldea,41000,47500,"31,96425961",1,2
AMERICO,Itaqui,Ironfall;Alabasta;Besaid;Paldea,47501,52000,"30,48829692",1,2
AMERICO,Itaqui,Ironfall;Alabasta;Paldea,41000,47500,"29,97661624",1,2
AMERICO,Itaqui,Ironfall;Alabasta;Paldea,47501,52000,"28,66780538",1,2
AMERICO,Itaqui,Ironfall;Alabasta;Paldea,52001,56000,"27,1942972",1,2
AMERICO,Itaqui,Ironfall;Besaid,41000,47500,"26,25907835",1,2
AMERICO,Itaqui,Ironfall;Besaid,47501,52000,"25,23500634",1,2
AMERICO,Itaqui,Ironfall;Besaid;Paldea,41000,47500,"29,42970992",1,2
AMERICO,Itaqui,Ironfall;Besaid;Paldea,47501,52000,"28,18212173",1,2
AMERICO,Itaqui,Ironfall;Besaid;Paldea,52001,56000,"26,72401952",1,2
AMERICO,Itaqui,Ironfall;Paldea,41000,47500,"25,07106656",1,2
AMERICO,Itaqui,Ironfall;Paldea,47501,52000,"24,01163019",1,2
AMERICO,Itaqui,Besaid;Paldea,52001,56000,"25,79023487",1,2